1/3/2005,326.38,38355,1
1/4/2005,328.62,38356,2
1/5/2005,317.94,38357,3
1/6/2005,310.61,38358,4
1/7/2005,315.26,38359,5
1/10/2005,306.65,38362,8
1/11/2005,308.28,38363,9
1/12/2005,303.31,38364,10
1/13/2005,311.18,38365,11
1/14/2005,308.63,38366,12
1/17/2005,309.46,38369,15
1/18/2005,308.5,38370,16
1/19/2005,309.02,38371,17
1/20/2005,304.28,38372,18
1/25/2005,301.95,38377,23
1/27/2005,296.63,38379,25
1/28/2005,305.9,38380,26
1/31/2005,317.2,38383,29
2/1/2005,317.99,38384,30
2/2/2005,321.72,38385,31
2/3/2005,324.89,38386,32
2/4/2005,321.42,38387,33
2/7/2005,317.37,38390,36
2/8/2005,318.87,38391,37
2/9/2005,322.07,38392,38
2/10/2005,329.33,38393,39
2/11/2005,329.5,38394,40
2/14/2005,334.69,38397,43
2/15/2005,336.75,38398,44
2/16/2005,330.12,38399,45
2/17/2005,330.56,38400,46
2/18/2005,335.52,38401,47
2/21/2005,330.86,38404,50
2/22/2005,329.28,38405,51
2/23/2005,328.49,38406,52
2/24/2005,324.67,38407,53
2/25/2005,323.13,38408,54
2/28/2005,334.77,38411,57
3/1/2005,327.17,38412,58
3/2/2005,342.33,38413,59
3/3/2005,348.93,38414,60
3/4/2005,349.54,38415,61
3/7/2005,350.95,38418,64
3/8/2005,350.64,38419,65
3/9/2005,343.21,38420,66
3/11/2005,343.21,38422,68
3/14/2005,337.68,38425,71
3/15/2005,336.27,38426,72
3/16/2005,352.4,38427,73
3/18/2005,363.03,38429,75
3/21/2005,358.99,38432,78
3/22/2005,347.39,38433,79
3/23/2005,342.99,38434,80
3/24/2005,343.08,38435,81
3/28/2005,349.67,38439,85
3/29/2005,342.64,38440,86
3/30/2005,336.62,38441,87
3/31/2005,345.23,38442,88
4/1/2005,356.88,38443,89
4/4/2005,367.69,38446,92
4/5/2005,373.93,38447,93
4/6/2005,373.75,38448,94
4/7/2005,359.21,38449,95
4/8/2005,355.03,38450,96
4/12/2005,358.94,38454,100
4/13/2005,362.11,38455,101
4/15/2005,354.29,38457,103
4/18/2005,339.96,38460,106
4/19/2005,337.32,38461,107
4/20/2005,332.49,38462,108
4/21/2005,337.02,38463,109
4/22/2005,348.44,38464,110
4/25/2005,358.68,38467,113
4/26/2005,355.69,38468,114
4/27/2005,337.41,38469,115
4/28/2005,333.24,38470,116
4/29/2005,316.36,38471,117
5/2/2005,316.71,38474,120
5/3/2005,318.56,38475,121
5/4/2005,322.82,38476,122
5/5/2005,331.08,38477,123
5/6/2005,331.96,38478,124
5/9/2005,336.01,38481,127
5/10/2005,344.57,38482,128
5/11/2005,345.59,38483,129
5/12/2005,344.27,38484,130
5/13/2005,344.71,38485,131
5/16/2005,349.89,38488,134
5/17/2005,348.49,38489,135
5/19/2005,346.03,38491,137
5/20/2005,349.32,38492,138
5/23/2005,353.8,38495,141
5/24/2005,350.95,38496,142
5/25/2005,349.28,38497,143
5/26/2005,351.56,38498,144
5/30/2005,342.51,38502,148
5/31/2005,344.57,38503,149
6/1/2005,351.03,38504,150
6/2/2005,344.66,38505,151
6/6/2005,346.03,38509,155
6/7/2005,356.26,38510,156
6/8/2005,368.79,38511,157
6/9/2005,363.56,38512,158
6/10/2005,359.12,38513,159
6/14/2005,381.4,38517,163
6/15/2005,380.96,38518,164
6/16/2005,366.55,38519,165
6/17/2005,365.62,38520,166
6/20/2005,356.09,38523,169
6/21/2005,367.56,38524,170
6/22/2005,369.76,38525,171
6/23/2005,367.73,38526,172
6/24/2005,367.69,38527,173
6/27/2005,367.16,38530,176
6/28/2005,367.25,38531,177
6/29/2005,366.46,38532,178
6/30/2005,374.19,38533,179
7/4/2005,377.27,38537,183
7/5/2005,379.73,38538,184
7/6/2005,379.64,38539,185
7/7/2005,370.9,38540,186
7/8/2005,372.88,38541,187
7/11/2005,397.57,38544,190
7/13/2005,407.64,38546,192
7/14/2005,391.99,38547,193
7/15/2005,387.86,38548,194
7/18/2005,389.93,38551,197
7/19/2005,387.33,38552,198
7/20/2005,387.25,38553,199
7/21/2005,385.66,38554,200
7/22/2005,399.73,38555,201
7/25/2005,433.65,38558,204
7/26/2005,447.58,38559,205
7/27/2005,464.24,38560,206
7/29/2005,469.73,38562,208
8/1/2005,473.2,38565,211
8/2/2005,457.38,38566,212
8/3/2005,459.36,38567,213
8/4/2005,451.14,38568,214
8/5/2005,439.58,38569,215
8/8/2005,420.2,38572,218
8/9/2005,424.16,38573,219
8/10/2005,434.22,38574,220
8/11/2005,445.56,38575,221
8/12/2005,450.66,38576,222
8/16/2005,443.63,38580,226
8/17/2005,442.88,38581,227
8/18/2005,446.13,38582,228
8/19/2005,437.87,38583,229
8/22/2005,432.03,38586,232
8/24/2005,429.13,38588,234
8/25/2005,425.83,38589,235
8/26/2005,423.28,38590,236
8/29/2005,411.28,38593,239
8/30/2005,419.33,38594,240
8/31/2005,423.46,38595,241
9/1/2005,425.26,38596,242
9/2/2005,423.19,38597,243
9/5/2005,425.83,38600,246
9/6/2005,428.91,38601,247
9/8/2005,444.07,38603,249
9/9/2005,451.36,38604,250
9/12/2005,453.91,38607,253
9/13/2005,455.71,38608,254
9/14/2005,463.4,38609,255
9/15/2005,468.59,38610,256
9/16/2005,480.01,38611,257
9/19/2005,488.14,38614,260
9/20/2005,511.79,38615,261
9/22/2005,503.74,38617,263
9/23/2005,504.97,38618,264
9/26/2005,506.12,38621,267
9/27/2005,518.86,38622,268
9/28/2005,526.82,38623,269
9/29/2005,526.42,38624,270
9/30/2005,528.84,38625,271
10/3/2005,521.54,38628,274
10/4/2005,518.86,38629,275
10/5/2005,494.03,38630,276
10/6/2005,469.77,38631,277
10/7/2005,465.78,38632,278
10/10/2005,467.05,38635,281
10/11/2005,473.33,38636,282
10/13/2005,462,38638,284
10/14/2005,444.95,38639,285
10/17/2005,439.76,38642,288
10/18/2005,436.51,38643,289
10/19/2005,437.34,38644,290
10/20/2005,436.73,38645,291
10/21/2005,445.21,38646,292
10/24/2005,437.34,38649,295
10/25/2005,442.92,38650,296
10/26/2005,448.94,38651,297
10/27/2005,421.79,38652,298
10/28/2005,426.71,38653,299
10/31/2005,438.22,38656,302
11/2/2005,438.97,38658,304
11/7/2005,439.06,38663,309
11/8/2005,443.58,38664,310
11/9/2005,444.29,38665,311
11/10/2005,442.66,38666,312
11/11/2005,452.72,38667,313
11/14/2005,463.1,38670,316
11/16/2005,468.54,38672,318
11/17/2005,479.35,38673,319
11/18/2005,473.42,38674,320
11/21/2005,459.14,38677,323
11/22/2005,456.99,38678,324
11/23/2005,463.97,38679,325
11/24/2005,473.6,38680,326
11/25/2005,478.74,38681,327
11/28/2005,473.73,38684,330
11/29/2005,471.88,38685,331
11/30/2005,472.89,38686,332
12/1/2005,475.09,38687,333
12/2/2005,478.3,38688,334
12/5/2005,468.24,38691,337
12/6/2005,465.73,38692,338
12/7/2005,476.76,38693,339
12/8/2005,474.78,38694,340
12/9/2005,482.78,38695,341
12/12/2005,493.64,38698,344
12/13/2005,494.3,38699,345
12/14/2005,502.38,38700,346
12/15/2005,494.34,38701,347
12/16/2005,515.52,38702,348
12/19/2005,514.03,38705,351
12/20/2005,505.41,38706,352
12/21/2005,505.46,38707,353
12/22/2005,504.1,38708,354
12/23/2005,510.69,38709,355
12/26/2005,491.79,38712,358
12/27/2005,508.18,38713,359
12/28/2005,506.64,38714,360
12/29/2005,504.36,38715,361
12/30/2005,514.2,38716,362
1/2/2006,524.71,38719,365
1/3/2006,533.06,38720,366
1/4/2006,539.38,38721,367
1/5/2006,531.34,38722,368
1/6/2006,527.47,38723,369
1/9/2006,519.61,38726,372
1/10/2006,514.38,38727,373
1/12/2006,507.83,38729,375
1/13/2006,513.28,38730,376
1/16/2006,503.88,38733,379
1/18/2006,491.44,38735,381
1/19/2006,500.58,38736,382
1/23/2006,501.59,38740,386
1/24/2006,503.7,38741,387
1/25/2006,524.75,38742,388
1/27/2006,544.53,38744,390
1/30/2006,540.22,38747,393
1/31/2006,535.47,38748,394
2/1/2006,518.73,38749,395
2/2/2006,509.72,38750,396
2/3/2006,501.81,38751,397
2/6/2006,534.59,38754,400
2/7/2006,552.61,38755,401
2/8/2006,544.13,38756,402
2/10/2006,530.68,38758,404
2/13/2006,535.69,38761,407
2/14/2006,524.27,38762,408
2/15/2006,525.85,38763,409
2/16/2006,525.41,38764,410
2/17/2006,515.83,38765,411
2/20/2006,520.09,38768,414
2/22/2006,522.33,38770,416
2/23/2006,517.15,38771,417
2/24/2006,521.89,38772,418
2/27/2006,524.35,38775,421
2/28/2006,540.75,38776,422
3/1/2006,541.89,38777,423
3/2/2006,545.27,38778,424
3/3/2006,537.71,38779,425
3/6/2006,539.08,38782,428
3/7/2006,528.13,38783,429
3/8/2006,519.92,38784,430
3/9/2006,528.88,38785,431
3/10/2006,539.96,38786,432
3/13/2006,531.91,38789,435
3/14/2006,533.41,38790,436
3/16/2006,536.84,38792,438
3/17/2006,532.75,38793,439
3/20/2006,532.84,38796,442
3/21/2006,525.76,38797,443
3/22/2006,520.97,38798,444
3/23/2006,520.75,38799,445
3/24/2006,526.16,38800,446
3/27/2006,526.42,38803,449
3/28/2006,520.84,38804,450
3/30/2006,517.41,38806,452
3/31/2006,517.72,38807,453
4/3/2006,530.86,38810,456
4/4/2006,539.43,38811,457
4/5/2006,546.59,38812,458
4/7/2006,527.08,38814,460
4/10/2006,525.1,38817,463
4/13/2006,495.13,38820,466
4/17/2006,510.38,38824,470
4/18/2006,515.48,38825,471
4/19/2006,516.84,38826,472
4/20/2006,517.37,38827,473
4/21/2006,519.96,38828,474
4/24/2006,500.14,38831,477
4/25/2006,492.01,38832,478
4/26/2006,498.78,38833,479
4/27/2006,497.59,38834,480
5/2/2006,546.64,38839,485
5/3/2006,570.5,38840,486
5/4/2006,579.99,38841,487
5/5/2006,560.92,38842,488
5/8/2006,557.71,38845,491
5/9/2006,561.75,38846,492
5/10/2006,580.74,38847,493
5/11/2006,582.32,38848,494
5/12/2006,559.03,38849,495
5/15/2006,544.31,38852,498
5/16/2006,543.69,38853,499
5/17/2006,550.24,38854,500
5/18/2006,521.85,38855,501
5/19/2006,488.19,38856,502
5/22/2006,486.17,38859,505
5/23/2006,507.44,38860,506
5/24/2006,500.01,38861,507
5/25/2006,491.26,38862,508
5/26/2006,495.48,38863,509
5/29/2006,500.36,38866,512
5/30/2006,500.89,38867,513
6/1/2006,469.6,38869,515
6/2/2006,485.11,38870,516
6/5/2006,472.94,38873,519
6/6/2006,476.98,38874,520
6/7/2006,468.68,38875,521
6/8/2006,438.44,38876,522
6/9/2006,439.76,38877,523
6/12/2006,416.78,38880,526
6/13/2006,403.99,38881,527
6/14/2006,396.56,38882,528
6/19/2006,440.33,38887,533
6/20/2006,431.06,38888,534
6/21/2006,434.53,38889,535
6/22/2006,450.22,38890,536
6/23/2006,446.53,38891,537
6/26/2006,431.32,38894,540
6/27/2006,438.22,38895,541
6/28/2006,429.7,38896,542
6/29/2006,421.04,38897,543
6/30/2006,428.82,38898,544
7/3/2006,429.87,38901,547
7/4/2006,430.97,38902,548
7/5/2006,439.36,38903,549
7/6/2006,426.75,38904,550
7/7/2006,438.53,38905,551
7/10/2006,433.3,38908,554
7/11/2006,428.86,38909,555
7/12/2006,429.17,38910,556
7/13/2006,435.72,38911,557
7/14/2006,427.06,38912,558
7/17/2006,419.46,38915,561
7/18/2006,415.37,38916,562
7/19/2006,411.11,38917,563
7/20/2006,432.47,38918,564
7/21/2006,426.05,38919,565
7/24/2006,452.5,38922,568
7/25/2006,476.72,38923,569
7/26/2006,475.05,38924,570
7/27/2006,477.77,38925,571
7/28/2006,476.85,38926,572
7/31/2006,486.78,38929,575
8/1/2006,483.09,38930,576
8/2/2006,481.64,38931,577
8/4/2006,480.76,38933,579
8/7/2006,499.09,38936,582
8/8/2006,523.43,38937,583
8/9/2006,518.82,38938,584
8/10/2006,526.68,38939,585
8/11/2006,513.72,38940,586
8/14/2006,506.91,38943,589
8/16/2006,519.17,38945,591
8/17/2006,519.87,38946,592
8/18/2006,517.1,38947,593
8/21/2006,522.64,38950,596
8/22/2006,523.08,38951,597
8/23/2006,519.08,38952,598
8/24/2006,517.81,38953,599
8/25/2006,517.63,38954,600
8/28/2006,516.58,38957,603
8/29/2006,523.21,38958,604
8/30/2006,521.98,38959,605
8/31/2006,525.1,38960,606
9/1/2006,535.78,38961,607
9/4/2006,547.34,38964,610
9/5/2006,538.9,38965,611
9/6/2006,536.53,38966,612
9/7/2006,533.58,38967,613
9/8/2006,532.97,38968,614
9/11/2006,524.49,38971,617
9/12/2006,531.52,38972,618
9/13/2006,555.25,38973,619
9/14/2006,571.6,38974,620
9/15/2006,568.3,38975,621
9/18/2006,565.71,38978,624
9/19/2006,568.43,38979,625
9/20/2006,572.34,38980,626
9/21/2006,583.07,38981,627
9/22/2006,575.6,38982,628
9/25/2006,578.89,38985,631
9/26/2006,596.12,38986,632
9/27/2006,604.91,38987,633
9/28/2006,622.97,38988,634
9/29/2006,614.88,38989,635
10/3/2006,613.26,38993,639
10/4/2006,610.88,38994,640
10/5/2006,620.38,38995,641
10/6/2006,617.39,38996,642
10/9/2006,614,38999,645
10/10/2006,611.28,39000,646
10/11/2006,603.81,39001,647
10/12/2006,606.8,39002,648
10/13/2006,610.75,39003,649
10/16/2006,633.08,39006,652
10/17/2006,638.35,39007,653
10/18/2006,654.39,39008,654
10/19/2006,651.93,39009,655
10/20/2006,651.71,39010,656
10/23/2006,633.3,39013,659
10/26/2006,667.4,39016,662
10/27/2006,666.69,39017,663
10/30/2006,692.49,39020,666
10/31/2006,683.04,39021,667
11/1/2006,683.92,39022,668
11/2/2006,685.19,39023,669
11/3/2006,679.17,39024,670
11/6/2006,674.69,39027,673
11/7/2006,677.42,39028,674
11/8/2006,689.98,39029,675
11/9/2006,703.43,39030,676
11/10/2006,730.33,39031,677
11/13/2006,739.16,39034,680
11/14/2006,753.13,39035,681
11/15/2006,773.88,39036,682
11/16/2006,779.9,39037,683
11/17/2006,770.4,39038,684
11/20/2006,755.16,39041,687
11/21/2006,766.71,39042,688
11/22/2006,773.48,39043,689
11/23/2006,769.92,39044,690
11/24/2006,767.15,39045,691
11/27/2006,776.12,39048,694
11/28/2006,757,39049,695
11/29/2006,754.67,39050,696
11/30/2006,766.8,39051,697
12/1/2006,771.81,39052,698
12/4/2006,765.26,39055,701
12/5/2006,758.98,39056,702
12/6/2006,763.29,39057,703
12/7/2006,772.69,39058,704
12/8/2006,773.74,39059,705
12/11/2006,721.45,39062,708
12/12/2006,706.6,39063,709
12/13/2006,730.28,39064,710
12/14/2006,764.96,39065,711
12/15/2006,765.35,39066,712
12/18/2006,779.72,39069,715
12/19/2006,763.07,39070,716
12/20/2006,750.94,39071,717
12/21/2006,750.8,39072,718
12/22/2006,753.22,39073,719
12/26/2006,767.28,39077,723
12/27/2006,785.96,39078,724
12/28/2006,793.83,39079,725
12/29/2006,783.54,39080,726
1/2/2007,788.77,39084,730
1/3/2007,786.22,39085,731
1/4/2007,782.67,39086,732
1/5/2007,799.89,39087,733
1/8/2007,796.55,39090,736
1/9/2007,801.87,39091,737
1/10/2007,776.82,39092,738
1/11/2007,784.29,39093,739
1/12/2007,854.56,39094,740
1/15/2007,841.86,39097,743
1/16/2007,843.79,39098,744
1/17/2007,867.35,39099,745
1/18/2007,853.64,39100,746
1/19/2007,866.07,39101,747
1/22/2007,858.87,39104,750
1/23/2007,847.53,39105,751
1/24/2007,856.54,39106,752
1/25/2007,871.39,39107,753
1/29/2007,840.19,39111,757
1/31/2007,827.14,39113,759
2/1/2007,837.2,39114,760
2/2/2007,830.48,39115,761
2/5/2007,832.15,39118,764
2/6/2007,841.9,39119,765
2/7/2007,864.1,39120,766
2/8/2007,878.64,39121,767
2/9/2007,875.52,39122,768
2/12/2007,849.15,39125,771
2/13/2007,840.15,39126,772
2/14/2007,803.67,39127,773
2/15/2007,834.61,39128,774
2/19/2007,861.5,39132,778
2/20/2007,852.05,39133,779
2/21/2007,851.92,39134,780
2/22/2007,831.62,39135,781
2/23/2007,797.17,39136,782
2/26/2007,794.53,39139,785
2/27/2007,769.75,39140,786
2/28/2007,729.05,39141,787
3/1/2007,751.77,39142,788
3/2/2007,740.83,39143,789
3/5/2007,722.06,39146,792
3/6/2007,745.22,39147,793
3/7/2007,728.3,39148,794
3/8/2007,758.5,39149,795
3/9/2007,754.63,39150,796
3/12/2007,763.5,39153,799
3/13/2007,771.33,39154,800
3/14/2007,728.96,39155,801
3/15/2007,724.13,39156,802
3/16/2007,711.91,39157,803
3/19/2007,722.94,39160,806
3/20/2007,724.22,39161,807
3/21/2007,765.13,39162,808
3/22/2007,790.66,39163,809
3/23/2007,783.63,39164,810
3/26/2007,769.66,39167,813
3/28/2007,753.97,39169,815
3/29/2007,751.73,39170,816
3/30/2007,750.01,39171,817
4/2/2007,706.6,39174,820
4/3/2007,710.07,39175,821
4/4/2007,721.54,39176,822
4/5/2007,737.09,39177,823
4/9/2007,754.32,39181,827
4/10/2007,753.88,39182,828
4/11/2007,755.42,39183,829
4/12/2007,746.41,39184,830
4/13/2007,767.68,39185,831
4/16/2007,780.69,39188,834
4/17/2007,785.74,39189,835
4/18/2007,790.09,39190,836
4/19/2007,795.54,39191,837
4/20/2007,805.69,39192,838
4/23/2007,806.44,39195,841
4/24/2007,835.05,39196,842
4/25/2007,846.3,39197,843
4/26/2007,845.02,39198,844
4/27/2007,821.91,39199,845
4/30/2007,761,39202,848
5/3/2007,764.56,39205,851
5/4/2007,752.21,39206,852
5/7/2007,741.58,39209,855
5/8/2007,738.1,39210,856
5/9/2007,746.5,39211,857
5/10/2007,740.87,39212,858
5/11/2007,745.71,39213,859
5/14/2007,765,39216,862
5/15/2007,779.46,39217,863
5/16/2007,807.36,39218,864
5/17/2007,824.46,39219,865
5/18/2007,835.97,39220,866
5/21/2007,828.81,39223,869
5/22/2007,816.11,39224,870
5/23/2007,806.7,39225,871
5/24/2007,800.95,39226,872
5/25/2007,802.18,39227,873
5/28/2007,811.05,39230,876
5/29/2007,809.12,39231,877
5/30/2007,803.01,39232,878
5/31/2007,807.85,39233,879
6/4/2007,820.33,39237,883
6/5/2007,825.34,39238,884
6/6/2007,800.86,39239,885
6/7/2007,799.01,39240,886
6/8/2007,794.05,39241,887
6/11/2007,792.73,39244,890
6/12/2007,808.02,39245,891
6/13/2007,803.28,39246,892
6/14/2007,796.16,39247,893
6/15/2007,798.66,39248,894
6/18/2007,807.49,39251,897
6/19/2007,830.7,39252,898
6/20/2007,833.33,39253,899
6/21/2007,834.92,39254,900
6/22/2007,838.96,39255,901
6/25/2007,837.25,39258,904
6/26/2007,831.36,39259,905
6/27/2007,824.46,39260,906
6/28/2007,828.68,39261,907
6/29/2007,839.75,39262,908
7/2/2007,835.14,39265,911
7/3/2007,849.64,39266,912
7/4/2007,866.56,39267,913
7/5/2007,882.11,39268,914
7/6/2007,862.65,39269,915
7/9/2007,853.15,39272,918
7/10/2007,847.22,39273,919
7/11/2007,838.08,39274,920
7/12/2007,850.47,39275,921
7/13/2007,854.74,39276,922
7/16/2007,853.33,39279,925
7/17/2007,855.79,39280,926
7/18/2007,864.27,39281,927
7/19/2007,869.76,39282,928
7/20/2007,866.47,39283,929
7/23/2007,852.63,39286,932
7/24/2007,852.23,39287,933
7/25/2007,842.34,39288,934
7/26/2007,830.17,39289,935
7/27/2007,803.67,39290,936
7/30/2007,811.23,39293,939
7/31/2007,815.14,39294,940
8/1/2007,783.1,39295,941
8/2/2007,792.25,39296,942
8/3/2007,804.64,39297,943
8/6/2007,779.5,39300,946
8/7/2007,764.56,39301,947
8/8/2007,776.95,39302,948
8/9/2007,781.96,39303,949
8/10/2007,759.46,39304,950
8/13/2007,770.8,39307,953
8/14/2007,772.78,39308,954
8/16/2007,731.29,39310,956
8/17/2007,723.25,39311,957
8/20/2007,763.77,39314,960
8/21/2007,733.89,39315,961
8/22/2007,744.21,39316,962
8/23/2007,725.14,39317,963
8/24/2007,731.25,39318,964
8/27/2007,776.07,39321,967
8/28/2007,754.14,39322,968
8/29/2007,757.62,39323,969
8/30/2007,764.65,39324,970
8/31/2007,777.83,39325,971
9/3/2007,799.8,39328,974
9/4/2007,793.65,39329,975
9/5/2007,808.59,39330,976
9/6/2007,810.35,39331,977
9/7/2007,805.96,39332,978
9/10/2007,800.9,39335,981
9/11/2007,792.86,39336,982
9/12/2007,778.97,39337,983
9/13/2007,777.26,39338,984
9/14/2007,797.17,39339,985
9/17/2007,785.26,39342,988
9/18/2007,812.02,39343,989
9/19/2007,853.5,39344,990
9/20/2007,853.42,39345,991
9/21/2007,846.34,39346,992
9/24/2007,876.27,39349,995
9/25/2007,871.87,39350,996
9/26/2007,904.39,39351,997
9/27/2007,901.1,39352,998
9/28/2007,931.82,39353,999
10/1/2007,929.88,39356,1002
10/3/2007,959.76,39358,1004
10/4/2007,937.79,39359,1005
10/5/2007,903.51,39360,1006
10/8/2007,900.88,39363,1009
10/9/2007,920.21,39364,1010
10/10/2007,943.94,39365,1011
10/11/2007,961.52,39366,1012
10/12/2007,928.7,39367,1013
10/15/2007,966.8,39370,1016
10/16/2007,1007.66,39371,1017
10/17/2007,981.83,39372,1018
10/18/2007,914.06,39373,1019
10/19/2007,890.77,39374,1020
10/22/2007,949.48,39377,1023
10/23/2007,963.63,39378,1024
10/24/2007,966.8,39379,1025
10/25/2007,994.04,39380,1026
10/26/2007,1048.75,39381,1027
10/29/2007,1089.89,39384,1030
10/30/2007,1089.8,39385,1031
10/31/2007,1111.82,39386,1032
11/1/2007,1140.82,39387,1033
11/2/2007,1170.7,39388,1034
11/5/2007,1116.21,39391,1037
11/6/2007,1091.03,39392,1038
11/7/2007,1053.5,39393,1039
11/8/2007,1028.32,39394,1040
11/9/2007,990.57,39395,1041
11/12/2007,1013.47,39398,1044
11/13/2007,1035.35,39399,1045
11/14/2007,1138.36,39400,1046
11/15/2007,1091.6,39401,1047
11/16/2007,1072.35,39402,1048
11/19/2007,1037.99,39405,1051
11/20/2007,1019.53,39406,1052
11/21/2007,976.68,39407,1053
11/22/2007,1015.14,39408,1054
11/23/2007,1000.41,39409,1055
11/26/2007,1011.62,39412,1058
11/27/2007,993.25,39413,1059
11/28/2007,986.13,39414,1060
11/29/2007,1018.56,39415,1061
11/30/2007,1032.71,39416,1062
12/3/2007,1022.17,39419,1065
12/4/2007,1002.74,39420,1066
12/5/2007,1030.03,39421,1067
12/6/2007,1062.6,39422,1068
12/7/2007,1095.12,39423,1069
12/10/2007,1118.93,39426,1072
12/11/2007,1146.53,39427,1073
12/12/2007,1129.26,39428,1074
12/13/2007,1097.66,39429,1075
12/14/2007,1062.9,39430,1076
12/17/2007,1025.02,39433,1079
12/18/2007,1000.41,39434,1080
12/19/2007,1021.29,39435,1081
12/20/2007,1022.17,39436,1082
12/24/2007,1065.23,39440,1086
12/26/2007,1073.19,39442,1088
12/27/2007,1098.63,39443,1089
12/28/2007,1081.05,39444,1090
12/31/2007,1085.45,39447,1093
1/1/2008,1076.75,39448,1094
1/2/2008,1120.82,39449,1095
1/3/2008,1080.09,39450,1096
1/4/2008,1125,39451,1097
1/7/2008,1200.58,39454,1100
1/8/2008,1176.41,39455,1101
1/9/2008,1151.37,39456,1102
1/10/2008,1193.55,39457,1103
1/11/2008,1266.11,39458,1104
1/14/2008,1224.05,39461,1107
1/15/2008,1187.44,39462,1108
1/16/2008,1199.71,39463,1109
1/17/2008,1155.76,39464,1110
1/18/2008,1089.84,39465,1111
1/21/2008,1032.85,39468,1114
1/22/2008,993.16,39469,1115
1/23/2008,1037.11,39470,1116
1/24/2008,997.56,39471,1117
1/25/2008,1107.42,39472,1118
1/28/2008,1116.25,39475,1121
1/29/2008,1077.54,39476,1122
1/30/2008,1040.62,39477,1123
1/31/2008,1008.1,39478,1124
2/1/2008,1055.83,39479,1125
2/4/2008,1066.11,39482,1128
2/5/2008,1054.82,39483,1129
2/6/2008,1011.58,39484,1130
2/7/2008,972.95,39485,1131
2/8/2008,938.67,39486,1132
2/11/2008,912.3,39489,1135
2/12/2008,940.43,39490,1136
2/13/2008,975.58,39491,1137
2/14/2008,1019.71,39492,1138
2/15/2008,1050.29,39493,1139
2/18/2008,1064.27,39496,1142
2/19/2008,1066.11,39497,1143
2/20/2008,1025.68,39498,1144
2/21/2008,1008.98,39499,1145
2/22/2008,960.64,39500,1146
2/25/2008,975.58,39503,1149
2/26/2008,980.16,39504,1150
2/27/2008,972.95,39505,1151
2/28/2008,976.46,39506,1152
2/29/2008,947.15,39507,1153
3/3/2008,899.25,39510,1156
3/4/2008,853.46,39511,1157
3/5/2008,845.59,39512,1158
3/7/2008,782.27,39514,1160
3/10/2008,762.01,39517,1163
3/11/2008,750.59,39518,1164
3/12/2008,775.46,39519,1165
3/13/2008,733.01,39520,1166
3/14/2008,768.16,39521,1167
3/17/2008,659.44,39524,1170
3/18/2008,685.94,39525,1171
3/19/2008,684.67,39526,1172
3/24/2008,710.51,39531,1177
3/25/2008,773.44,39532,1178
3/26/2008,738.63,39533,1179
3/27/2008,733.05,39534,1180
3/28/2008,733.89,39535,1181
3/31/2008,675.88,39538,1184
4/1/2008,667.09,39539,1185
4/2/2008,693.9,39540,1186
4/3/2008,689.94,39541,1187
4/4/2008,672.19,39542,1188
4/7/2008,714.55,39545,1191
4/8/2008,714.64,39546,1192
4/9/2008,740.04,39547,1193
4/10/2008,703.7,39548,1194
4/11/2008,692.93,39549,1195
4/15/2008,712.18,39553,1199
4/16/2008,717.14,39554,1200
4/17/2008,734.41,39555,1201
4/21/2008,764.65,39559,1205
4/22/2008,777.52,39560,1206
4/23/2008,762.19,39561,1207
4/24/2008,768.16,39562,1208
4/25/2008,802.44,39563,1209
4/28/2008,785.79,39566,1212
4/29/2008,791.19,39567,1213
4/30/2008,774.32,39568,1214
5/2/2008,819.67,39570,1216
5/5/2008,824.41,39573,1219
5/6/2008,815.62,39574,1220
5/7/2008,807.93,39575,1221
5/8/2008,783.37,39576,1222
5/9/2008,766.41,39577,1223
5/12/2008,770.89,39580,1226
5/13/2008,773.26,39581,1227
5/14/2008,791.01,39582,1228
5/15/2008,820.02,39583,1229
5/16/2008,829.69,39584,1230
5/20/2008,816.94,39588,1234
5/21/2008,800.81,39589,1235
5/22/2008,773.79,39590,1236
5/23/2008,758.5,39591,1237
5/26/2008,721.58,39594,1240
5/27/2008,715.17,39595,1241
5/28/2008,727.73,39596,1242
5/29/2008,700.49,39597,1243
5/30/2008,691.3,39598,1244
6/2/2008,670.21,39601,1247
6/3/2008,667.79,39602,1248
6/4/2008,663.57,39603,1249
6/5/2008,677.72,39604,1250
6/6/2008,675.88,39605,1251
6/9/2008,659.49,39608,1254
6/10/2008,645.95,39609,1255
6/11/2008,652.59,39610,1256
6/12/2008,650.39,39611,1257
6/13/2008,675.09,39612,1258
6/16/2008,698.73,39615,1261
6/17/2008,720.26,39616,1262
6/18/2008,690.91,39617,1263
6/19/2008,661.82,39618,1264
6/20/2008,650.13,39619,1265
6/23/2008,632.81,39622,1268
6/24/2008,612.6,39623,1269
6/25/2008,612.47,39624,1270
6/26/2008,609.26,39625,1271
6/27/2008,569.53,39626,1272
6/30/2008,558.1,39629,1275
7/1/2008,514.03,39630,1276
7/2/2008,548.44,39631,1277
7/3/2008,497.37,39632,1278
7/4/2008,522.77,39633,1279
7/7/2008,524.84,39636,1282
7/8/2008,525.67,39637,1283
7/9/2008,544.26,39638,1284
7/10/2008,548.51,39639,1285
7/11/2008,527.04,39640,1286
7/14/2008,518.18,39643,1289
7/15/2008,470.66,39644,1290
7/16/2008,465.3,39645,1291
7/17/2008,495.99,39646,1292
7/18/2008,552.99,39647,1293
7/21/2008,580.73,39650,1296
7/22/2008,598.89,39651,1297
7/23/2008,663.05,39652,1298
7/24/2008,649.62,39653,1299
7/25/2008,587.88,39654,1300
7/28/2008,593.12,39657,1303
7/29/2008,543.14,39658,1304
7/30/2008,569.18,39659,1305
7/31/2008,566.41,39660,1306
8/1/2008,574.46,39661,1307
8/4/2008,570.03,39664,1310
8/5/2008,619.29,39665,1311
8/6/2008,629.22,39666,1312
8/7/2008,634.55,39667,1313
8/8/2008,654.1,39668,1314
8/11/2008,685.1,39671,1317
8/12/2008,659.96,39672,1318
8/13/2008,637.54,39673,1319
8/14/2008,605.11,39674,1320
8/18/2008,594.68,39678,1324
8/19/2008,607.3,39679,1325
8/20/2008,608.6,39680,1326
8/21/2008,574.46,39681,1327
8/22/2008,576.25,39682,1328
8/25/2008,586.27,39685,1331
8/26/2008,595.85,39686,1332
8/27/2008,581.66,39687,1333
8/28/2008,568.2,39688,1334
8/29/2008,600.1,39689,1335
9/1/2008,598.98,39692,1338
9/2/2008,637.05,39693,1339
9/4/2008,640.86,39695,1341
9/5/2008,613.92,39696,1342
9/8/2008,644.26,39699,1345
9/9/2008,639.33,39700,1346
9/10/2008,628.91,39701,1347
9/11/2008,617.46,39702,1348
9/12/2008,583.41,39703,1349
9/15/2008,560.86,39706,1352
9/16/2008,533.3,39707,1353
9/17/2008,503.91,39708,1354
9/18/2008,518.89,39709,1355
9/19/2008,567.53,39710,1356
9/22/2008,564.62,39713,1359
9/23/2008,536.21,39714,1360
9/24/2008,537.86,39715,1361
9/25/2008,532.41,39716,1362
9/26/2008,497.51,39717,1363
9/29/2008,437.07,39720,1366
9/30/2008,483.19,39721,1367
10/1/2008,496.17,39722,1368
10/3/2008,455.45,39724,1370
10/6/2008,440.69,39727,1373
10/7/2008,436.75,39728,1374
10/8/2008,408.97,39729,1375
10/10/2008,331.08,39731,1377
10/13/2008,380.29,39734,1380
10/14/2008,395.5,39735,1381
10/15/2008,372.06,39736,1382
10/16/2008,370.89,39737,1383
10/17/2008,353.45,39738,1384
10/20/2008,371.34,39741,1387
10/21/2008,385.66,39742,1388
10/22/2008,354.83,39743,1389
10/23/2008,328.21,39744,1390
10/24/2008,280.25,39745,1391
10/27/2008,281.86,39748,1394
10/28/2008,302.17,39749,1395
10/29/2008,312.42,39750,1396
10/31/2008,357.47,39752,1398
11/3/2008,384.18,39755,1401
11/4/2008,420.11,39756,1402
11/5/2008,399.08,39757,1403
11/6/2008,384.76,39758,1404
11/7/2008,392.15,39759,1405
11/10/2008,421.45,39762,1408
11/11/2008,384.41,39763,1409
11/12/2008,356.89,39764,1410
11/14/2008,353.09,39766,1412
11/17/2008,348.97,39769,1415
11/18/2008,325.26,39770,1416
11/19/2008,309.42,39771,1417
11/20/2008,289.24,39772,1418
11/21/2008,302.53,39773,1419
11/24/2008,285.53,39776,1422
11/25/2008,287.95,39777,1423
11/26/2008,311.7,39778,1424
11/28/2008,316.76,39780,1426
12/1/2008,292.6,39783,1429
12/2/2008,289.11,39784,1430
12/3/2008,297.97,39785,1431
12/4/2008,325.71,39786,1432
12/5/2008,319.89,39787,1433
12/8/2008,329.42,39790,1436
12/10/2008,359.08,39792,1438
12/11/2008,367.45,39793,1439
12/12/2008,367.76,39794,1440
12/15/2008,374.07,39797,1443
12/16/2008,375.82,39798,1444
12/17/2008,387.36,39799,1445
12/18/2008,420.15,39800,1446
12/19/2008,425.03,39801,1447
12/22/2008,399.71,39804,1450
12/23/2008,383.65,39805,1451
12/24/2008,391.47,39806,1452
12/25/2008,391.47,39807,1453
12/26/2008,371.97,39808,1454
12/29/2008,395.68,39811,1457
12/30/2008,411.61,39812,1458
12/31/2008,400.51,39813,1459
1/1/2009,416.08,39814,1460
1/2/2009,422.84,39815,1461
1/5/2009,448.21,39818,1464
1/6/2009,470.66,39819,1465
1/7/2009,413.84,39820,1466
1/8/2009,413.84,39821,1467
1/9/2009,398.9,39822,1468
1/12/2009,395.5,39825,1471
1/13/2009,383.73,39826,1472
1/14/2009,396.71,39827,1473
1/15/2009,367.36,39828,1474
1/16/2009,376.17,39829,1475
1/19/2009,368.97,39832,1478
1/20/2009,354.16,39833,1479
1/21/2009,328.03,39834,1480
1/22/2009,340.07,39835,1481
1/23/2009,327.41,39836,1482
1/27/2009,340.02,39840,1486
1/28/2009,367.67,39841,1487
1/29/2009,361.5,39842,1488
1/30/2009,371.57,39843,1489
2/2/2009,344.05,39846,1492
2/3/2009,349.87,39847,1493
2/4/2009,347.18,39848,1494
2/5/2009,351.66,39849,1495
2/6/2009,363.6,39850,1496
2/9/2009,382.97,39853,1499
2/10/2009,384.32,39854,1500
2/11/2009,390.94,39855,1501
2/12/2009,376.26,39856,1502
2/13/2009,388.52,39857,1503
2/16/2009,368.57,39860,1506
2/17/2009,346.2,39861,1507
2/18/2009,330.81,39862,1508
2/19/2009,323.47,39863,1509
2/20/2009,300.65,39864,1510
2/24/2009,301.46,39868,1514
2/25/2009,304.05,39869,1515
2/26/2009,291.7,39870,1516
2/27/2009,297.97,39871,1517
3/2/2009,269.33,39874,1520
3/3/2009,263.16,39875,1521
3/4/2009,253.45,39876,1522
3/5/2009,238.91,39877,1523
3/6/2009,244.68,39878,1524
3/9/2009,235.33,39881,1527
3/12/2009,255.69,39884,1530
3/13/2009,278.82,39885,1531
3/16/2009,289.51,39888,1534
3/17/2009,290.36,39889,1535
3/18/2009,299.76,39890,1536
3/19/2009,302.89,39891,1537
3/20/2009,288.3,39892,1538
3/23/2009,310.5,39895,1541
3/24/2009,315.42,39896,1542
3/25/2009,330.9,39897,1543
3/26/2009,334.66,39898,1544
3/27/2009,344.99,39899,1545
3/30/2009,302.53,39902,1548
3/31/2009,298.68,39903,1549
4/1/2009,313.18,39904,1550
4/2/2009,323.34,39905,1551
4/6/2009,336,39909,1555
4/7/2009,336,39910,1556
4/8/2009,338.23,39911,1557
4/9/2009,355.95,39912,1558
4/10/2009,355.95,39913,1559
4/13/2009,372.28,39916,1562
4/14/2009,372.28,39917,1563
4/15/2009,405.66,39918,1564
4/16/2009,379.62,39919,1565
4/17/2009,398.23,39920,1566
4/20/2009,381.63,39923,1569
4/21/2009,356.13,39924,1570
4/22/2009,360.43,39925,1571
4/23/2009,384.67,39926,1572
4/24/2009,388.7,39927,1573
4/27/2009,420.47,39930,1576
4/28/2009,391.03,39931,1577
4/29/2009,430.4,39932,1578
4/30/2009,430.4,39933,1579
5/1/2009,430.4,39934,1580
5/4/2009,475.14,39937,1583
5/5/2009,509.68,39938,1584
5/6/2009,486.5,39939,1585
5/7/2009,491.69,39940,1586
5/8/2009,467.18,39941,1587
5/11/2009,469.9,39944,1590
5/12/2009,502.25,39945,1591
5/13/2009,493.93,39946,1592
5/14/2009,480.1,39947,1593
5/15/2009,514.51,39948,1594
5/18/2009,632.71,39951,1597
5/19/2009,666.63,39952,1598
5/20/2009,636.65,39953,1599
5/21/2009,599.43,39954,1600
5/22/2009,626.36,39955,1601
5/25/2009,628.28,39958,1604
5/26/2009,599.96,39959,1605
5/27/2009,632.8,39960,1606
5/28/2009,648.55,39961,1607
5/29/2009,658.57,39962,1608
6/1/2009,649.45,39965,1611
6/2/2009,660.36,39966,1612
6/3/2009,640.68,39967,1613
6/4/2009,658.71,39968,1614
6/5/2009,673.96,39969,1615
6/8/2009,647.66,39972,1618
6/9/2009,657.86,39973,1619
6/10/2009,668.42,39974,1620
6/11/2009,681.13,39975,1621
6/12/2009,672.5,39976,1622
6/15/2009,677.22,39979,1625
6/16/2009,662.69,39980,1626
6/17/2009,654.79,39981,1627
6/18/2009,635.72,39982,1628
6/19/2009,651.3,39983,1629
6/22/2009,662.06,39986,1632
6/23/2009,630.27,39987,1633
6/24/2009,625.87,39988,1634
6/25/2009,635.63,39989,1635
6/26/2009,690.21,39990,1636
6/29/2009,673.59,39993,1639
6/30/2009,658.97,39994,1640
7/1/2009,659.33,39995,1641
7/2/2009,662.29,39996,1642
7/3/2009,686.49,39997,1643
7/6/2009,616.65,40000,1646
7/7/2009,630.27,40001,1647
7/8/2009,590.9,40002,1648
7/9/2009,578.51,40003,1649
7/10/2009,569.24,40004,1650
7/13/2009,580.46,40007,1653
7/14/2009,622.1,40008,1654
7/15/2009,635.81,40009,1655
7/16/2009,630.5,40010,1656
7/17/2009,679.31,40011,1657
7/20/2009,716,40014,1660
7/21/2009,698.52,40015,1661
7/22/2009,692.16,40016,1662
7/23/2009,702.84,40017,1663
7/24/2009,696.07,40018,1664
7/27/2009,685.26,40021,1667
7/28/2009,670.5,40022,1668
7/29/2009,663.1,40023,1669
7/30/2009,686.58,40024,1670
7/31/2009,690.17,40025,1671
8/3/2009,703.88,40028,1674
8/4/2009,694.71,40029,1675
8/5/2009,702.06,40030,1676
8/6/2009,693.39,40031,1677
8/7/2009,668.46,40032,1678
8/10/2009,651.16,40035,1681
8/11/2009,650.75,40036,1682
8/12/2009,646.62,40037,1683
8/13/2009,688.4,40038,1684
8/14/2009,676.36,40039,1685
8/17/2009,642.99,40042,1688
8/18/2009,642.99,40043,1689
8/19/2009,642.99,40044,1690
8/20/2009,642.99,40045,1691
8/21/2009,642.99,40046,1692
8/24/2009,693.39,40049,1695
8/25/2009,690.08,40050,1696
8/26/2009,692.12,40051,1697
8/27/2009,684.04,40052,1698
8/28/2009,692.21,40053,1699
8/31/2009,682.58,40056,1702
9/1/2009,674.77,40057,1703
9/2/2009,666.24,40058,1704
9/3/2009,666.6,40059,1705
9/4/2009,675.73,40060,1706
9/7/2009,722,40063,1709
9/8/2009,714.73,40064,1710
9/9/2009,721.18,40065,1711
9/10/2009,740.34,40066,1712
9/11/2009,757.64,40067,1713
9/14/2009,752.33,40070,1716
9/15/2009,768.77,40071,1717
9/16/2009,784.66,40072,1718
9/17/2009,791.02,40073,1719
9/18/2009,765.14,40074,1720
9/21/2009,765.14,40077,1723
9/22/2009,773.76,40078,1724
9/23/2009,770.59,40079,1725
9/24/2009,781.94,40080,1726
9/25/2009,760.14,40081,1727
9/28/2009,760.14,40084,1730
9/29/2009,782.85,40085,1731
9/30/2009,821.85,40086,1732
10/1/2009,840.06,40087,1733
10/2/2009,840.06,40088,1734
10/5/2009,825.53,40091,1737
10/6/2009,853.68,40092,1738
10/7/2009,834.61,40093,1739
10/8/2009,836.88,40094,1740
10/9/2009,818.26,40095,1741
10/12/2009,836.43,40098,1744
10/13/2009,836.43,40099,1745
10/14/2009,836.43,40100,1746
10/15/2009,848.23,40101,1747
10/16/2009,872.21,40102,1748
10/19/2009,872.21,40105,1751
10/20/2009,858.22,40106,1752
10/21/2009,839.61,40107,1753
10/22/2009,812.36,40108,1754
10/23/2009,823.26,40109,1755
10/26/2009,807.37,40112,1758
10/27/2009,755.6,40113,1759
10/28/2009,733.4,40114,1760
10/29/2009,706.29,40115,1761
10/30/2009,720.18,40116,1762
11/2/2009,720.18,40119,1765
11/3/2009,712.92,40120,1766
11/4/2009,751.97,40121,1767
11/5/2009,768.09,40122,1768
11/6/2009,772.86,40123,1769
11/9/2009,807.37,40126,1772
11/10/2009,813.5,40127,1773
11/11/2009,841.88,40128,1774
11/12/2009,814.68,40129,1775
11/13/2009,826.26,40130,1776
11/16/2009,832.34,40133,1779
11/17/2009,836.43,40134,1780
11/18/2009,820.08,40135,1781
11/19/2009,808.27,40136,1782
11/20/2009,815.27,40137,1783
11/23/2009,830.03,40140,1786
11/24/2009,821.9,40141,1787
11/25/2009,819.17,40142,1788
11/26/2009,783.75,40143,1789
11/27/2009,771.99,40144,1790
11/30/2009,783.8,40147,1793
12/1/2009,805.1,40148,1794
12/2/2009,809.14,40149,1795
12/3/2009,797.47,40150,1796
12/4/2009,790.56,40151,1797
12/7/2009,781.94,40154,1800
12/8/2009,790.29,40155,1801
12/9/2009,776.94,40156,1802
12/10/2009,796.42,40157,1803
12/11/2009,785.84,40158,1804
12/14/2009,771.04,40161,1807
12/15/2009,750.15,40162,1808
12/16/2009,749.92,40163,1809
12/17/2009,748.24,40164,1810
12/18/2009,731.53,40165,1811
12/21/2009,735.03,40168,1814
12/22/2009,750.11,40169,1815
12/23/2009,785.21,40170,1816
12/24/2009,785.57,40171,1817
12/25/2009,785.57,40172,1818
12/28/2009,785.57,40175,1821
12/29/2009,798.74,40176,1822
12/30/2009,800.65,40177,1823
12/31/2009,799.19,40178,1824
1/1/2010,799.19,40179,1825
1/4/2010,798.28,40182,1828
1/5/2010,805.78,40183,1829
1/6/2010,811.91,40184,1830
1/7/2010,805.55,40185,1831
1/8/2010,795.56,40186,1832
1/11/2010,788.84,40189,1835
1/12/2010,765.77,40190,1836
1/13/2010,761.73,40191,1837
1/14/2010,759.23,40192,1838
1/15/2010,762.87,40193,1839
1/18/2010,783.66,40196,1842
1/19/2010,785.57,40197,1843
1/20/2010,785.57,40198,1844
1/21/2010,785.57,40199,1845
1/22/2010,785.57,40200,1846
1/25/2010,785.57,40203,1849
1/26/2010,785.57,40204,1850
1/27/2010,785.57,40205,1851
1/28/2010,785.57,40206,1852
1/29/2010,785.57,40207,1853
2/1/2010,785.57,40210,1856
2/2/2010,785.57,40211,1857
2/3/2010,785.57,40212,1858
2/4/2010,785.57,40213,1859
2/5/2010,724.86,40214,1860
2/8/2010,731.4,40217,1863
2/9/2010,737.8,40218,1864
2/10/2010,726.36,40219,1865
2/11/2010,750.2,40220,1866
2/15/2010,742.3,40224,1870
2/16/2010,756.01,40225,1871
2/17/2010,763.73,40226,1872
2/18/2010,762.91,40227,1873
2/19/2010,757.01,40228,1874
2/22/2010,755.24,40231,1877
2/23/2010,769.9,40232,1878
2/24/2010,763.91,40233,1879
2/25/2010,773.4,40234,1880
2/26/2010,792.06,40235,1881
3/2/2010,814.77,40239,1885
3/3/2010,824.94,40240,1886
3/4/2010,815.9,40241,1887
3/5/2010,818.95,40242,1888
3/8/2010,838.93,40245,1891
3/9/2010,840.2,40246,1892
3/10/2010,833.52,40247,1893
3/11/2010,845.37,40248,1894
3/12/2010,850.64,40249,1895
3/15/2010,838.93,40252,1898
3/16/2010,845.06,40253,1899
3/17/2010,861.45,40254,1900
3/18/2010,875.16,40255,1901
3/19/2010,868.71,40256,1902
3/22/2010,849.37,40259,1905
3/23/2010,840.51,40260,1906
3/25/2010,848.1,40262,1908
3/26/2010,860.49,40263,1909
3/29/2010,865.13,40266,1912
3/30/2010,871.66,40267,1913
3/31/2010,865.04,40268,1914
4/1/2010,865.17,40269,1915
4/5/2010,894.87,40273,1919
4/6/2010,906.18,40274,1920
4/7/2010,896.68,40275,1921
4/8/2010,872.85,40276,1922
4/9/2010,888.47,40277,1923
4/12/2010,876.07,40280,1926
4/13/2010,855.77,40281,1927
4/15/2010,833.7,40283,1929
4/16/2010,837.74,40284,1930
4/19/2010,835.34,40287,1933
4/20/2010,847.33,40288,1934
4/21/2010,864.49,40289,1935
4/22/2010,857.18,40290,1936
4/23/2010,887.92,40291,1937
4/26/2010,871.98,40294,1940
4/27/2010,859.99,40295,1941
4/28/2010,835.02,40296,1942
4/29/2010,860.09,40297,1943
4/30/2010,864.54,40298,1944
5/3/2010,850.87,40301,1947
5/4/2010,831.16,40302,1948
5/5/2010,820.67,40303,1949
5/6/2010,819.94,40304,1950
5/7/2010,796.1,40305,1951
5/10/2010,837.43,40308,1954
5/11/2010,832.43,40309,1955
5/12/2010,830.75,40310,1956
5/13/2010,841.88,40311,1957
5/14/2010,827.39,40312,1958
5/17/2010,818.35,40315,1961
5/18/2010,807.55,40316,1962
5/19/2010,748.74,40317,1963
5/20/2010,755.28,40318,1964
5/21/2010,758.14,40319,1965
5/24/2010,755.69,40322,1968
5/25/2010,735.03,40323,1969
5/26/2010,769.9,40324,1970
5/27/2010,778.12,40325,1971
5/28/2010,785.34,40326,1972
5/31/2010,788.57,40329,1975
6/1/2010,761,40330,1976
6/2/2010,764.95,40331,1977
6/3/2010,775.67,40332,1978
6/4/2010,786.34,40333,1979
6/7/2010,764.64,40336,1982
6/8/2010,742.43,40337,1983
6/9/2010,748.83,40338,1984
6/10/2010,764.04,40339,1985
6/11/2010,779.66,40340,1986
6/14/2010,786.71,40343,1989
6/15/2010,792.66,40344,1990
6/16/2010,808,40345,1991
6/17/2010,814.54,40346,1992
6/18/2010,801.13,40347,1993
6/21/2010,829.24,40350,1996
6/22/2010,821.69,40351,1997
6/23/2010,829.8,40352,1998
6/24/2010,816.25,40353,1999
6/25/2010,789.38,40354,2000
6/28/2010,801.92,40357,2003
6/29/2010,781.78,40358,2004
6/30/2010,794.13,40359,2005
7/1/2010,775.47,40360,2006
7/2/2010,774.18,40361,2007
7/5/2010,774.68,40364,2010
7/6/2010,791.46,40365,2011
7/7/2010,779.85,40366,2012
7/8/2010,794.68,40367,2013
7/9/2010,807.22,40368,2014
7/12/2010,823.39,40371,2017
7/13/2010,828.92,40372,2018
7/14/2010,821.36,40373,2019
7/15/2010,812.7,40374,2020
7/16/2010,831.64,40375,2021
7/19/2010,829.47,40378,2024
7/20/2010,817.31,40379,2025
7/21/2010,831.82,40380,2026
7/22/2010,837.44,40381,2027
7/23/2010,841.27,40382,2028
7/26/2010,844.82,40385,2031
7/27/2010,851.73,40386,2032
7/28/2010,837.58,40387,2033
7/29/2010,855.88,40388,2034
7/30/2010,833.94,40389,2035
8/2/2010,865.88,40392,2038
8/3/2010,886.57,40393,2039
8/4/2010,893.25,40394,2040
8/5/2010,880.48,40395,2041
8/6/2010,875.32,40396,2042
8/9/2010,903.25,40399,2045
8/10/2010,911.36,40400,2046
8/11/2010,895.64,40401,2047
8/12/2010,887.76,40402,2048
8/13/2010,899.84,40403,2049
8/16/2010,882.05,40406,2052
8/17/2010,883.71,40407,2053
8/18/2010,892,40408,2054
8/19/2010,933.57,40409,2055
8/20/2010,916.06,40410,2056
8/23/2010,932.18,40413,2059
8/24/2010,923.15,40414,2060
8/25/2010,907.12,40415,2061
8/26/2010,906.43,40416,2062
8/27/2010,882.37,40417,2063
8/30/2010,892,40420,2066
8/31/2010,901.03,40421,2067
9/1/2010,916.98,40422,2068
9/2/2010,925.18,40423,2069
9/3/2010,922.51,40424,2070
9/6/2010,957.94,40427,2073
9/7/2010,957.16,40428,2074
9/8/2010,947.02,40429,2075
9/9/2010,967.85,40430,2076
9/10/2010,961.21,40431,2077
9/13/2010,1011.9,40434,2080
9/14/2010,1013.88,40435,2081
9/15/2010,1017.34,40436,2082
9/16/2010,1017.02,40437,2083
9/17/2010,1026.83,40438,2084
9/20/2010,1039.32,40441,2087
9/21/2010,1038.77,40442,2088
9/22/2010,1037.8,40443,2089
9/23/2010,1013.97,40444,2090
9/24/2010,1026.74,40445,2091
9/27/2010,1027.66,40448,2094
9/28/2010,1023.6,40449,2095
9/29/2010,1015.54,40450,2096
9/30/2010,1025.68,40451,2097
10/1/2010,1046.18,40452,2098
10/4/2010,1065.49,40455,2101
10/5/2010,1057.7,40456,2102
10/6/2010,1059.04,40457,2103
10/7/2010,1048.4,40458,2104
10/8/2010,1037.89,40459,2105
10/11/2010,1043.79,40462,2108
10/12/2010,1049.41,40463,2109
10/13/2010,1067.84,40464,2110
10/14/2010,1050.33,40465,2111
10/15/2010,1036.46,40466,2112
10/18/2010,1028.63,40469,2115
10/19/2010,1031.76,40470,2116
10/20/2010,1026.55,40471,2117
10/21/2010,1041.02,40472,2118
10/22/2010,1043.1,40473,2119
10/25/2010,1052.54,40476,2122
10/26/2010,1042.45,40477,2123
10/27/2010,1019.96,40478,2124
10/28/2010,1003.65,40479,2125
10/29/2010,1071.8,40480,2126
11/1/2010,1135.39,40483,2129
11/2/2010,1134.79,40484,2130
11/3/2010,1141.52,40485,2131
11/4/2010,1166.77,40486,2132
11/5/2010,1170.41,40487,2133
11/8/2010,1156.87,40490,2136
11/9/2010,1169.63,40491,2137
11/10/2010,1156.77,40492,2138
11/11/2010,1140.09,40493,2139
11/12/2010,1106.32,40494,2140
11/15/2010,1127.28,40497,2143
11/16/2010,1108.02,40498,2144
11/17/2010,1111.71,40499,2145
11/18/2010,1073.09,40500,2146
11/19/2010,1058.63,40501,2147
11/22/2010,1087.52,40504,2150
11/23/2010,1066.23,40505,2151
11/24/2010,1036.88,40506,2152
11/25/2010,1028.72,40507,2153
11/26/2010,1036,40508,2154
11/29/2010,1063.79,40511,2157
11/30/2010,1052.54,40512,2158
12/1/2010,1075.9,40513,2159
12/2/2010,1097.75,40514,2160
12/3/2010,1088.81,40515,2161
12/6/2010,1060.93,40518,2164
12/7/2010,1023.42,40519,2165
12/8/2010,1017.8,40520,2166
12/9/2010,975.31,40521,2167
12/10/2010,1029.5,40522,2168
12/13/2010,1032.54,40525,2171
12/14/2010,1031.71,40526,2172
12/15/2010,994.11,40527,2173
12/16/2010,1019.04,40528,2174
12/17/2010,1010.56,40529,2175
12/20/2010,1013.79,40532,2178
12/21/2010,1049.09,40533,2179
12/22/2010,1043,40534,2180
12/23/2010,1041.07,40535,2181
12/24/2010,1030.47,40536,2182
12/27/2010,1037.29,40539,2185
12/28/2010,1024.66,40540,2186
12/29/2010,1040.88,40541,2187
12/30/2010,1047.7,40542,2188
12/31/2010,1055.31,40543,2189
1/3/2011,1055.08,40546,2192
1/4/2011,1017.48,40547,2193
1/5/2011,985.5,40548,2194
1/6/2011,970.84,40549,2195
1/7/2011,966.93,40550,2196
1/10/2011,934.49,40553,2199
1/11/2011,942.74,40554,2200
1/12/2011,985.59,40555,2201
1/13/2011,945.55,40556,2202
1/14/2011,930.06,40557,2203
1/17/2011,922.65,40560,2206
1/18/2011,932.14,40561,2207
1/19/2011,943.01,40562,2208
1/20/2011,968.17,40563,2209
1/21/2011,982,40564,2210
1/24/2011,998.91,40567,2213
1/25/2011,956.51,40568,2214
1/26/2011,958.08,40569,2215
1/27/2011,934.81,40570,2216
1/28/2011,938.59,40571,2217
1/31/2011,941.49,40574,2220
2/1/2011,916.79,40575,2221
2/2/2011,932.09,40576,2222
2/3/2011,946.47,40577,2223
2/4/2011,917.9,40578,2224
2/7/2011,902,40581,2227
2/8/2011,876.93,40582,2228
2/9/2011,882,40583,2229
2/10/2011,884.58,40584,2230
2/11/2011,922.09,40585,2231
2/14/2011,953.15,40588,2234
2/15/2011,971.54,40589,2235
2/16/2011,968.22,40590,2236
2/17/2011,974.12,40591,2237
2/18/2011,945.73,40592,2238
2/21/2011,956.28,40595,2241
2/22/2011,946.56,40596,2242
2/23/2011,927.21,40597,2243
2/24/2011,876.75,40598,2244
2/25/2011,908.91,40599,2245
2/28/2011,894.72,40602,2248
3/1/2011,945.73,40603,2249
3/2/2011,943.93,40604,2250
3/3/2011,939.6,40605,2251
3/4/2011,936.65,40606,2252
3/7/2011,930.94,40609,2255
3/8/2011,940.57,40610,2256
3/9/2011,954.07,40611,2257
3/10/2011,934.99,40612,2258
3/11/2011,927.94,40613,2259
3/14/2011,939.19,40616,2262
3/15/2011,918.45,40617,2263
3/16/2011,946.88,40618,2264
3/17/2011,932.51,40619,2265
3/18/2011,923.94,40620,2266
3/21/2011,924.9,40623,2269
3/22/2011,925.41,40624,2270
3/23/2011,959.28,40625,2271
3/24/2011,970.52,40626,2272
3/25/2011,1005.54,40627,2273
3/28/2011,1014.48,40630,2276
3/29/2011,1013.28,40631,2277
3/30/2011,1022.13,40632,2278
3/31/2011,1028.67,40633,2279
4/1/2011,1016.42,40634,2280
4/4/2011,1031.44,40637,2283
4/5/2011,1024.11,40638,2284
4/6/2011,1014.2,40639,2285
4/7/2011,1017.43,40640,2286
4/8/2011,1012.18,40641,2287
4/11/2011,1014.3,40644,2290
4/12/2011,1011.9,40645,2291
4/13/2011,1038.49,40646,2292
4/14/2011,1037.71,40647,2293
4/15/2011,1015.31,40648,2294
4/18/2011,999.09,40651,2297
4/19/2011,1004.57,40652,2298
4/20/2011,1025.13,40653,2299
4/21/2011,1030.79,40654,2300
4/22/2011,1029.69,40655,2301
4/25/2011,1025.4,40658,2304
4/26/2011,1033.51,40659,2305
4/27/2011,1020.06,40660,2306
4/28/2011,1029.87,40661,2307
4/29/2011,1027.06,40662,2308
5/2/2011,1012.18,40665,2311
5/3/2011,984.07,40666,2312
5/4/2011,974.71,40667,2313
5/5/2011,949.23,40668,2314
5/6/2011,998.81,40669,2315
5/9/2011,998.08,40672,2318
5/10/2011,991.81,40673,2319
5/11/2011,992.27,40674,2320
5/12/2011,969.65,40675,2321
5/13/2011,988.91,40676,2322
5/16/2011,974.81,40679,2325
5/17/2011,958.22,40680,2326
5/18/2011,951.31,40681,2327
5/19/2011,949.33,40682,2328
5/20/2011,961.4,40683,2329
5/23/2011,927.94,40686,2332
5/24/2011,938.91,40687,2333
5/25/2011,929.65,40688,2334
5/26/2011,945.78,40689,2335
5/27/2011,984.39,40690,2336
5/30/2011,993.19,40693,2339
5/31/2011,1000.93,40694,2340
6/1/2011,999.64,40695,2341
6/2/2011,979.29,40696,2342
6/3/2011,977.89,40697,2343
6/6/2011,987.83,40700,2346
6/7/2011,986.06,40701,2347
6/8/2011,979.43,40702,2348
6/9/2011,978.45,40703,2349
6/10/2011,967.15,40704,2350
6/13/2011,970.61,40707,2353
6/14/2011,985.5,40708,2354
6/15/2011,962.72,40709,2355
6/16/2011,960.24,40710,2356
6/17/2011,963.7,40711,2357
6/20/2011,956.84,40714,2360
6/21/2011,946.71,40715,2361
6/22/2011,951.28,40716,2362
6/23/2011,961.83,40717,2363
6/24/2011,993.48,40718,2364
6/27/2011,1007.77,40721,2367
6/28/2011,1011.41,40722,2368
6/29/2011,1015.1,40723,2369
6/30/2011,1022,40724,2370
7/1/2011,1022.19,40725,2371
7/4/2011,1026.77,40728,2374
7/5/2011,1024.48,40729,2375
7/6/2011,1004.08,40730,2376
7/7/2011,1017.52,40731,2377
7/8/2011,989.84,40732,2378
7/11/2011,984.05,40735,2381
7/12/2011,977.19,40736,2382
7/13/2011,984.05,40737,2383
7/14/2011,998.1,40738,2384
7/15/2011,990.26,40739,2385
7/18/2011,978.08,40742,2388
7/19/2011,991.33,40743,2389
7/20/2011,975.98,40744,2390
7/21/2011,971.91,40745,2391
7/22/2011,997.17,40746,2392
7/25/2011,1003.52,40749,2395
7/26/2011,970.56,40750,2396
7/27/2011,956.88,40751,2397
7/28/2011,949.93,40752,2398
7/29/2011,967.95,40753,2399
8/1/2011,975.98,40756,2402
8/2/2011,953.9,40757,2403
8/3/2011,935.46,40758,2404
8/4/2011,927.24,40759,2405
8/5/2011,902.36,40760,2406
8/8/2011,887.79,40763,2409
8/9/2011,877.76,40764,2410
8/10/2011,899.74,40765,2411
8/11/2011,880,40766,2412
8/12/2011,877.57,40767,2413
8/16/2011,873.51,40771,2417
8/17/2011,849.42,40772,2418
8/18/2011,806.47,40773,2419
8/19/2011,776.93,40774,2420
8/22/2011,794.52,40777,2423
8/23/2011,795.6,40778,2424
8/24/2011,786.31,40779,2425
8/25/2011,778.51,40780,2426
8/26/2011,765.81,40781,2427
8/29/2011,801.11,40784,2430
8/30/2011,816,40785,2431
9/2/2011,828.27,40788,2434
9/5/2011,824.59,40791,2437
9/6/2011,830.24,40792,2438
9/7/2011,837.8,40793,2439
9/8/2011,857.96,40794,2440
9/9/2011,837.28,40795,2441
9/12/2011,805.12,40798,2444
9/13/2011,795.83,40799,2445
9/14/2011,806.71,40800,2446
9/15/2011,818.05,40801,2447
9/16/2011,825.24,40802,2448
9/19/2011,802.46,40805,2451
9/20/2011,823.79,40806,2452
9/21/2011,841.39,40807,2453
9/22/2011,805.12,40808,2454
9/23/2011,787.76,40809,2455
9/26/2011,801.11,40812,2458
9/27/2011,827.25,40813,2459
9/28/2011,811.1,40814,2460
9/29/2011,831.59,40815,2461
9/30/2011,817.3,40816,2462
10/3/2011,783.41,40819,2465
10/4/2011,747.8,40820,2466
10/5/2011,727.54,40821,2467
10/7/2011,769.74,40823,2469
10/10/2011,786.73,40826,2472
10/11/2011,777.25,40827,2473
10/12/2011,802.65,40828,2474
10/13/2011,821.46,40829,2475
10/14/2011,831.31,40830,2476
10/17/2011,839.2,40833,2479
10/18/2011,818.33,40834,2480
10/19/2011,844.15,40835,2481
10/20/2011,819.78,40836,2482
10/21/2011,812.78,40837,2483
10/24/2011,810.82,40840,2486
10/25/2011,820.11,40841,2487
10/26/2011,813.85,40842,2488
10/28/2011,871.41,40844,2490
10/31/2011,869.35,40847,2493
11/1/2011,835.6,40848,2494
11/2/2011,826.27,40849,2495
11/3/2011,819.78,40850,2496
11/4/2011,825.61,40851,2497
11/8/2011,822.81,40855,2501
11/9/2011,804.93,40856,2502
11/11/2011,766.51,40858,2504
11/14/2011,766.51,40861,2507
11/15/2011,737.43,40862,2508
11/16/2011,736.5,40863,2509
11/17/2011,726.56,40864,2510
11/18/2011,718.99,40865,2511
11/21/2011,683.05,40868,2514
11/22/2011,695.98,40869,2515
11/23/2011,678.47,40870,2516
11/24/2011,681.65,40871,2517
11/25/2011,670.54,40872,2518
11/28/2011,700.09,40875,2521
11/29/2011,685.24,40876,2522
11/30/2011,665.17,40877,2523
12/1/2011,711.57,40878,2524
12/2/2011,735.42,40879,2525
12/5/2011,727.82,40882,2528
12/6/2011,727.82,40883,2529
12/7/2011,716.89,40884,2530
12/8/2011,694.91,40885,2531
12/9/2011,682.63,40886,2532
12/12/2011,660.17,40889,2535
12/13/2011,659.57,40890,2536
12/14/2011,657.65,40891,2537
12/15/2011,652.24,40892,2538
12/16/2011,631.14,40893,2539
12/19/2011,613.59,40896,2542
12/20/2011,610.04,40897,2543
12/21/2011,655.74,40898,2544
12/22/2011,679.83,40899,2545
12/23/2011,673.85,40900,2546
12/26/2011,681.18,40903,2549
12/27/2011,677.91,40904,2550
12/28/2011,651.07,40905,2551
12/29/2011,640.43,40906,2552
12/30/2011,639.21,40907,2553
1/2/2012,650.32,40910,2556
1/3/2012,677.63,40911,2557
1/4/2012,693.78,40912,2558
1/5/2012,698.45,40913,2559
1/6/2012,701.81,40914,2560
1/9/2012,698.17,40917,2563
1/10/2012,723.1,40918,2564
1/11/2012,728.38,40919,2565
1/12/2012,729.54,40920,2566
1/13/2012,737.06,40921,2567
1/16/2012,739.07,40924,2570
1/17/2012,733.42,40925,2571
1/18/2012,718.57,40926,2572
1/19/2012,744.29,40927,2573
1/20/2012,786.54,40928,2574
1/23/2012,799.89,40931,2577
1/24/2012,829.12,40932,2578
1/25/2012,821.65,40933,2579
1/26/2012,821.65,40934,2580
1/27/2012,829.02,40935,2581
1/30/2012,795.64,40938,2584
1/31/2012,842.28,40939,2585
2/1/2012,830.84,40940,2586
2/2/2012,842.47,40941,2587
2/3/2012,855.49,40942,2588
2/6/2012,866.46,40945,2591
2/7/2012,875.52,40946,2592
2/8/2012,859.37,40947,2593
2/9/2012,877.43,40948,2594
2/10/2012,868.7,40949,2595
2/13/2012,872.62,40952,2598
2/14/2012,881.07,40953,2599
2/15/2012,916.04,40954,2600
2/16/2012,904.51,40955,2601
2/17/2012,916.46,40956,2602
2/20/2012,916.46,40959,2605
2/21/2012,925.51,40960,2606
2/22/2012,894.14,40961,2607
2/23/2012,881.31,40962,2608
2/24/2012,869.82,40963,2609
2/27/2012,828.56,40966,2612
2/28/2012,850.36,40967,2613
2/29/2012,846.15,40968,2614
3/1/2012,824.87,40969,2615
3/2/2012,842.79,40970,2616
3/5/2012,812.59,40973,2619
3/6/2012,796.62,40974,2620
3/7/2012,803.07,40975,2621
3/8/2012,824.87,40976,2622
3/9/2012,853.53,40977,2623
3/12/2012,867.3,40980,2626
3/13/2012,868.14,40981,2627
3/14/2012,890.6,40982,2628
3/15/2012,868.47,40983,2629
3/16/2012,856.8,40984,2630
3/19/2012,847.65,40987,2633
3/20/2012,848.3,40988,2634
3/21/2012,872.06,40989,2635
3/22/2012,839.95,40990,2636
3/23/2012,850.12,40991,2637
3/26/2012,814.6,40994,2640
3/27/2012,819.64,40995,2641
3/28/2012,802.32,40996,2642
3/29/2012,798.96,40997,2643
3/30/2012,831.12,40998,2644
4/2/2012,831.36,41001,2647
4/3/2012,847.93,41002,2648
4/4/2012,831.17,41003,2649
4/5/2012,831.17,41004,2650
4/6/2012,831.17,41005,2651
4/9/2012,809.51,41008,2654
4/10/2012,806.47,41009,2655
4/11/2012,807.31,41010,2656
4/12/2012,820.99,41011,2657
4/13/2012,807.59,41012,2658
4/16/2012,815.62,41015,2661
4/17/2012,826.69,41016,2662
4/18/2012,822.77,41017,2663
4/19/2012,819.59,41018,2664
4/20/2012,803.91,41019,2665
4/23/2012,787.9,41022,2668
4/24/2012,791.54,41023,2669
4/25/2012,782.76,41024,2670
4/26/2012,785.61,41025,2671
4/27/2012,803.72,41026,2672
4/30/2012,823.79,41029,2675
5/1/2012,823.75,41030,2676
5/2/2012,823.51,41031,2677
5/3/2012,800.64,41032,2678
5/4/2012,778.05,41033,2679
5/7/2012,791.96,41036,2682
5/8/2012,775.06,41037,2683
5/9/2012,767.4,41038,2684
5/10/2012,760.12,41039,2685
5/11/2012,759.23,41040,2686
5/14/2012,747.56,41043,2689
5/15/2012,762.64,41044,2690
5/16/2012,741.68,41045,2691
5/17/2012,735.19,41046,2692
5/18/2012,751.76,41047,2693
5/21/2012,757.27,41050,2696
5/22/2012,747.66,41051,2697
5/23/2012,740.65,41052,2698
5/24/2012,766.14,41053,2699
5/25/2012,760.54,41054,2700
5/28/2012,779.03,41057,2703
5/29/2012,783.04,41058,2704
5/30/2012,763.01,41059,2705
5/31/2012,746.34,41060,2706
6/1/2012,744.86,41061,2707
6/4/2012,751.67,41064,2710
6/5/2012,754.72,41065,2711
6/6/2012,770.3,41066,2712
6/7/2012,790.93,41067,2713
6/8/2012,790.08,41068,2714
6/11/2012,787.79,41071,2717
6/12/2012,799.51,41072,2718
6/13/2012,809.32,41073,2719
6/14/2012,780.26,41074,2720
6/15/2012,805.85,41075,2721
6/18/2012,778.07,41078,2724
6/19/2012,787.84,41079,2725
6/20/2012,793.74,41080,2726
6/21/2012,809.61,41081,2727
6/22/2012,811.56,41082,2728
6/25/2012,806.99,41085,2731
6/26/2012,804.32,41086,2732
6/27/2012,812.33,41087,2733
6/28/2012,816.57,41088,2734
6/29/2012,857.11,41089,2735
7/2/2012,852.25,41092,2738
7/3/2012,859.11,41093,2739
7/4/2012,860.25,41094,2740
7/5/2012,877.45,41095,2741
7/6/2012,891.03,41096,2742
7/9/2012,886.17,41099,2745
7/10/2012,898.46,41100,2746
7/11/2012,892.41,41101,2747
7/12/2012,884.12,41102,2748
7/13/2012,882.41,41103,2749
7/16/2012,876.74,41106,2752
7/17/2012,879.41,41107,2753
7/18/2012,894.94,41108,2754
7/19/2012,906.04,41109,2755
7/20/2012,891.08,41110,2756
7/23/2012,869.97,41113,2759
7/24/2012,873.17,41114,2760
7/25/2012,874.69,41115,2761
7/26/2012,864.02,41116,2762
7/27/2012,884.51,41117,2763
7/30/2012,919.05,41120,2766
7/31/2012,916.09,41121,2767
8/1/2012,914.38,41122,2768
8/2/2012,913.71,41123,2769
8/3/2012,895.65,41124,2770
8/6/2012,909.04,41127,2773
8/7/2012,928.39,41128,2774
8/8/2012,913.09,41129,2775
8/9/2012,907.76,41130,2776
8/10/2012,909.76,41131,2777
8/13/2012,904.23,41134,2780
8/14/2012,924.1,41135,2781
8/15/2012,924.1,41136,2782
8/16/2012,911.33,41137,2783
8/17/2012,916.81,41138,2784
8/20/2012,916.81,41141,2787
8/21/2012,929.24,41142,2788
8/22/2012,927.96,41143,2789
8/23/2012,927.96,41144,2790
8/24/2012,909.38,41145,2791
8/27/2012,891.18,41148,2794
8/28/2012,878.88,41149,2795
8/29/2012,873.21,41150,2796
8/30/2012,876.6,41151,2797
8/31/2012,859.64,41152,2798
9/3/2012,860.25,41155,2801
9/4/2012,869.64,41156,2802
9/5/2012,838.2,41157,2803
9/6/2012,854.2,41158,2804
9/7/2012,893.65,41159,2805
9/10/2012,890.27,41162,2808
9/11/2012,901.23,41163,2809
9/12/2012,904.37,41164,2810
9/13/2012,914.23,41165,2811
9/14/2012,960.5,41166,2812
9/17/2012,1010.67,41169,2815
9/18/2012,999.61,41170,2816
9/19/2012,999.61,41171,2817
9/20/2012,974.36,41172,2818
9/21/2012,1015.29,41173,2819
9/24/2012,1020.48,41176,2822
9/25/2012,1016.62,41177,2823
9/26/2012,1015.29,41178,2824
9/27/2012,1005.62,41179,2825
9/28/2012,1008.9,41180,2826
10/1/2012,1001.14,41183,2829
10/2/2012,1001.14,41184,2830
10/3/2012,1003.38,41185,2831
10/4/2012,1032.34,41186,2832
10/5/2012,1016.43,41187,2833
10/8/2012,1002.61,41190,2836
10/9/2012,1014,41191,2837
10/10/2012,1004.52,41192,2838
10/11/2012,1008.09,41193,2839
10/12/2012,995.52,41194,2840
10/15/2012,1003.76,41197,2843
10/16/2012,994.09,41198,2844
10/17/2012,1000.09,41199,2845
10/18/2012,1014.76,41200,2846
10/19/2012,1007.47,41201,2847
10/22/2012,1024.91,41204,2850
10/23/2012,1028.58,41205,2851
10/24/2012,1028.58,41206,2852
10/25/2012,1035.92,41207,2853
10/26/2012,1035.92,41208,2854
10/29/2012,1018.1,41211,2857
10/30/2012,995.9,41212,2858
10/31/2012,1000.71,41213,2859
11/1/2012,1007.52,41214,2860
11/2/2012,1028.77,41215,2861
11/5/2012,1026.86,41218,2864
11/6/2012,1029.77,41219,2865
11/7/2012,1041.44,41220,2866
11/8/2012,1025.29,41221,2867
11/9/2012,1009.28,41222,2868
11/12/2012,1008.52,41225,2871
11/13/2012,1008.52,41226,2872
11/14/2012,1008.52,41227,2873
11/15/2012,1004.95,41228,2874
11/16/2012,978.89,41229,2875
11/19/2012,973.03,41232,2878
11/20/2012,975.84,41233,2879
11/21/2012,995.23,41234,2880
11/22/2012,983.94,41235,2881
11/23/2012,976.79,41236,2882
11/26/2012,970.31,41239,2885
11/27/2012,985.37,41240,2886
11/28/2012,985.37,41241,2887
11/29/2012,1030.77,41242,2888
11/30/2012,1048.02,41243,2889
12/3/2012,1050.35,41246,2892
12/4/2012,1066.6,41247,2893
12/5/2012,1067.03,41248,2894
12/6/2012,1082.18,41249,2895
12/7/2012,1078.37,41250,2896
12/10/2012,1068.6,41253,2899
12/11/2012,1069.74,41254,2900
12/12/2012,1060.74,41255,2901
12/13/2012,1068.41,41256,2902
12/14/2012,1082.51,41257,2903
12/17/2012,1090.18,41260,2906
12/18/2012,1094.8,41261,2907
12/19/2012,1085.09,41262,2908
12/20/2012,1085.94,41263,2909
12/21/2012,1070.94,41264,2910
12/24/2012,1068.65,41267,2913
12/25/2012,1068.65,41268,2914
12/26/2012,1094.52,41269,2915
12/27/2012,1082.89,41270,2916
12/28/2012,1087.75,41271,2917
12/31/2012,1084.61,41274,2920
1/1/2013,1103.86,41275,2921
1/2/2013,1118.67,41276,2922
1/3/2013,1116.82,41277,2923
1/4/2013,1126.68,41278,2924
1/7/2013,1126.44,41281,2927
1/8/2013,1123.96,41282,2928
1/9/2013,1124.82,41283,2929
1/10/2013,1123.91,41284,2930
1/11/2013,1108.72,41285,2931
1/14/2013,1129.3,41288,2934
1/15/2013,1147.59,41289,2935
1/16/2013,1124.25,41290,2936
1/17/2013,1107.72,41291,2937
1/18/2013,1120.77,41292,2938
1/21/2013,1122.06,41295,2941
1/22/2013,1115.01,41296,2942
1/23/2013,1125.34,41297,2943
1/24/2013,1109.62,41298,2944
1/25/2013,1117.67,41299,2945
1/28/2013,1134.16,41302,2948
1/29/2013,1144.59,41303,2949
1/30/2013,1155.55,41304,2950
1/31/2013,1135.02,41305,2951
2/1/2013,1115.96,41306,2952
2/4/2013,1126.06,41309,2955
2/5/2013,1111.1,41310,2956
2/6/2013,1100.81,41311,2957
2/7/2013,1090.9,41312,2958
2/8/2013,1076.89,41313,2959
2/11/2013,1069.79,41316,2962
2/12/2013,1075.65,41317,2963
2/13/2013,1088.75,41318,2964
2/14/2013,1073.13,41319,2965
2/15/2013,1068.98,41320,2966
2/18/2013,1069.12,41323,2969
2/19/2013,1078.08,41324,2970
2/20/2013,1068.7,41325,2971
2/21/2013,1028.72,41326,2972
2/22/2013,1041.06,41327,2973
2/25/2013,1042.35,41330,2976
2/26/2013,1013.86,41331,2977
2/27/2013,1032.11,41332,2978
2/28/2013,991.37,41333,2979
3/1/2013,1006.57,41334,2980
3/4/2013,1008.76,41337,2983
3/5/2013,1042.06,41338,2984
3/6/2013,1056.12,41339,2985
3/7/2013,1064.5,41340,2986
3/8/2013,1085.61,41341,2987
3/11/2013,1078.61,41344,2990
3/12/2013,1070.17,41345,2991
3/13/2013,1034.54,41346,2992
3/14/2013,1058.31,41347,2993
3/15/2013,1017.19,41348,2994
3/18/2013,1001.85,41351,2997
3/19/2013,983.94,41352,2998
3/20/2013,954.35,41353,2999
3/21/2013,986.56,41354,3000
3/22/2013,979.89,41355,3001
3/25/2013,964.88,41358,3004
3/26/2013,972.79,41359,3005
3/27/2013,972.79,41360,3006
3/28/2013,995.94,41361,3007
3/29/2013,995.94,41362,3008
4/1/2013,1001.99,41365,3011
4/2/2013,997.56,41366,3012
4/3/2013,982.79,41367,3013
4/4/2013,962.4,41368,3014
4/5/2013,951.11,41369,3015
4/8/2013,942.49,41372,3018
4/9/2013,943.39,41373,3019
4/10/2013,956.97,41374,3020
4/11/2013,990.04,41375,3021
4/12/2013,996.09,41376,3022
4/15/2013,997.75,41379,3025
4/16/2013,1028.06,41380,3026
4/17/2013,1045.92,41381,3027
4/18/2013,1069.74,41382,3028
4/19/2013,1069.74,41383,3029
4/22/2013,1094.33,41386,3032
4/23/2013,1106.57,41387,3033
4/24/2013,1106.57,41388,3034
4/25/2013,1121.87,41389,3035
4/26/2013,1090.56,41390,3036
4/29/2013,1098.85,41393,3039
4/30/2013,1108.81,41394,3040
5/1/2013,1108.81,41395,3041
5/2/2013,1116.48,41396,3042
5/3/2013,1076.7,41397,3043
5/6/2013,1088.8,41400,3046
5/7/2013,1109.1,41401,3047
5/8/2013,1105.48,41402,3048
5/9/2013,1098.33,41403,3049
5/10/2013,1110.43,41404,3050
5/13/2013,1094.66,41407,3053
5/14/2013,1093.38,41408,3054
5/15/2013,1135.11,41409,3055
5/16/2013,1150.6,41410,3056
5/17/2013,1172.46,41411,3057
5/20/2013,1152.79,41414,3060
5/21/2013,1153.93,41415,3061
5/22/2013,1153.07,41416,3062
5/23/2013,1117.05,41417,3063
5/24/2013,1147.4,41418,3064
5/27/2013,1161.93,41421,3067
5/28/2013,1173.89,41422,3068
5/29/2013,1157.65,41423,3069
5/30/2013,1145.92,41424,3070
5/31/2013,1118.46,41425,3071
6/3/2013,1109.45,41428,3074
6/4/2013,1102.71,41429,3075
6/5/2013,1099.03,41430,3076
6/6/2013,1118.6,41431,3077
6/7/2013,1106.11,41432,3078
6/10/2013,1082.95,41435,3081
6/11/2013,1042.94,41436,3082
6/12/2013,1047.54,41437,3083
6/13/2013,1035.53,41438,3084
6/14/2013,1067.79,41439,3085
6/17/2013,1067.11,41442,3088
6/18/2013,1056.94,41443,3089
6/19/2013,1052.82,41444,3090
6/20/2013,1013.53,41445,3091
6/21/2013,1012.27,41446,3092
6/24/2013,1016.44,41449,3095
6/25/2013,1000.65,41450,3096
6/26/2013,994.16,41451,3097
6/27/2013,998.42,41452,3098
6/28/2013,1037.37,41453,3099
7/1/2013,1034.61,41456,3102
7/2/2013,1045.46,41457,3103
7/3/2013,1030.83,41458,3104
7/4/2013,1030.54,41459,3105
7/5/2013,1018.77,41460,3106
7/8/2013,995.9,41463,3109
7/9/2013,1002.1,41464,3110
7/10/2013,1006.17,41465,3111
7/11/2013,1024.97,41466,3112
7/12/2013,1027.34,41467,3113
7/15/2013,1027.97,41470,3116
7/16/2013,972.17,41471,3117
7/17/2013,949.69,41472,3118
7/18/2013,953.76,41473,3119
7/19/2013,929.39,41474,3120
7/22/2013,944.07,41477,3123
7/23/2013,958.8,41478,3124
7/24/2013,922.13,41479,3125
7/25/2013,905.7,41480,3126
7/26/2013,902.51,41481,3127
7/29/2013,899.65,41484,3130
7/30/2013,897.18,41485,3131
7/31/2013,880.71,41486,3132
8/1/2013,885.7,41487,3133
8/2/2013,859.44,41488,3134
8/5/2013,874.31,41491,3137
8/6/2013,839.34,41492,3138
8/7/2013,841.18,41493,3139
8/8/2013,847.77,41494,3140
8/9/2013,847.77,41495,3141
8/12/2013,840.02,41498,3144
8/13/2013,864.72,41499,3145
8/14/2013,877.71,41500,3146
8/15/2013,877.71,41501,3147
8/16/2013,831.83,41502,3148
8/19/2013,789.93,41505,3151
8/20/2013,804.51,41506,3152
8/21/2013,803.69,41507,3153
8/22/2013,805.19,41508,3154
8/23/2013,826.45,41509,3155
8/26/2013,804.56,41512,3158
8/27/2013,777.58,41513,3159
8/28/2013,771.52,41514,3160
8/29/2013,782.03,41515,3161
8/30/2013,778.69,41516,3162
9/2/2013,800.83,41519,3165
9/3/2013,759.12,41520,3166
9/4/2013,792.25,41521,3167
9/5/2013,865.84,41522,3168
9/6/2013,928.52,41523,3169
9/9/2013,928.52,41526,3172
9/10/2013,939.37,41527,3173
9/11/2013,939.52,41528,3174
9/12/2013,921.54,41529,3175
9/13/2013,912.58,41530,3176
9/16/2013,939.71,41533,3179
9/17/2013,932.44,41534,3180
9/18/2013,942.76,41535,3181
9/19/2013,1003.94,41536,3182
9/20/2013,956.47,41537,3183
9/23/2013,913.89,41540,3186
9/24/2013,915.39,41541,3187
9/25/2013,906.04,41542,3188
9/26/2013,916.6,41543,3189
9/27/2013,894.51,41544,3190
9/30/2013,856.1,41547,3193
10/1/2013,882.36,41548,3194
10/2/2013,882.36,41549,3195
10/3/2013,908.61,41550,3196
10/4/2013,901.59,41551,3197
10/7/2013,887.64,41554,3200
10/8/2013,907.88,41555,3201
10/9/2013,920.77,41556,3202
10/10/2013,918.49,41557,3203
10/11/2013,965.96,41558,3204
10/14/2013,966.06,41561,3207
10/15/2013,944.17,41562,3208
10/16/2013,944.17,41563,3209
10/17/2013,934.82,41564,3210
10/18/2013,977.4,41565,3211
10/21/2013,978.75,41568,3214
10/22/2013,978.66,41569,3215
10/23/2013,993.77,41570,3216
10/24/2013,989.07,41571,3217
10/25/2013,990.33,41572,3218
10/28/2013,983.36,41575,3221
10/29/2013,1041.15,41576,3222
10/30/2013,1064.74,41577,3223
10/31/2013,1086,41578,3224
11/1/2013,1098.11,41579,3225
11/4/2013,1098.11,41582,3228
11/5/2013,1061.83,41583,3229
11/6/2013,1046.72,41584,3230
11/7/2013,1018.67,41585,3231
11/8/2013,1017.17,41586,3232
11/11/2013,1004.86,41589,3235
11/12/2013,981.18,41590,3236
11/13/2013,983.26,41591,3237
11/14/2013,1019.3,41592,3238
11/15/2013,1019.3,41593,3239
11/18/2013,1040.18,41596,3242
11/19/2013,1051.17,41597,3243
11/20/2013,1016.44,41598,3244
11/21/2013,998.13,41599,3245
11/22/2013,988.73,41600,3246
11/25/2013,1041.1,41603,3249
11/26/2013,1011.21,41604,3250
11/27/2013,1010.14,41605,3251
11/28/2013,1005.74,41606,3252
11/29/2013,1035.33,41607,3253
12/2/2013,1054.37,41610,3256
12/3/2013,1051.56,41611,3257
12/4/2013,1033.01,41612,3258
12/5/2013,1100.44,41613,3259
12/6/2013,1108.24,41614,3260
12/9/2013,1164.23,41617,3263
12/10/2013,1122.24,41618,3264
12/11/2013,1122.24,41619,3265
12/12/2013,1097.29,41620,3266
12/13/2013,1051.17,41621,3267
12/16/2013,1063.33,41624,3270
12/17/2013,1064.06,41625,3271
12/18/2013,1061.64,41626,3272
12/19/2013,1030.34,41627,3273
12/20/2013,1053.79,41628,3274
12/23/2013,1063.82,41631,3277
12/24/2013,1064.59,41632,3278
12/25/2013,1064.59,41633,3279
12/26/2013,1065.37,41634,3280
12/27/2013,1075.64,41635,3281
12/30/2013,1062.51,41638,3284
12/31/2013,1064.49,41639,3285
1/1/2014,1063.48,41640,3286
1/2/2014,1042.07,41641,3287
1/3/2014,1033.54,41642,3288
1/6/2014,1008.35,41645,3291
1/7/2014,1017.26,41646,3292
1/8/2014,1021.43,41647,3293
1/9/2014,1018.09,41648,3294
1/10/2014,992.56,41649,3295
1/13/2014,1022.01,41652,3298
1/14/2014,1004.14,41653,3299
1/15/2014,1025.35,41654,3300
1/16/2014,1025.89,41655,3301
1/17/2014,1002.3,41656,3302
1/20/2014,1011.45,41659,3305
1/21/2014,1044.44,41660,3306
1/22/2014,1054.03,41661,3307
1/23/2014,1045.8,41662,3308
1/24/2014,1025.21,41663,3309
1/27/2014,978.32,41666,3312
1/28/2014,986.89,41667,3313
1/29/2014,970.18,41668,3314
1/30/2014,944.17,41669,3315
1/31/2014,956.91,41670,3316
2/3/2014,933.46,41673,3319
2/4/2014,938.45,41674,3320
2/5/2014,936.13,41675,3321
2/6/2014,928.18,41676,3322
2/7/2014,930.51,41677,3323
2/10/2014,930.6,41680,3326
2/11/2014,938.64,41681,3327
2/12/2014,968.05,41682,3328
2/13/2014,952.93,41683,3329
2/14/2014,957.63,41684,3330
2/17/2014,977.69,41687,3333
2/18/2014,1005.44,41688,3334
2/19/2014,998.76,41689,3335
2/20/2014,976.43,41690,3336
2/21/2014,993.33,41691,3337
2/24/2014,1003.89,41694,3340
2/25/2014,998.95,41695,3341
2/26/2014,1004.14,41696,3342
2/27/2014,1004.14,41697,3343
2/28/2014,1011.31,41698,3344
3/3/2014,997.69,41701,3347
3/4/2014,1035.77,41702,3348
3/5/2014,1065.12,41703,3349
3/6/2014,1098.6,41704,3350
3/7/2014,1164.43,41705,3351
3/10/2014,1156.39,41708,3354
3/11/2014,1160.8,41709,3355
3/12/2014,1173.87,41710,3356
3/13/2014,1181.96,41711,3357
3/14/2014,1177.12,41712,3358
3/17/2014,1177.12,41715,3361
3/18/2014,1166.95,41716,3362
3/19/2014,1172.23,41717,3363
3/20/2014,1163.31,41718,3364
3/21/2014,1162.15,41719,3365
3/24/2014,1203.47,41722,3368
3/25/2014,1213.5,41723,3369
3/26/2014,1217.33,41724,3370
3/27/2014,1219.75,41725,3371
3/28/2014,1219.94,41726,3372
3/31/2014,1206.23,41729,3375
4/1/2014,1185.79,41730,3376
4/2/2014,1204.3,41731,3377
4/3/2014,1195.29,41732,3378
4/4/2014,1192.09,41733,3379
4/7/2014,1171.45,41736,3382
4/8/2014,1171.45,41737,3383
4/9/2014,1220.52,41738,3384
4/10/2014,1208.46,41739,3385
4/11/2014,1197.51,41740,3386
4/14/2014,1197.51,41743,3389
4/15/2014,1181.43,41744,3390
4/16/2014,1184.43,41745,3391
4/17/2014,1223.48,41746,3392
4/18/2014,1223.48,41747,3393
4/21/2014,1242.03,41750,3396
4/22/2014,1249.68,41751,3397
4/23/2014,1259.03,41752,3398
4/24/2014,1259.03,41753,3399
4/25/2014,1230.89,41754,3400
4/28/2014,1235.73,41757,3403
4/29/2014,1223.43,41758,3404
4/30/2014,1204.63,41759,3405
5/1/2014,1204.63,41760,3406
5/2/2014,1213.35,41761,3407
5/5/2014,1213.4,41764,3410
5/6/2014,1235.83,41765,3411
5/7/2014,1231.03,41766,3412
5/8/2014,1248.81,41767,3413
5/9/2014,1335.62,41768,3414
5/12/2014,1355.09,41771,3417
5/13/2014,1357.13,41772,3418
5/14/2014,1365.46,41773,3419
5/15/2014,1351.6,41774,3420
5/16/2014,1419.62,41775,3421
5/19/2014,1422.62,41778,3424
5/20/2014,1404.7,41779,3425
5/21/2014,1395.64,41780,3426
5/22/2014,1406.25,41781,3427
5/23/2014,1415.26,41782,3428
5/26/2014,1409.2,41785,3431
5/27/2014,1401.98,41786,3432
5/28/2014,1410.8,41787,3433
5/29/2014,1392.15,41788,3434
5/30/2014,1373.84,41789,3435
6/2/2014,1418.55,41792,3438
6/3/2014,1412.88,41793,3439
6/4/2014,1446.4,41794,3440
6/5/2014,1463.15,41795,3441
6/6/2014,1486.3,41796,3442
6/9/2014,1487.25,41799,3445
6/10/2014,1481.25,41800,3446
6/11/2014,1469.9,41801,3447
6/12/2014,1459.4,41802,3448
6/13/2014,1428.35,41803,3449
6/16/2014,1413.95,41806,3452
6/17/2014,1449.5,41807,3453
6/18/2014,1421.5,41808,3454
6/19/2014,1411.75,41809,3455
6/20/2014,1396.85,41810,3456
6/23/2014,1414.2,41813,3459
6/24/2014,1439.3,41814,3460
6/25/2014,1420.5,41815,3461
6/26/2014,1402.65,41816,3462
6/27/2014,1384.65,41817,3463
6/30/2014,1418.15,41820,3466
7/1/2014,1438.05,41821,3467
7/2/2014,1452,41822,3468
7/3/2014,1454.05,41823,3469
7/4/2014,1462.85,41824,3470
7/7/2014,1451.35,41827,3473
7/8/2014,1411.2,41828,3474
7/9/2014,1403.05,41829,3475
7/10/2014,1389,41830,3476
7/11/2014,1356.6,41831,3477
7/14/2014,1344.25,41834,3480
7/15/2014,1394.6,41835,3481
7/16/2014,1460.85,41836,3482
7/17/2014,1450.6,41837,3483
7/18/2014,1480.45,41838,3484
7/21/2014,1482.6,41841,3487
7/22/2014,1483.25,41842,3488
7/23/2014,1509.45,41843,3489
7/24/2014,1506.4,41844,3490
7/25/2014,1475.65,41845,3491
7/28/2014,1451,41848,3494
7/29/2014,1451,41849,3495
7/30/2014,1488.45,41850,3496
7/31/2014,1471.25,41851,3497
8/1/2014,1475.65,41852,3498
8/4/2014,1491.4,41855,3501
8/5/2014,1486.55,41856,3502
8/6/2014,1447.1,41857,3503
8/7/2014,1444.85,41858,3504
8/8/2014,1437.15,41859,3505
8/11/2014,1440.9,41862,3508
8/12/2014,1463.3,41863,3509
8/13/2014,1452.2,41864,3510
8/14/2014,1479.65,41865,3511
8/15/2014,1479.65,41866,3512
8/18/2014,1530.7,41869,3515
8/19/2014,1542.9,41870,3516
8/20/2014,1542.75,41871,3517
8/21/2014,1544.95,41872,3518
8/22/2014,1539.55,41873,3519
8/25/2014,1514.3,41876,3522
8/26/2014,1508.05,41877,3523
8/27/2014,1540.3,41878,3524
8/28/2014,1556.8,41879,3525
8/29/2014,1556.8,41880,3526
9/1/2014,1598.3,41883,3529
9/2/2014,1591.1,41884,3530
9/3/2014,1580.8,41885,3531
9/4/2014,1571.65,41886,3532
9/5/2014,1547.05,41887,3533
9/8/2014,1567.8,41890,3536
9/9/2014,1545.75,41891,3537
9/10/2014,1570.1,41892,3538
9/11/2014,1565.85,41893,3539
9/12/2014,1564.4,41894,3540
9/15/2014,1553.35,41897,3543
9/16/2014,1525.75,41898,3544
9/17/2014,1529.75,41899,3545
9/18/2014,1565,41900,3546
9/19/2014,1572.2,41901,3547
9/22/2014,1578.85,41904,3550
9/23/2014,1538.5,41905,3551
9/24/2014,1516.4,41906,3552
9/25/2014,1465.3,41907,3553
9/26/2014,1477.95,41908,3554
9/29/2014,1458.5,41911,3557
9/30/2014,1433.55,41912,3558
10/1/2014,1428.85,41913,3559
10/2/2014,1428.85,41914,3560
10/3/2014,1428.85,41915,3561
10/6/2014,1428.85,41918,3564
10/7/2014,1429.65,41919,3565
10/8/2014,1448.55,41920,3566
10/9/2014,1488.4,41921,3567
10/10/2014,1458.95,41922,3568
10/13/2014,1477.9,41925,3571
10/14/2014,1478.05,41926,3572
10/15/2014,1478.05,41927,3573
10/16/2014,1460.55,41928,3574
10/17/2014,1505.2,41929,3575
10/20/2014,1536.9,41932,3578
10/21/2014,1582.1,41933,3579
10/22/2014,1571,41934,3580
10/23/2014,1571,41935,3581
10/24/2014,1571,41936,3582
