1/3/2005,89.9,38355,1
1/4/2005,88.75,38356,2
1/5/2005,82.66,38357,3
1/6/2005,79.84,38358,4
1/7/2005,83.69,38359,5
1/10/2005,80.43,38362,8
1/11/2005,82.58,38363,9
1/12/2005,80.27,38364,10
1/13/2005,84.17,38365,11
1/14/2005,86.6,38366,12
1/17/2005,88.31,38369,15
1/18/2005,92.01,38370,16
1/19/2005,90.14,38371,17
1/20/2005,94.2,38372,18
1/21/2005,94.2,38373,19
1/24/2005,87.59,38376,22
1/25/2005,85.56,38377,23
1/26/2005,85.56,38378,24
1/27/2005,88.39,38379,25
1/28/2005,87.27,38380,26
1/31/2005,87.35,38383,29
2/1/2005,83.77,38384,30
2/2/2005,87.51,38385,31
2/3/2005,89.58,38386,32
2/4/2005,92.49,38387,33
2/7/2005,91.09,38390,36
2/8/2005,89.98,38391,37
2/9/2005,90.34,38392,38
2/10/2005,88.55,38393,39
2/11/2005,86.4,38394,40
2/14/2005,86.72,38397,43
2/15/2005,88.59,38398,44
2/16/2005,87.2,38399,45
2/17/2005,85.13,38400,46
2/18/2005,80.83,38401,47
2/21/2005,76.93,38404,50
2/22/2005,78.05,38405,51
2/23/2005,78.44,38406,52
2/24/2005,76.65,38407,53
2/25/2005,73.59,38408,54
2/28/2005,74.98,38411,57
3/1/2005,73.15,38412,58
3/2/2005,75.74,38413,59
3/3/2005,78.72,38414,60
3/4/2005,79.52,38415,61
3/7/2005,80.35,38418,64
3/8/2005,82.94,38419,65
3/9/2005,82.02,38420,66
3/10/2005,82.02,38421,67
3/11/2005,80.35,38422,68
3/14/2005,80.04,38425,71
3/15/2005,77.57,38426,72
3/16/2005,77.17,38427,73
3/17/2005,75.62,38428,74
3/18/2005,73.83,38429,75
3/21/2005,74.23,38432,78
3/22/2005,70.37,38433,79
3/23/2005,66.51,38434,80
3/24/2005,73.39,38435,81
3/25/2005,73.39,38436,82
3/28/2005,72.12,38439,85
3/29/2005,70.25,38440,86
3/30/2005,71.8,38441,87
3/31/2005,72.52,38442,88
4/1/2005,71.64,38443,89
4/4/2005,72.36,38446,92
4/5/2005,70.29,38447,93
4/6/2005,72.04,38448,94
4/7/2005,70.89,38449,95
4/8/2005,72,38450,96
4/11/2005,71.05,38453,99
4/12/2005,71.2,38454,100
4/13/2005,71.68,38455,101
4/14/2005,71.68,38456,102
4/15/2005,68.58,38457,103
4/18/2005,69.89,38460,106
4/19/2005,66.55,38461,107
4/20/2005,67.07,38462,108
4/21/2005,67.78,38463,109
4/22/2005,67.47,38464,110
4/25/2005,67.43,38467,113
4/26/2005,66.03,38468,114
4/27/2005,66.51,38469,115
4/28/2005,64.6,38470,116
4/29/2005,63.69,38471,117
5/2/2005,63.25,38474,120
5/3/2005,61.3,38475,121
5/4/2005,66.99,38476,122
5/5/2005,67.31,38477,123
5/6/2005,67.5,38478,124
5/9/2005,66.83,38481,127
5/10/2005,67.9,38482,128
5/11/2005,68.1,38483,129
5/12/2005,67.78,38484,130
5/13/2005,67.19,38485,131
5/16/2005,67.35,38488,134
5/17/2005,65.99,38489,135
5/18/2005,66.83,38490,136
5/19/2005,67.03,38491,137
5/20/2005,66.39,38492,138
5/23/2005,66.43,38495,141
5/24/2005,65.91,38496,142
5/25/2005,64.8,38497,143
5/26/2005,65.2,38498,144
5/27/2005,70.45,38499,145
5/30/2005,69.73,38502,148
5/31/2005,74.39,38503,149
6/1/2005,76.89,38504,150
6/2/2005,83.06,38505,151
6/7/2005,84.17,38510,156
6/8/2005,83.06,38511,157
6/9/2005,82.9,38512,158
6/10/2005,79.76,38513,159
6/13/2005,80.55,38516,162
6/14/2005,81.31,38517,163
6/15/2005,81.23,38518,164
6/16/2005,81.83,38519,165
6/17/2005,81.11,38520,166
6/20/2005,80.23,38523,169
6/21/2005,80.63,38524,170
6/22/2005,84.17,38525,171
6/23/2005,89.07,38526,172
6/24/2005,83.73,38527,173
6/27/2005,84.21,38530,176
6/28/2005,80.59,38531,177
6/29/2005,84.01,38532,178
6/30/2005,81.19,38533,179
7/1/2005,86.08,38534,180
7/4/2005,87.31,38537,183
7/5/2005,85.76,38538,184
7/6/2005,87.91,38539,185
7/7/2005,86.32,38540,186
7/8/2005,87.55,38541,187
7/11/2005,87.59,38544,190
7/12/2005,92.65,38545,191
7/13/2005,91.93,38546,192
7/14/2005,90.54,38547,193
7/15/2005,92.37,38548,194
7/18/2005,92.05,38551,197
7/19/2005,90.42,38552,198
7/20/2005,90.3,38553,199
7/21/2005,86.8,38554,200
7/22/2005,90.1,38555,201
7/25/2005,90.1,38558,204
7/26/2005,91.09,38559,205
7/27/2005,90.5,38560,206
7/29/2005,88.47,38562,208
8/1/2005,88.95,38565,211
8/2/2005,90.74,38566,212
8/3/2005,89.18,38567,213
8/4/2005,90.62,38568,214
8/5/2005,89.86,38569,215
8/8/2005,87.27,38572,218
8/9/2005,86.24,38573,219
8/10/2005,87.39,38574,220
8/11/2005,87.87,38575,221
8/12/2005,87.67,38576,222
8/16/2005,87.27,38580,226
8/17/2005,89.98,38581,227
8/18/2005,88.51,38582,228
8/19/2005,87.51,38583,229
8/22/2005,88.19,38586,232
8/23/2005,87,38587,233
8/24/2005,84.17,38588,234
8/25/2005,83.02,38589,235
8/26/2005,84.37,38590,236
8/29/2005,83.3,38593,239
8/30/2005,84.37,38594,240
8/31/2005,86.76,38595,241
9/1/2005,86.92,38596,242
9/2/2005,85.68,38597,243
9/5/2005,85.13,38600,246
9/6/2005,87.59,38601,247
9/8/2005,86.72,38603,249
9/9/2005,86.4,38604,250
9/12/2005,86.36,38607,253
9/13/2005,87.43,38608,254
9/14/2005,87.75,38609,255
9/15/2005,92.37,38610,256
9/16/2005,95.23,38611,257
9/19/2005,99.53,38614,260
9/20/2005,98.73,38615,261
9/21/2005,97.3,38616,262
9/22/2005,89.9,38617,263
9/23/2005,92.17,38618,264
9/26/2005,97.54,38621,267
9/27/2005,96.58,38622,268
9/28/2005,96.86,38623,269
9/29/2005,96.74,38624,270
9/30/2005,98.06,38625,271
10/3/2005,101.71,38628,274
10/4/2005,102.27,38629,275
10/5/2005,101.08,38630,276
10/6/2005,97.02,38631,277
10/7/2005,95.63,38632,278
10/10/2005,94.16,38635,281
10/11/2005,96.34,38636,282
10/13/2005,94.99,38638,284
10/14/2005,92.45,38639,285
10/17/2005,90.7,38642,288
10/18/2005,87.67,38643,289
10/19/2005,82.14,38644,290
10/20/2005,76.57,38645,291
10/21/2005,74.07,38646,292
10/24/2005,72.68,38649,295
10/25/2005,72,38650,296
10/26/2005,72.04,38651,297
10/27/2005,70.37,38652,298
10/28/2005,67.11,38653,299
10/31/2005,68.86,38656,302
11/1/2005,69.93,38657,303
11/2/2005,71.24,38658,304
11/7/2005,74.31,38663,309
11/8/2005,75.1,38664,310
11/9/2005,75.66,38665,311
11/10/2005,76.3,38666,312
11/11/2005,77.01,38667,313
11/14/2005,77.97,38670,316
11/16/2005,78.56,38672,318
11/17/2005,79.6,38673,319
11/18/2005,80.95,38674,320
11/21/2005,78.52,38677,323
11/22/2005,76.46,38678,324
11/23/2005,74.23,38679,325
11/24/2005,76.61,38680,326
11/25/2005,77.73,38681,327
11/28/2005,77.13,38684,330
11/29/2005,75.22,38685,331
11/30/2005,75.38,38686,332
12/1/2005,75.66,38687,333
12/2/2005,75.58,38688,334
12/5/2005,74.35,38691,337
12/6/2005,73.87,38692,338
12/7/2005,74.47,38693,339
12/8/2005,74.35,38694,340
12/9/2005,74.07,38695,341
12/12/2005,76.81,38698,344
12/13/2005,78.64,38699,345
12/14/2005,80.95,38700,346
12/15/2005,78.76,38701,347
12/16/2005,80.23,38702,348
12/19/2005,80.43,38705,351
12/20/2005,80.04,38706,352
12/21/2005,78.36,38707,353
12/22/2005,80,38708,354
12/23/2005,79.44,38709,355
12/26/2005,75.94,38712,358
12/27/2005,77.41,38713,359
12/28/2005,76.34,38714,360
12/29/2005,76.26,38715,361
12/30/2005,77.29,38716,362
1/2/2006,78.17,38719,365
1/3/2006,80.63,38720,366
1/4/2006,82.34,38721,367
1/5/2006,86.12,38722,368
1/6/2006,85.45,38723,369
1/9/2006,83.46,38726,372
1/10/2006,82.74,38727,373
1/12/2006,82.5,38729,375
1/13/2006,82.26,38730,376
1/16/2006,79.32,38733,379
1/17/2006,76.02,38734,380
1/18/2006,74.55,38735,381
1/19/2006,77.05,38736,382
1/20/2006,78.28,38737,383
1/23/2006,77.45,38740,386
1/24/2006,75.94,38741,387
1/25/2006,74.74,38742,388
1/27/2006,75.74,38744,390
1/30/2006,72,38747,393
1/31/2006,71.76,38748,394
2/1/2006,70.33,38749,395
2/2/2006,68.38,38750,396
2/3/2006,67.9,38751,397
2/6/2006,67.86,38754,400
2/7/2006,70.41,38755,401
2/8/2006,70.05,38756,402
2/10/2006,70.45,38758,404
2/13/2006,69.45,38761,407
2/14/2006,69.73,38762,408
2/15/2006,70.85,38763,409
2/16/2006,70.45,38764,410
2/17/2006,69.33,38765,411
2/20/2006,68.42,38768,414
2/21/2006,68.7,38769,415
2/22/2006,67.86,38770,416
2/23/2006,65.87,38771,417
2/24/2006,68.3,38772,418
2/27/2006,68.54,38775,421
2/28/2006,66.63,38776,422
3/1/2006,66.03,38777,423
3/2/2006,65.79,38778,424
3/3/2006,65.24,38779,425
3/6/2006,65.4,38782,428
3/7/2006,68.7,38783,429
3/8/2006,66.07,38784,430
3/9/2006,66.23,38785,431
3/10/2006,66.59,38786,432
3/13/2006,67.15,38789,435
3/14/2006,67.78,38790,436
3/16/2006,66.91,38792,438
3/17/2006,65.95,38793,439
3/20/2006,65.75,38796,442
3/21/2006,65.24,38797,443
3/22/2006,63.85,38798,444
3/23/2006,63.29,38799,445
3/24/2006,62.37,38800,446
3/27/2006,61.66,38803,449
3/28/2006,60.19,38804,450
3/29/2006,61.18,38805,451
3/30/2006,60.54,38806,452
3/31/2006,62.29,38807,453
4/3/2006,63.53,38810,456
4/4/2006,66.43,38811,457
4/5/2006,67.74,38812,458
4/7/2006,68.38,38814,460
4/10/2006,67.98,38817,463
4/12/2006,67.66,38819,465
4/13/2006,65.75,38820,466
4/17/2006,66.43,38824,470
4/18/2006,67.74,38825,471
4/19/2006,66.71,38826,472
4/20/2006,67.62,38827,473
4/21/2006,71.48,38828,474
4/24/2006,70.77,38831,477
4/25/2006,68.1,38832,478
4/26/2006,69.14,38833,479
4/27/2006,67.74,38834,480
4/28/2006,66.91,38835,481
5/2/2006,70.65,38839,485
5/3/2006,72.36,38840,486
5/4/2006,72.84,38841,487
5/5/2006,75.22,38842,488
5/8/2006,74.82,38845,491
5/9/2006,73.47,38846,492
5/10/2006,76.1,38847,493
5/11/2006,73.99,38848,494
5/12/2006,71.08,38849,495
5/15/2006,67.62,38852,498
5/16/2006,67.23,38853,499
5/17/2006,69.77,38854,500
5/18/2006,64,38855,501
5/19/2006,60.78,38856,502
5/22/2006,54.82,38859,505
5/23/2006,57.96,38860,506
5/24/2006,58.71,38861,507
5/25/2006,58.55,38862,508
5/26/2006,60.23,38863,509
5/29/2006,59.11,38866,512
5/30/2006,57.96,38867,513
5/31/2006,55.93,38868,514
6/1/2006,53.62,38869,515
6/2/2006,53.74,38870,516
6/5/2006,53.74,38873,519
6/6/2006,51.24,38874,520
6/7/2006,45.47,38875,521
6/8/2006,39.74,38876,522
6/9/2006,45.27,38877,523
6/12/2006,44.04,38880,526
6/13/2006,39.7,38881,527
6/14/2006,40.3,38882,528
6/19/2006,46.22,38887,533
6/20/2006,46.3,38888,534
6/21/2006,46.14,38889,535
6/22/2006,48.17,38890,536
6/23/2006,47.06,38891,537
6/26/2006,43.88,38894,540
6/27/2006,43.04,38895,541
6/28/2006,43.72,38896,542
6/29/2006,42.92,38897,543
6/30/2006,45.94,38898,544
7/3/2006,45.35,38901,547
7/4/2006,46.5,38902,548
7/5/2006,46.62,38903,549
7/6/2006,45.47,38904,550
7/7/2006,43.92,38905,551
7/10/2006,43,38908,554
7/11/2006,43.76,38909,555
7/12/2006,43.36,38910,556
7/13/2006,42.44,38911,557
7/14/2006,41.73,38912,558
7/17/2006,39.9,38915,561
7/18/2006,39.62,38916,562
7/19/2006,39.14,38917,563
7/20/2006,41.37,38918,564
7/21/2006,40.93,38919,565
7/24/2006,41.85,38922,568
7/25/2006,42.56,38923,569
7/26/2006,42.92,38924,570
7/27/2006,43.88,38925,571
7/28/2006,44.47,38926,572
7/31/2006,45.59,38929,575
8/1/2006,45.03,38930,576
8/2/2006,45.27,38931,577
8/3/2006,45.47,38932,578
8/4/2006,44.04,38933,579
8/7/2006,43.64,38936,582
8/8/2006,44.55,38937,583
8/9/2006,45.51,38938,584
8/10/2006,47.93,38939,585
8/11/2006,49.13,38940,586
8/14/2006,49.45,38943,589
8/16/2006,50.52,38945,591
8/17/2006,50.04,38946,592
8/18/2006,49.76,38947,593
8/21/2006,49.8,38950,596
8/22/2006,50.04,38951,597
8/23/2006,48.21,38952,598
8/24/2006,48.33,38953,599
8/25/2006,49.17,38954,600
8/28/2006,49.52,38957,603
8/29/2006,50.64,38958,604
8/30/2006,52.55,38959,605
8/31/2006,51.83,38960,606
9/1/2006,52.31,38961,607
9/4/2006,52.51,38964,610
9/5/2006,53.07,38965,611
9/6/2006,53.5,38966,612
9/7/2006,52.15,38967,613
9/8/2006,52.31,38968,614
9/11/2006,49.45,38971,617
9/12/2006,49.52,38972,618
9/13/2006,56.68,38973,619
9/14/2006,54.62,38974,620
9/15/2006,55.73,38975,621
9/18/2006,56.65,38978,624
9/19/2006,56.45,38979,625
9/20/2006,58.79,38980,626
9/21/2006,59.83,38981,627
9/22/2006,58.16,38982,628
9/25/2006,58.44,38985,631
9/26/2006,58.59,38986,632
9/27/2006,63.33,38987,633
9/28/2006,65.79,38988,634
9/29/2006,65.75,38989,635
10/3/2006,67.11,38993,639
10/4/2006,66.27,38994,640
10/5/2006,67.15,38995,641
10/6/2006,67.03,38996,642
10/9/2006,66.99,38999,645
10/10/2006,66.31,39000,646
10/11/2006,64.72,39001,647
10/12/2006,65.4,39002,648
10/13/2006,65.36,39003,649
10/16/2006,65.64,39006,652
10/17/2006,64.28,39007,653
10/18/2006,63.92,39008,654
10/19/2006,62.37,39009,655
10/20/2006,63.85,39010,656
10/23/2006,64.64,39013,659
10/26/2006,65.56,39016,662
10/27/2006,69.22,39017,663
10/30/2006,67.7,39020,666
10/31/2006,65.36,39021,667
11/1/2006,65.56,39022,668
11/2/2006,65.68,39023,669
11/3/2006,64.96,39024,670
11/6/2006,63.88,39027,673
11/7/2006,62.97,39028,674
11/8/2006,62.02,39029,675
11/9/2006,62.09,39030,676
11/10/2006,63.61,39031,677
11/13/2006,63.21,39034,680
11/14/2006,62.09,39035,681
11/15/2006,63.88,39036,682
11/16/2006,63.92,39037,683
11/17/2006,62.65,39038,684
11/20/2006,60.78,39041,687
11/21/2006,62.25,39042,688
11/22/2006,61.7,39043,689
11/23/2006,62.21,39044,690
11/24/2006,61.9,39045,691
11/27/2006,62.06,39048,694
11/28/2006,60.78,39049,695
11/29/2006,59.99,39050,696
11/30/2006,58.75,39051,697
12/1/2006,58.99,39052,698
12/4/2006,62.89,39055,701
12/5/2006,63.01,39056,702
12/6/2006,65.68,39057,703
12/7/2006,66.43,39058,704
12/8/2006,67.35,39059,705
12/11/2006,62.21,39062,708
12/12/2006,58,39063,709
12/13/2006,58.2,39064,710
12/14/2006,59.79,39065,711
12/15/2006,60.58,39066,712
12/18/2006,60.15,39069,715
12/19/2006,58,39070,716
12/20/2006,57.72,39071,717
12/21/2006,57.64,39072,718
12/22/2006,58.91,39073,719
12/26/2006,59.43,39077,723
12/27/2006,60.11,39078,724
12/28/2006,59.75,39079,725
12/29/2006,60.7,39080,726
1/2/2007,60.54,39084,730
1/3/2007,61.86,39085,731
1/4/2007,62.45,39086,732
1/5/2007,61.22,39087,733
1/8/2007,60.98,39090,736
1/9/2007,59.99,39091,737
1/10/2007,61.74,39092,738
1/11/2007,68.78,39093,739
1/12/2007,68.54,39094,740
1/15/2007,71.28,39097,743
1/16/2007,74.35,39098,744
1/17/2007,75.74,39099,745
1/18/2007,77.77,39100,746
1/19/2007,77.77,39101,747
1/22/2007,74.7,39104,750
1/23/2007,72.16,39105,751
1/24/2007,73.51,39106,752
1/25/2007,75.82,39107,753
1/29/2007,81.83,39111,757
1/31/2007,80.67,39113,759
2/1/2007,80.71,39114,760
2/2/2007,80.11,39115,761
2/5/2007,85.64,39118,764
2/6/2007,85.6,39119,765
2/7/2007,84.25,39120,766
2/8/2007,85.09,39121,767
2/9/2007,77.73,39122,768
2/12/2007,68.98,39125,771
2/13/2007,70.53,39126,772
2/14/2007,73.11,39127,773
2/15/2007,77.93,39128,774
2/19/2007,75.98,39132,778
2/20/2007,74.55,39133,779
2/21/2007,74.98,39134,780
2/22/2007,72.91,39135,781
2/23/2007,68.94,39136,782
2/26/2007,68.58,39139,785
2/27/2007,68.74,39140,786
2/28/2007,64.08,39141,787
3/1/2007,65,39142,788
3/2/2007,63.37,39143,789
3/5/2007,56.45,39146,792
3/6/2007,57.24,39147,793
3/7/2007,53.82,39148,794
3/8/2007,57.72,39149,795
3/9/2007,59.47,39150,796
3/12/2007,60.34,39153,799
3/13/2007,62.02,39154,800
3/14/2007,59.35,39155,801
3/15/2007,58.83,39156,802
3/16/2007,58.4,39157,803
3/19/2007,59.71,39160,806
3/20/2007,61.3,39161,807
3/21/2007,62.25,39162,808
3/22/2007,63.77,39163,809
3/23/2007,64.64,39164,810
3/26/2007,63.88,39167,813
3/28/2007,61.62,39169,815
3/29/2007,60.03,39170,816
3/30/2007,61.7,39171,817
4/2/2007,57,39174,820
4/3/2007,57.4,39175,821
4/4/2007,57.8,39176,822
4/5/2007,58.95,39177,823
4/9/2007,61.26,39181,827
4/10/2007,62.81,39182,828
4/11/2007,62.49,39183,829
4/12/2007,62.65,39184,830
4/13/2007,63.57,39185,831
4/16/2007,65.68,39188,834
4/17/2007,65.71,39189,835
4/18/2007,66.19,39190,836
4/19/2007,66.67,39191,837
4/20/2007,67.98,39192,838
4/23/2007,66.27,39195,841
4/24/2007,68.94,39196,842
4/25/2007,70.29,39197,843
4/26/2007,69.18,39198,844
4/27/2007,67.07,39199,845
4/30/2007,67.23,39202,848
5/3/2007,72,39205,851
5/4/2007,72.04,39206,852
5/7/2007,72.8,39209,855
5/8/2007,69.97,39210,856
5/9/2007,73.27,39211,857
5/10/2007,73.19,39212,858
5/11/2007,75.22,39213,859
5/14/2007,78.88,39216,862
5/15/2007,78.28,39217,863
5/16/2007,79.44,39218,864
5/17/2007,81.98,39219,865
5/18/2007,82.54,39220,866
5/21/2007,82.82,39223,869
5/22/2007,81.79,39224,870
5/23/2007,79.8,39225,871
5/24/2007,76.97,39226,872
5/25/2007,77.13,39227,873
5/28/2007,76.38,39230,876
5/29/2007,76.89,39231,877
5/30/2007,73.63,39232,878
5/31/2007,75.58,39233,879
6/4/2007,78.44,39237,883
6/5/2007,82.82,39238,884
6/6/2007,80.11,39239,885
6/7/2007,80.55,39240,886
6/8/2007,80,39241,887
6/11/2007,78.92,39244,890
6/12/2007,76.81,39245,891
6/13/2007,77.65,39246,892
6/14/2007,78.44,39247,893
6/15/2007,78.44,39248,894
6/18/2007,77.01,39251,897
6/19/2007,80,39252,898
6/20/2007,84.05,39253,899
6/21/2007,82.98,39254,900
6/22/2007,85.52,39255,901
6/25/2007,87.16,39258,904
6/26/2007,87.55,39259,905
6/27/2007,89.07,39260,906
6/28/2007,89.62,39261,907
6/29/2007,94.4,39262,908
7/2/2007,96.58,39265,911
7/3/2007,96.23,39266,912
7/4/2007,93.84,39267,913
7/5/2007,94.12,39268,914
7/6/2007,92.53,39269,915
7/9/2007,94.71,39272,918
7/10/2007,93.08,39273,919
7/11/2007,93.2,39274,920
7/12/2007,96.82,39275,921
7/13/2007,95.87,39276,922
7/16/2007,97.06,39279,925
7/17/2007,94.95,39280,926
7/18/2007,91.97,39281,927
7/19/2007,89.14,39282,928
7/20/2007,87.39,39283,929
7/23/2007,86.96,39286,932
7/24/2007,86.52,39287,933
7/25/2007,88.39,39288,934
7/26/2007,90.26,39289,935
7/27/2007,86.68,39290,936
7/30/2007,88.39,39293,939
7/31/2007,89.26,39294,940
8/1/2007,83.73,39295,941
8/2/2007,84.21,39296,942
8/3/2007,86.36,39297,943
8/6/2007,85.09,39300,946
8/7/2007,89.34,39301,947
8/8/2007,96.19,39302,948
8/9/2007,92.05,39303,949
8/10/2007,92.41,39304,950
8/13/2007,99.53,39307,953
8/14/2007,98.89,39308,954
8/16/2007,93.72,39310,956
8/17/2007,92.53,39311,957
8/20/2007,95.07,39314,960
8/21/2007,88.79,39315,961
8/22/2007,90.18,39316,962
8/23/2007,85.48,39317,963
8/24/2007,88.59,39318,964
8/27/2007,92.88,39321,967
8/28/2007,93.16,39322,968
8/29/2007,92.8,39323,969
8/30/2007,94.67,39324,970
8/31/2007,98.93,39325,971
9/3/2007,104.3,39328,974
9/4/2007,103.66,39329,975
9/5/2007,106.45,39330,976
9/6/2007,108.95,39331,977
9/7/2007,106.05,39332,978
9/10/2007,109.23,39335,981
9/11/2007,109.31,39336,982
9/12/2007,107.52,39337,983
9/13/2007,106.93,39338,984
9/14/2007,104.02,39339,985
9/17/2007,105.89,39342,988
9/18/2007,107.64,39343,989
9/19/2007,110.39,39344,990
9/20/2007,112.85,39345,991
9/21/2007,116.11,39346,992
9/24/2007,123.35,39349,995
9/25/2007,123.91,39350,996
9/26/2007,122.6,39351,997
9/27/2007,121.13,39352,998
9/28/2007,124.27,39353,999
10/1/2007,125.1,39356,1002
10/3/2007,121.41,39358,1004
10/4/2007,119.58,39359,1005
10/5/2007,112.53,39360,1006
10/8/2007,106.17,39363,1009
10/9/2007,111.94,39364,1010
10/10/2007,115.92,39365,1011
10/11/2007,122.36,39366,1012
10/12/2007,115.2,39367,1013
10/15/2007,117.55,39370,1016
10/16/2007,112.73,39371,1017
10/17/2007,108.76,39372,1018
10/18/2007,100.2,39373,1019
10/19/2007,94.91,39374,1020
10/22/2007,99.17,39377,1023
10/23/2007,109.99,39378,1024
10/24/2007,115.44,39379,1025
10/25/2007,116.35,39380,1026
10/26/2007,115.88,39381,1027
10/29/2007,117.03,39384,1030
10/30/2007,120.93,39385,1031
10/31/2007,127.61,39386,1032
11/1/2007,121.64,39387,1033
11/2/2007,126.46,39388,1034
11/5/2007,125.78,39391,1037
11/6/2007,122.08,39392,1038
11/7/2007,121.84,39393,1039
11/8/2007,121.37,39394,1040
11/9/2007,119.97,39395,1041
11/12/2007,121.64,39398,1044
11/13/2007,129.72,39399,1045
11/14/2007,133.02,39400,1046
11/15/2007,134.02,39401,1047
11/16/2007,133.18,39402,1048
11/19/2007,141.37,39405,1051
11/20/2007,135.37,39406,1052
11/21/2007,123.59,39407,1053
11/22/2007,123.27,39408,1054
11/23/2007,126.89,39409,1055
11/26/2007,129.08,39412,1058
11/27/2007,134.81,39413,1059
11/28/2007,129.08,39414,1060
11/29/2007,125.86,39415,1061
11/30/2007,129.56,39416,1062
12/3/2007,133.38,39419,1065
12/4/2007,134.77,39420,1066
12/5/2007,138.79,39421,1067
12/6/2007,135.57,39422,1068
12/7/2007,133.74,39423,1069
12/10/2007,135.41,39426,1072
12/11/2007,135.69,39427,1073
12/12/2007,135.41,39428,1074
12/13/2007,138.79,39429,1075
12/14/2007,138.59,39430,1076
12/17/2007,129.32,39433,1079
12/18/2007,127.97,39434,1080
12/19/2007,128.05,39435,1081
12/20/2007,125.58,39436,1082
12/24/2007,128.84,39440,1086
12/26/2007,129.96,39442,1088
12/27/2007,127.17,39443,1089
12/28/2007,130.12,39444,1090
12/31/2007,131.51,39447,1093
1/1/2008,133.46,39448,1094
1/2/2008,138.51,39449,1095
1/3/2008,138.07,39450,1096
1/4/2008,139.54,39451,1097
1/7/2008,139.15,39454,1100
1/8/2008,133.78,39455,1101
1/9/2008,133.34,39456,1102
1/10/2008,129.8,39457,1103
1/11/2008,129.12,39458,1104
1/14/2008,130.91,39461,1107
1/15/2008,131.67,39462,1108
1/16/2008,137,39463,1109
1/17/2008,131.15,39464,1110
1/18/2008,117.75,39465,1111
1/21/2008,93.84,39468,1114
1/22/2008,81.03,39469,1115
1/23/2008,94.16,39470,1116
1/24/2008,87.99,39471,1117
1/25/2008,97.02,39472,1118
1/28/2008,100.52,39475,1121
1/29/2008,98.41,39476,1122
1/30/2008,91.89,39477,1123
1/31/2008,90.3,39478,1124
2/1/2008,90.97,39479,1125
2/4/2008,95.83,39482,1128
2/5/2008,98.02,39483,1129
2/6/2008,96.5,39484,1130
2/7/2008,94.32,39485,1131
2/8/2008,91.65,39486,1132
2/11/2008,85.05,39489,1135
2/12/2008,81.55,39490,1136
2/13/2008,84.61,39491,1137
2/14/2008,89.34,39492,1138
2/15/2008,95.67,39493,1139
2/18/2008,94.67,39496,1142
2/19/2008,93.12,39497,1143
2/20/2008,91.49,39498,1144
2/21/2008,90.22,39499,1145
2/22/2008,89.66,39500,1146
2/25/2008,91.49,39503,1149
2/26/2008,92.88,39504,1150
2/27/2008,94.08,39505,1151
2/28/2008,92.65,39506,1152
2/29/2008,94.24,39507,1153
3/3/2008,87.27,39510,1156
3/4/2008,81.94,39511,1157
3/5/2008,81.23,39512,1158
3/7/2008,74.82,39514,1160
3/10/2008,76.65,39517,1163
3/11/2008,80.59,39518,1164
3/12/2008,77.09,39519,1165
3/13/2008,77.05,39520,1166
3/14/2008,77.37,39521,1167
3/17/2008,72.32,39524,1170
3/18/2008,71.05,39525,1171
3/19/2008,67.74,39526,1172
3/24/2008,67.5,39531,1177
3/25/2008,71.05,39532,1178
3/26/2008,70.73,39533,1179
3/27/2008,68.3,39534,1180
3/28/2008,70.97,39535,1181
3/31/2008,70.85,39538,1184
4/1/2008,69.81,39539,1185
4/2/2008,71.05,39540,1186
4/3/2008,71.64,39541,1187
4/4/2008,68.74,39542,1188
4/7/2008,70.17,39545,1191
4/8/2008,71.08,39546,1192
4/9/2008,75.02,39547,1193
4/10/2008,73.63,39548,1194
4/11/2008,74.78,39549,1195
4/15/2008,77.09,39553,1199
4/16/2008,75.22,39554,1200
4/17/2008,79.48,39555,1201
4/21/2008,80.15,39559,1205
4/22/2008,83.69,39560,1206
4/23/2008,83.34,39561,1207
4/24/2008,81.23,39562,1208
4/25/2008,82.66,39563,1209
4/28/2008,83.3,39566,1212
4/29/2008,84.25,39567,1213
4/30/2008,83.26,39568,1214
5/2/2008,85.05,39570,1216
5/5/2008,85.72,39573,1219
5/6/2008,84.29,39574,1220
5/7/2008,82.62,39575,1221
5/8/2008,83.58,39576,1222
5/9/2008,81.31,39577,1223
5/12/2008,79.32,39580,1226
5/13/2008,78.32,39581,1227
5/14/2008,78.25,39582,1228
5/15/2008,79.88,39583,1229
5/16/2008,79.88,39584,1230
5/20/2008,79.12,39588,1234
5/21/2008,79.88,39589,1235
5/22/2008,77.37,39590,1236
5/23/2008,75.66,39591,1237
5/26/2008,73.03,39594,1240
5/27/2008,69.26,39595,1241
5/28/2008,70.45,39596,1242
5/29/2008,69.97,39597,1243
5/30/2008,69.45,39598,1244
6/2/2008,67.66,39601,1247
6/3/2008,66.11,39602,1248
6/4/2008,64.16,39603,1249
6/5/2008,64.6,39604,1250
6/6/2008,63.49,39605,1251
6/9/2008,60.58,39608,1254
6/10/2008,61.02,39609,1255
6/11/2008,61.18,39610,1256
6/12/2008,62.85,39611,1257
6/13/2008,61.54,39612,1258
6/16/2008,61.66,39615,1261
6/17/2008,65.16,39616,1262
6/18/2008,64.32,39617,1263
6/19/2008,62.69,39618,1264
6/20/2008,60.11,39619,1265
6/23/2008,57.84,39622,1268
6/24/2008,56.09,39623,1269
6/25/2008,56.53,39624,1270
6/26/2008,55.53,39625,1271
6/27/2008,53.7,39626,1272
6/30/2008,51.31,39629,1275
7/1/2008,48.21,39630,1276
7/2/2008,50.24,39631,1277
7/3/2008,50.12,39632,1278
7/4/2008,52.15,39633,1279
7/7/2008,53.26,39636,1282
7/8/2008,52.99,39637,1283
7/9/2008,55.37,39638,1284
7/10/2008,54.54,39639,1285
7/11/2008,53.46,39640,1286
7/14/2008,54.14,39643,1289
7/15/2008,52.39,39644,1290
7/16/2008,51.81,39645,1291
7/17/2008,53,39646,1292
7/18/2008,54.81,39647,1293
7/21/2008,56.12,39650,1296
7/22/2008,57.43,39651,1297
7/23/2008,64.57,39652,1298
7/24/2008,63.71,39653,1299
7/25/2008,63.18,39654,1300
7/28/2008,63.26,39657,1303
7/29/2008,60.76,39658,1304
7/30/2008,62.52,39659,1305
7/31/2008,61.5,39660,1306
8/1/2008,64.74,39661,1307
8/4/2008,66.87,39664,1310
8/5/2008,72.94,39665,1311
8/6/2008,75.77,39666,1312
8/7/2008,75.44,39667,1313
8/8/2008,76.06,39668,1314
8/11/2008,76.55,39671,1317
8/12/2008,72.2,39672,1318
8/13/2008,69.87,39673,1319
8/14/2008,66.58,39674,1320
8/18/2008,66.26,39678,1324
8/19/2008,64.98,39679,1325
8/20/2008,66.62,39680,1326
8/21/2008,64.04,39681,1327
8/22/2008,65.56,39682,1328
8/25/2008,66.79,39685,1331
8/26/2008,67.36,39686,1332
8/27/2008,65.8,39687,1333
8/28/2008,65.56,39688,1334
8/29/2008,68.72,39689,1335
9/1/2008,68.63,39692,1338
9/2/2008,71.38,39693,1339
9/4/2008,71.71,39695,1341
9/5/2008,72.78,39696,1342
9/8/2008,74.46,39699,1345
9/9/2008,73.23,39700,1346
9/10/2008,73.35,39701,1347
9/11/2008,73.02,39702,1348
9/12/2008,71.75,39703,1349
9/15/2008,66.34,39706,1352
9/16/2008,68.84,39707,1353
9/17/2008,66.01,39708,1354
9/18/2008,64.86,39709,1355
9/19/2008,67.98,39710,1356
9/22/2008,67.44,39713,1359
9/23/2008,64.41,39714,1360
9/24/2008,66.5,39715,1361
9/25/2008,65.76,39716,1362
9/26/2008,61.74,39717,1363
9/29/2008,58.54,39720,1366
9/30/2008,61.05,39721,1367
10/1/2008,63.06,39722,1368
10/3/2008,62.73,39724,1370
10/6/2008,59.98,39727,1373
10/7/2008,61.25,39728,1374
10/8/2008,56.86,39729,1375
10/10/2008,53.29,39731,1377
10/13/2008,61.87,39734,1380
10/14/2008,62.32,39735,1381
10/15/2008,59.4,39736,1382
10/16/2008,62.03,39737,1383
10/17/2008,59.61,39738,1384
10/20/2008,59.36,39741,1387
10/21/2008,60.1,39742,1388
10/22/2008,58.05,39743,1389
10/23/2008,56.04,39744,1390
10/24/2008,49.39,39745,1391
10/27/2008,45.37,39748,1394
10/28/2008,48.74,39749,1395
10/29/2008,45.78,39750,1396
10/31/2008,47.88,39752,1398
11/3/2008,50.99,39755,1401
11/4/2008,54.89,39756,1402
11/5/2008,53.74,39757,1403
11/6/2008,50.99,39758,1404
11/7/2008,53.41,39759,1405
11/10/2008,56.45,39762,1408
11/11/2008,55.1,39763,1409
11/12/2008,53.7,39764,1410
11/14/2008,54.65,39766,1412
11/17/2008,53.91,39769,1415
11/18/2008,53.66,39770,1416
11/19/2008,50.91,39771,1417
11/20/2008,51.45,39772,1418
11/21/2008,51.16,39773,1419
11/24/2008,48.61,39776,1422
11/25/2008,49.19,39777,1423
11/26/2008,49.27,39778,1424
11/28/2008,47.55,39780,1426
12/1/2008,45.7,39783,1429
12/2/2008,45.5,39784,1430
12/3/2008,46.52,39785,1431
12/4/2008,49.07,39786,1432
12/5/2008,48.33,39787,1433
12/8/2008,48.45,39790,1436
12/10/2008,50.17,39792,1438
12/11/2008,51.86,39793,1439
12/12/2008,54.07,39794,1440
12/15/2008,54.15,39797,1443
12/16/2008,56.2,39798,1444
12/17/2008,52.14,39799,1445
12/18/2008,55.3,39800,1446
12/19/2008,57.39,39801,1447
12/22/2008,56.37,39804,1450
12/23/2008,52.59,39805,1451
12/24/2008,53.87,39806,1452
12/25/2008,53.87,39807,1453
12/26/2008,52.27,39808,1454
12/29/2008,55.26,39811,1457
12/30/2008,56.94,39812,1458
12/31/2008,55.51,39813,1459
1/1/2009,57.11,39814,1460
1/2/2009,59.24,39815,1461
1/5/2009,59.53,39818,1464
1/6/2009,58.54,39819,1465
1/7/2009,54.23,39820,1466
1/8/2009,54.23,39821,1467
1/9/2009,52.96,39822,1468
1/12/2009,50.42,39825,1471
1/13/2009,50.38,39826,1472
1/14/2009,50.75,39827,1473
1/15/2009,48.57,39828,1474
1/16/2009,49.23,39829,1475
1/19/2009,49.52,39832,1478
1/20/2009,47.92,39833,1479
1/21/2009,46.11,39834,1480
1/22/2009,45.46,39835,1481
1/23/2009,43.98,39836,1482
1/27/2009,45.5,39840,1486
1/28/2009,46.24,39841,1487
1/29/2009,46.48,39842,1488
1/30/2009,46.85,39843,1489
2/2/2009,45.29,39846,1492
2/3/2009,44.72,39847,1493
2/4/2009,44.35,39848,1494
2/5/2009,44.39,39849,1495
2/6/2009,44.72,39850,1496
2/9/2009,45.17,39853,1499
2/10/2009,46.19,39854,1500
2/11/2009,46.4,39855,1501
2/12/2009,45.33,39856,1502
2/13/2009,45.78,39857,1503
2/16/2009,43.4,39860,1506
2/17/2009,42.34,39861,1507
2/18/2009,41.76,39862,1508
2/19/2009,41.6,39863,1509
2/20/2009,40.82,39864,1510
2/24/2009,40.41,39868,1514
2/25/2009,40.45,39869,1515
2/26/2009,38.85,39870,1516
2/27/2009,39.67,39871,1517
3/2/2009,37.54,39874,1520
3/3/2009,37.21,39875,1521
3/4/2009,37.25,39876,1522
3/5/2009,36.14,39877,1523
3/6/2009,35.24,39878,1524
3/9/2009,34.3,39881,1527
3/12/2009,33.03,39884,1530
3/13/2009,35.16,39885,1531
3/16/2009,37.41,39888,1534
3/17/2009,36.55,39889,1535
3/18/2009,37.09,39890,1536
3/19/2009,36.76,39891,1537
3/20/2009,37.09,39892,1538
3/23/2009,37.87,39895,1541
3/24/2009,37.29,39896,1542
3/25/2009,37.99,39897,1543
3/26/2009,38.73,39898,1544
3/27/2009,40.04,39899,1545
3/30/2009,37.95,39902,1548
3/31/2009,37.25,39903,1549
4/1/2009,38.11,39904,1550
4/2/2009,40.7,39905,1551
4/6/2009,42.13,39909,1555
4/7/2009,42.13,39910,1556
4/8/2009,43.9,39911,1557
4/9/2009,44.64,39912,1558
4/10/2009,44.64,39913,1559
4/13/2009,46.6,39916,1562
4/14/2009,46.6,39917,1563
4/15/2009,50.3,39918,1564
4/16/2009,48.29,39919,1565
4/17/2009,50.58,39920,1566
4/20/2009,50.09,39923,1569
4/21/2009,49.6,39924,1570
4/22/2009,47.63,39925,1571
4/23/2009,48.94,39926,1572
4/24/2009,55.34,39927,1573
4/27/2009,52.68,39930,1576
4/28/2009,49.64,39931,1577
4/29/2009,52.18,39932,1578
4/30/2009,52.18,39933,1579
5/1/2009,52.18,39934,1580
5/4/2009,53.46,39937,1583
5/5/2009,56.33,39938,1584
5/6/2009,53.87,39939,1585
5/7/2009,55.06,39940,1586
5/8/2009,53.05,39941,1587
5/11/2009,50.58,39944,1590
5/12/2009,50.09,39945,1591
5/13/2009,50.34,39946,1592
5/14/2009,50.46,39947,1593
5/15/2009,51.45,39948,1594
5/18/2009,51.45,39951,1597
5/19/2009,69.09,39952,1598
5/20/2009,72.86,39953,1599
5/21/2009,70.4,39954,1600
5/22/2009,73.64,39955,1601
5/25/2009,74.91,39958,1604
5/26/2009,71.55,39959,1605
5/27/2009,74.17,39960,1606
5/28/2009,76.84,39961,1607
5/29/2009,76.47,39962,1608
6/1/2009,76.31,39965,1611
6/2/2009,74.71,39966,1612
6/3/2009,74.09,39967,1613
6/4/2009,81.35,39968,1614
6/5/2009,81.6,39969,1615
6/8/2009,73.72,39972,1618
6/9/2009,86.03,39973,1619
6/10/2009,84.55,39974,1620
6/11/2009,86.15,39975,1621
6/12/2009,81.76,39976,1622
6/15/2009,82.87,39979,1625
6/16/2009,91.28,39980,1626
6/17/2009,83.98,39981,1627
6/18/2009,86.93,39982,1628
6/19/2009,88.33,39983,1629
6/22/2009,86.44,39986,1632
6/23/2009,89.72,39987,1633
6/24/2009,93.5,39988,1634
6/25/2009,92.31,39989,1635
6/26/2009,94.73,39990,1636
6/29/2009,95.88,39993,1639
6/30/2009,90.17,39994,1640
7/1/2009,90.09,39995,1641
7/2/2009,90.34,39996,1642
7/3/2009,92.14,39997,1643
7/6/2009,83.28,40000,1646
7/7/2009,81.84,40001,1647
7/8/2009,77.46,40002,1648
7/9/2009,77.71,40003,1649
7/10/2009,75.01,40004,1650
7/13/2009,73.75,40007,1653
7/14/2009,79.73,40008,1654
7/15/2009,84.2,40009,1655
7/16/2009,80.45,40010,1656
7/17/2009,83.31,40011,1657
7/20/2009,87.32,40014,1660
7/21/2009,86.18,40015,1661
7/22/2009,84.87,40016,1662
7/23/2009,87.36,40017,1663
7/24/2009,87.11,40018,1664
7/27/2009,87.57,40021,1667
7/28/2009,89.55,40022,1668
7/29/2009,88.79,40023,1669
7/30/2009,88.24,40024,1670
7/31/2009,89.09,40025,1671
8/3/2009,91.28,40028,1674
8/4/2009,89.38,40029,1675
8/5/2009,89.68,40030,1676
8/6/2009,86.52,40031,1677
8/7/2009,80.99,40032,1678
8/10/2009,78.97,40035,1681
8/11/2009,80.53,40036,1682
8/12/2009,80.99,40037,1683
8/13/2009,85.42,40038,1684
8/14/2009,85.04,40039,1685
8/17/2009,80.32,40042,1688
8/18/2009,82.39,40043,1689
8/19/2009,80.7,40044,1690
8/20/2009,80.62,40045,1691
8/21/2009,80.99,40046,1692
8/24/2009,82.6,40049,1695
8/25/2009,82.22,40050,1696
8/26/2009,82.39,40051,1697
8/27/2009,83.69,40052,1698
8/28/2009,86.14,40053,1699
8/31/2009,87.53,40056,1702
9/1/2009,85.08,40057,1703
9/2/2009,85.5,40058,1704
9/3/2009,85.71,40059,1705
9/4/2009,89.76,40060,1706
9/7/2009,90.94,40063,1709
9/8/2009,88.79,40064,1710
9/9/2009,89.72,40065,1711
9/10/2009,87.86,40066,1712
9/11/2009,88.24,40067,1713
9/14/2009,89.04,40070,1716
9/15/2009,95.15,40071,1717
9/16/2009,95.49,40072,1718
9/17/2009,98.15,40073,1719
9/18/2009,95.79,40074,1720
9/21/2009,95.79,40077,1723
9/22/2009,97.05,40078,1724
9/23/2009,95.62,40079,1725
9/24/2009,97.51,40080,1726
9/25/2009,105.18,40081,1727
9/28/2009,105.18,40084,1730
9/29/2009,104.43,40085,1731
9/30/2009,107.21,40086,1732
10/1/2009,105.35,40087,1733
10/2/2009,105.35,40088,1734
10/5/2009,104.17,40091,1737
10/6/2009,103.41,40092,1738
10/7/2009,106.24,40093,1739
10/8/2009,106.28,40094,1740
10/9/2009,109.74,40095,1741
10/12/2009,110.87,40098,1744
10/13/2009,110.87,40099,1745
10/14/2009,111.29,40100,1746
10/15/2009,109.31,40101,1747
10/16/2009,112.35,40102,1748
10/19/2009,112.35,40105,1751
10/20/2009,112.22,40106,1752
10/21/2009,108.43,40107,1753
10/22/2009,105.9,40108,1754
10/23/2009,107.84,40109,1755
10/26/2009,111.38,40112,1758
10/27/2009,102.78,40113,1759
10/28/2009,98.99,40114,1760
10/29/2009,98.9,40115,1761
10/30/2009,95.79,40116,1762
11/2/2009,95.79,40119,1765
11/3/2009,90.35,40120,1766
11/4/2009,94.02,40121,1767
11/5/2009,98.69,40122,1768
11/6/2009,100.25,40123,1769
11/9/2009,104.38,40126,1772
11/10/2009,102.78,40127,1773
11/11/2009,105.35,40128,1774
11/12/2009,106.03,40129,1775
11/13/2009,108.43,40130,1776
11/16/2009,108.47,40133,1779
11/17/2009,107.38,40134,1780
11/18/2009,107.16,40135,1781
11/19/2009,104.43,40136,1782
11/20/2009,107.67,40137,1783
11/23/2009,106.83,40140,1786
11/24/2009,106.28,40141,1787
11/25/2009,105.65,40142,1788
11/26/2009,102.23,40143,1789
11/27/2009,101.14,40144,1790
11/30/2009,102.66,40147,1793
12/1/2009,105.44,40148,1794
12/2/2009,111.21,40149,1795
12/3/2009,112.14,40150,1796
12/4/2009,110.37,40151,1797
12/7/2009,110.16,40154,1800
12/8/2009,115.85,40155,1801
12/9/2009,114.08,40156,1802
12/10/2009,115.55,40157,1803
12/11/2009,111.72,40158,1804
12/14/2009,108.68,40161,1807
12/15/2009,104.85,40162,1808
12/16/2009,106.7,40163,1809
12/17/2009,107.67,40164,1810
12/18/2009,104.21,40165,1811
12/21/2009,101.85,40168,1814
12/22/2009,105.1,40169,1815
12/23/2009,108.98,40170,1816
12/24/2009,108.89,40171,1817
12/25/2009,108.89,40172,1818
12/28/2009,108.89,40175,1821
12/29/2009,108.85,40176,1822
12/30/2009,107.33,40177,1823
12/31/2009,107.42,40178,1824
1/1/2010,107.42,40179,1825
1/4/2010,109.1,40182,1828
1/5/2010,112.64,40183,1829
1/6/2010,113.78,40184,1830
1/7/2010,112.18,40185,1831
1/8/2010,111.04,40186,1832
1/11/2010,113.15,40189,1835
1/12/2010,112.6,40190,1836
1/13/2010,111.55,40191,1837
1/14/2010,111.25,40192,1838
1/15/2010,112.05,40193,1839
1/18/2010,112.94,40196,1842
1/19/2010,111.08,40197,1843
1/20/2010,108.47,40198,1844
1/21/2010,105.18,40199,1845
1/22/2010,102.32,40200,1846
1/25/2010,101.64,40203,1849
1/26/2010,101.64,40204,1850
1/27/2010,96.08,40205,1851
1/28/2010,96.38,40206,1852
1/29/2010,102.07,40207,1853
2/1/2010,101.1,40210,1856
2/2/2010,98.53,40211,1857
2/3/2010,101.14,40212,1858
2/4/2010,98.82,40213,1859
2/5/2010,97.09,40214,1860
2/8/2010,98.86,40217,1863
2/9/2010,99.58,40218,1864
2/10/2010,98.02,40219,1865
2/11/2010,98.95,40220,1866
2/15/2010,98.06,40224,1870
2/16/2010,99.2,40225,1871
2/17/2010,100.13,40226,1872
2/18/2010,99.71,40227,1873
2/19/2010,98.95,40228,1874
2/22/2010,97.85,40231,1877
2/23/2010,97.89,40232,1878
2/24/2010,97.89,40233,1879
2/25/2010,97.72,40234,1880
2/26/2010,100.25,40235,1881
3/2/2010,102.23,40239,1885
3/3/2010,104.93,40240,1886
3/4/2010,104.97,40241,1887
3/5/2010,105.1,40242,1888
3/8/2010,103.75,40245,1891
3/9/2010,101.39,40246,1892
3/10/2010,102.07,40247,1893
3/11/2010,100.63,40248,1894
3/12/2010,100.59,40249,1895
3/15/2010,98.4,40252,1898
3/16/2010,99.79,40253,1899
3/17/2010,99.28,40254,1900
3/18/2010,99.54,40255,1901
3/19/2010,99.49,40256,1902
3/22/2010,97.05,40259,1905
3/23/2010,96.92,40260,1906
3/25/2010,95.49,40262,1908
3/26/2010,96.25,40263,1909
3/29/2010,97.72,40266,1912
3/30/2010,97.6,40267,1913
3/31/2010,96.92,40268,1914
4/1/2010,97.6,40269,1915
4/5/2010,101.1,40273,1919
4/6/2010,104.59,40274,1920
4/7/2010,106.57,40275,1921
4/8/2010,103.75,40276,1922
4/9/2010,104.64,40277,1923
4/12/2010,103.2,40280,1926
4/13/2010,101.77,40281,1927
4/15/2010,100.97,40283,1929
4/16/2010,100.72,40284,1930
4/19/2010,99.54,40287,1933
4/20/2010,102.28,40288,1934
4/21/2010,102.36,40289,1935
4/22/2010,102.15,40290,1936
4/23/2010,105.52,40291,1937
4/26/2010,105.14,40294,1940
4/27/2010,103.41,40295,1941
4/28/2010,100.67,40296,1942
4/29/2010,103.37,40297,1943
4/30/2010,106.15,40298,1944
5/3/2010,105.77,40301,1947
5/4/2010,101.81,40302,1948
5/5/2010,104.76,40303,1949
5/6/2010,103.62,40304,1950
5/7/2010,99.16,40305,1951
5/10/2010,102.15,40308,1954
5/11/2010,99.49,40309,1955
5/12/2010,99.33,40310,1956
5/13/2010,99.2,40311,1957
5/14/2010,98.1,40312,1958
5/17/2010,97.89,40315,1961
5/18/2010,97.94,40316,1962
5/19/2010,94.02,40317,1963
5/20/2010,94.14,40318,1964
5/21/2010,93.89,40319,1965
5/24/2010,93.72,40322,1968
5/25/2010,90.18,40323,1969
5/26/2010,90.65,40324,1970
5/27/2010,92.46,40325,1971
5/28/2010,93.97,40326,1972
5/31/2010,95.83,40329,1975
6/1/2010,92.79,40330,1976
6/2/2010,93.43,40331,1977
6/3/2010,95.15,40332,1978
6/4/2010,96.84,40333,1979
6/7/2010,94.31,40336,1982
6/8/2010,92.92,40337,1983
6/9/2010,93.72,40338,1984
6/10/2010,95.2,40339,1985
6/11/2010,94.69,40340,1986
6/14/2010,99.24,40343,1989
6/15/2010,98.78,40344,1990
6/16/2010,98.4,40345,1991
6/17/2010,98.23,40346,1992
6/18/2010,98.23,40347,1993
6/21/2010,100.21,40350,1996
6/22/2010,100.08,40351,1997
6/23/2010,100.17,40352,1998
6/24/2010,99.87,40353,1999
6/25/2010,99.24,40354,2000
6/28/2010,100.76,40357,2003
6/29/2010,98.9,40358,2004
6/30/2010,100.42,40359,2005
7/1/2010,99.75,40360,2006
7/2/2010,100.72,40361,2007
7/5/2010,99.41,40364,2010
7/6/2010,101.01,40365,2011
7/7/2010,100.25,40366,2012
7/8/2010,103.67,40367,2013
7/9/2010,103.96,40368,2014
7/12/2010,105.02,40371,2017
7/13/2010,105.94,40372,2018
7/14/2010,103.92,40373,2019
7/15/2010,104.76,40374,2020
7/16/2010,105.5,40375,2021
7/19/2010,105.97,40378,2024
7/20/2010,105.32,40379,2025
7/21/2010,105.67,40380,2026
7/22/2010,105.58,40381,2027
7/23/2010,104.94,40382,2028
7/26/2010,102.91,40385,2031
7/27/2010,102.91,40386,2032
7/28/2010,101.18,40387,2033
7/29/2010,102.3,40388,2034
7/30/2010,102.82,40389,2035
8/2/2010,103.94,40392,2038
8/3/2010,105.76,40393,2039
8/4/2010,105.11,40394,2040
8/5/2010,104.24,40395,2041
8/6/2010,102.78,40396,2042
8/9/2010,104.5,40399,2045
8/10/2010,103.12,40400,2046
8/11/2010,102.39,40401,2047
8/12/2010,103.34,40402,2048
8/13/2010,104.29,40403,2049
8/16/2010,107.01,40406,2052
8/17/2010,111.37,40407,2053
8/18/2010,113.92,40408,2054
8/19/2010,113.18,40409,2055
8/20/2010,113.87,40410,2056
8/23/2010,113.83,40413,2059
8/24/2010,110.46,40414,2060
8/25/2010,108.61,40415,2061
8/26/2010,108.22,40416,2062
8/27/2010,105.06,40417,2063
8/30/2010,104.85,40420,2066
8/31/2010,104.89,40421,2067
9/1/2010,107.31,40422,2068
9/2/2010,111.02,40423,2069
9/3/2010,110.72,40424,2070
9/6/2010,111.84,40427,2073
9/7/2010,109.81,40428,2074
9/8/2010,115.64,40429,2075
9/9/2010,120.65,40430,2076
9/13/2010,121.17,40434,2080
9/14/2010,119.32,40435,2081
9/15/2010,123.16,40436,2082
9/16/2010,120.78,40437,2083
9/17/2010,122.55,40438,2084
9/20/2010,124.24,40441,2087
9/21/2010,121.99,40442,2088
9/22/2010,126.53,40443,2089
9/23/2010,127.17,40444,2090
9/24/2010,132.01,40445,2091
9/27/2010,132.49,40448,2094
9/28/2010,132.18,40449,2095
9/29/2010,131.41,40450,2096
9/30/2010,131.62,40451,2097
10/1/2010,136.89,40452,2098
10/4/2010,138.79,40455,2101
10/5/2010,139.7,40456,2102
10/6/2010,139.18,40457,2103
10/7/2010,135.29,40458,2104
10/8/2010,135.51,40459,2105
10/11/2010,136.72,40462,2108
10/12/2010,134.56,40463,2109
10/13/2010,140.13,40464,2110
10/14/2010,138.1,40465,2111
10/15/2010,138.23,40466,2112
10/18/2010,136.67,40469,2115
10/19/2010,137.32,40470,2116
10/20/2010,143.54,40471,2117
10/21/2010,146.52,40472,2118
10/22/2010,147.77,40473,2119
10/25/2010,146.22,40476,2122
10/26/2010,147.86,40477,2123
10/27/2010,153.04,40478,2124
10/28/2010,155.85,40479,2125
10/29/2010,156.02,40480,2126
11/1/2010,156.8,40483,2129
11/2/2010,156.75,40484,2130
11/3/2010,158.22,40485,2131
11/4/2010,166.51,40486,2132
11/5/2010,169.23,40487,2133
11/8/2010,168.54,40490,2136
11/9/2010,166.99,40491,2137
11/10/2010,166.99,40492,2138
11/11/2010,167.51,40493,2139
11/12/2010,160.99,40494,2140
11/15/2010,166.95,40497,2143
11/16/2010,161.07,40498,2144
11/18/2010,162.46,40500,2146
11/19/2010,154.94,40501,2147
11/22/2010,155.93,40504,2150
11/23/2010,151.53,40505,2151
11/24/2010,148.59,40506,2152
11/25/2010,143.33,40507,2153
11/26/2010,136.07,40508,2154
11/29/2010,137.54,40511,2157
11/30/2010,141.08,40512,2158
12/1/2010,146.56,40513,2159
12/2/2010,148.42,40514,2160
12/3/2010,145.4,40515,2161
12/6/2010,144.88,40518,2164
12/7/2010,139.74,40519,2165
12/8/2010,134.47,40520,2166
12/9/2010,128.17,40521,2167
12/10/2010,133.44,40522,2168
12/13/2010,137.37,40525,2171
12/14/2010,140.13,40526,2172
12/15/2010,134.34,40527,2173
12/16/2010,139.14,40528,2174
12/20/2010,139.78,40532,2178
12/21/2010,143.45,40533,2179
12/22/2010,143.89,40534,2180
12/23/2010,142.25,40535,2181
12/24/2010,141.86,40536,2182
12/27/2010,141.86,40539,2185
12/28/2010,137.41,40540,2186
12/29/2010,138.36,40541,2187
12/30/2010,138.36,40542,2188
12/31/2010,142.29,40543,2189
1/3/2011,143.37,40546,2192
1/4/2011,140.6,40547,2193
1/5/2011,136.8,40548,2194
1/6/2011,135.38,40549,2195
1/7/2011,131.75,40550,2196
1/10/2011,128.9,40553,2199
1/11/2011,127.65,40554,2200
1/12/2011,131.32,40555,2201
1/13/2011,127.95,40556,2202
1/14/2011,126.48,40557,2203
1/17/2011,121.82,40560,2206
1/18/2011,124.28,40561,2207
1/19/2011,124.97,40562,2208
1/20/2011,129.38,40563,2209
1/21/2011,130.41,40564,2210
1/24/2011,131.88,40567,2213
1/25/2011,131.88,40568,2214
1/27/2011,123.12,40570,2216
1/28/2011,122.12,40571,2217
1/31/2011,122.12,40574,2220
2/1/2011,119.27,40575,2221
2/2/2011,118.54,40576,2222
2/3/2011,120.78,40577,2223
2/4/2011,117.72,40578,2224
2/7/2011,115.13,40581,2227
2/8/2011,111.33,40582,2228
2/9/2011,108.99,40583,2229
2/10/2011,110.98,40584,2230
2/11/2011,114.95,40585,2231
2/14/2011,118.45,40588,2234
2/15/2011,118.37,40589,2235
2/16/2011,118.15,40590,2236
2/17/2011,120.27,40591,2237
2/18/2011,115.08,40592,2238
2/21/2011,115.99,40595,2241
2/22/2011,115.39,40596,2242
2/23/2011,115.69,40597,2243
2/24/2011,109.56,40598,2244
2/25/2011,112.23,40599,2245
2/28/2011,113.44,40602,2248
3/1/2011,118.45,40603,2249
3/3/2011,119.49,40605,2251
3/4/2011,120.57,40606,2252
3/7/2011,117.5,40609,2255
3/8/2011,119.23,40610,2256
3/9/2011,119.23,40611,2257
3/10/2011,118.54,40612,2258
3/11/2011,116.42,40613,2259
3/14/2011,117.5,40616,2262
3/15/2011,116.64,40617,2263
3/16/2011,118.02,40618,2264
3/17/2011,117.46,40619,2265
3/18/2011,114.95,40620,2266
3/21/2011,114.65,40623,2269
3/22/2011,115.13,40624,2270
3/23/2011,116.34,40625,2271
3/24/2011,119.01,40626,2272
3/25/2011,120.65,40627,2273
3/28/2011,125.92,40630,2276
3/29/2011,123.46,40631,2277
3/30/2011,125.92,40632,2278
3/31/2011,123.03,40633,2279
4/1/2011,125.36,40634,2280
4/4/2011,128.6,40637,2283
4/5/2011,129.77,40638,2284
4/6/2011,129.94,40639,2285
4/7/2011,129.85,40640,2286
4/8/2011,125.32,40641,2287
4/11/2011,124.97,40644,2290
4/13/2011,127.78,40646,2292
4/15/2011,127.3,40648,2294
4/18/2011,125.53,40651,2297
4/19/2011,129.16,40652,2298
4/20/2011,129.42,40653,2299
4/21/2011,129.68,40654,2300
4/25/2011,131.54,40658,2304
4/26/2011,130.37,40659,2305
4/27/2011,130.37,40660,2306
4/28/2011,127.04,40661,2307
4/29/2011,123.98,40662,2308
5/2/2011,120.91,40665,2311
5/3/2011,117.8,40666,2312
5/4/2011,117.24,40667,2313
5/5/2011,114.13,40668,2314
5/6/2011,117.93,40669,2315
5/9/2011,117.33,40672,2318
5/10/2011,117.03,40673,2319
5/11/2011,118.15,40674,2320
5/12/2011,116.08,40675,2321
5/13/2011,118.97,40676,2322
5/16/2011,116.42,40679,2325
5/17/2011,114.44,40680,2326
5/18/2011,114,40681,2327
5/19/2011,113.66,40682,2328
5/20/2011,115.3,40683,2329
5/23/2011,111.63,40686,2332
5/24/2011,111.8,40687,2333
5/25/2011,110.94,40688,2334
5/26/2011,109.38,40689,2335
5/27/2011,112.06,40690,2336
5/30/2011,113.7,40693,2339
5/31/2011,115.95,40694,2340
6/1/2011,115.99,40695,2341
6/2/2011,114.18,40696,2342
6/3/2011,112.02,40697,2343
6/6/2011,113.27,40700,2346
6/7/2011,113.87,40701,2347
6/8/2011,113.79,40702,2348
6/9/2011,113.74,40703,2349
6/10/2011,113.4,40704,2350
6/13/2011,113.53,40707,2353
6/14/2011,113.49,40708,2354
6/15/2011,111.37,40709,2355
6/16/2011,111.5,40710,2356
6/17/2011,111.15,40711,2357
6/20/2011,108.99,40714,2360
6/21/2011,107.87,40715,2361
6/22/2011,108.26,40716,2362
6/23/2011,109.38,40717,2363
6/24/2011,112.36,40718,2364
6/27/2011,114.65,40721,2367
6/28/2011,113.74,40722,2368
6/29/2011,114.13,40723,2369
6/30/2011,117.5,40724,2370
7/1/2011,116.81,40725,2371
7/4/2011,118.41,40728,2374
7/5/2011,115.9,40729,2375
7/6/2011,115.3,40730,2376
7/7/2011,117.98,40731,2377
7/8/2011,117.59,40732,2378
7/11/2011,115.73,40735,2381
7/12/2011,115.34,40736,2382
7/13/2011,116.38,40737,2383
7/14/2011,116.9,40738,2384
7/15/2011,116.38,40739,2385
7/18/2011,117.46,40742,2388
7/19/2011,118.37,40743,2389
7/20/2011,116.08,40744,2390
7/21/2011,114.87,40745,2391
7/22/2011,116.68,40746,2392
7/25/2011,117.16,40749,2395
7/26/2011,113.53,40750,2396
7/27/2011,114.69,40751,2397
7/28/2011,112.19,40752,2398
7/29/2011,111.11,40753,2399
8/1/2011,110.98,40756,2402
8/2/2011,108,40757,2403
8/3/2011,107.57,40758,2404
8/4/2011,106.14,40759,2405
8/5/2011,103.38,40760,2406
8/8/2011,102.95,40763,2409
8/9/2011,102.21,40764,2410
8/10/2011,103.86,40765,2411
8/11/2011,104.07,40766,2412
8/12/2011,102.3,40767,2413
8/16/2011,100.49,40771,2417
8/17/2011,96.9,40772,2418
8/18/2011,92.02,40773,2419
8/19/2011,91.89,40774,2420
8/22/2011,93.58,40777,2423
8/23/2011,94.7,40778,2424
8/24/2011,93.28,40779,2425
8/25/2011,93.32,40780,2426
8/26/2011,89.61,40781,2427
8/29/2011,93.15,40784,2430
8/30/2011,95.87,40785,2431
9/2/2011,94.48,40788,2434
9/5/2011,94.89,40791,2437
9/6/2011,95.69,40792,2438
9/7/2011,98.1,40793,2439
9/8/2011,100.24,40794,2440
9/9/2011,97.69,40795,2441
9/12/2011,94.17,40798,2444
9/13/2011,93.64,40799,2445
9/14/2011,94.48,40800,2446
9/15/2011,97.12,40801,2447
9/16/2011,95.96,40802,2448
9/19/2011,95.42,40805,2451
9/20/2011,97.03,40806,2452
9/21/2011,97.25,40807,2453
9/22/2011,93.5,40808,2454
9/23/2011,92.08,40809,2455
9/26/2011,92.48,40812,2458
9/27/2011,95.02,40813,2459
9/28/2011,93.19,40814,2460
9/29/2011,92.57,40815,2461
9/30/2011,91.63,40816,2462
10/3/2011,90.29,40819,2465
10/4/2011,86.9,40820,2466
10/5/2011,84.81,40821,2467
10/7/2011,88.2,40823,2469
10/10/2011,90.56,40826,2472
10/11/2011,90.07,40827,2473
10/12/2011,93.68,40828,2474
10/13/2011,93.15,40829,2475
10/14/2011,94.53,40830,2476
10/17/2011,94.08,40833,2479
10/18/2011,92.39,40834,2480
10/19/2011,95.42,40835,2481
10/20/2011,93.46,40836,2482
10/21/2011,92.75,40837,2483
10/24/2011,92.12,40840,2486
10/25/2011,95.15,40841,2487
10/26/2011,95.47,40842,2488
10/28/2011,101.44,40844,2490
10/31/2011,104.16,40847,2493
11/1/2011,101.57,40848,2494
11/2/2011,102.11,40849,2495
11/3/2011,101.44,40850,2496
11/4/2011,102.87,40851,2497
11/8/2011,101.98,40855,2501
11/9/2011,98.72,40856,2502
11/11/2011,95.42,40858,2504
11/14/2011,93.28,40861,2507
11/15/2011,90.92,40862,2508
11/16/2011,91.81,40863,2509
11/17/2011,88.02,40864,2510
11/18/2011,86.32,40865,2511
11/21/2011,83.87,40868,2514
11/22/2011,84.14,40869,2515
11/23/2011,80.75,40870,2516
11/24/2011,82.89,40871,2517
11/25/2011,81.6,40872,2518
11/28/2011,84.32,40875,2521
11/29/2011,81.64,40876,2522
11/30/2011,82.67,40877,2523
12/1/2011,83.92,40878,2524
12/2/2011,86.86,40879,2525
12/5/2011,87.22,40882,2528
12/6/2011,87.22,40883,2529
12/7/2011,86.86,40884,2530
12/8/2011,83.78,40885,2531
12/9/2011,82.67,40886,2532
12/12/2011,78.92,40889,2535
12/13/2011,79.37,40890,2536
12/14/2011,78.79,40891,2537
12/15/2011,79.06,40892,2538
12/16/2011,76.87,40893,2539
12/19/2011,78.08,40896,2542
12/20/2011,74.11,40897,2543
12/21/2011,73.53,40898,2544
12/22/2011,75,40899,2545
12/23/2011,73.3,40900,2546
12/26/2011,74.46,40903,2549
12/27/2011,73.17,40904,2550
12/28/2011,72.5,40905,2551
12/29/2011,71.65,40906,2552
12/30/2011,69.38,40907,2553
1/2/2012,70.23,40910,2556
1/3/2012,73.35,40911,2557
1/4/2012,73.71,40912,2558
1/5/2012,74.78,40913,2559
1/6/2012,74.2,40914,2560
1/9/2012,75.4,40917,2563
1/10/2012,77.59,40918,2564
1/11/2012,78.16,40919,2565
1/12/2012,80.48,40920,2566
1/13/2012,81.11,40921,2567
1/16/2012,81.73,40924,2570
1/17/2012,83.56,40925,2571
1/18/2012,81.78,40926,2572
1/19/2012,83.03,40927,2573
1/20/2012,85.57,40928,2574
1/23/2012,86.06,40931,2577
1/24/2012,90.2,40932,2578
1/25/2012,90.52,40933,2579
1/26/2012,90.52,40934,2580
1/27/2012,89.62,40935,2581
1/30/2012,86.82,40938,2584
1/31/2012,90.34,40939,2585
2/1/2012,89.22,40940,2586
2/2/2012,86.73,40941,2587
2/3/2012,89.18,40942,2588
2/6/2012,91.68,40945,2591
2/7/2012,94.22,40946,2592
2/8/2012,94.22,40947,2593
2/9/2012,95.67,40948,2594
2/10/2012,95.67,40949,2595
2/13/2012,96.17,40952,2598
2/14/2012,99.08,40953,2599
2/15/2012,103.81,40954,2600
2/16/2012,105.58,40955,2601
2/17/2012,107.22,40956,2602
2/20/2012,107.22,40959,2605
2/21/2012,107.67,40960,2606
2/22/2012,100.22,40961,2607
2/23/2012,99.76,40962,2608
2/24/2012,99.35,40963,2609
2/27/2012,94.72,40966,2612
2/28/2012,101.17,40967,2613
2/29/2012,98.26,40968,2614
3/1/2012,99.49,40969,2615
3/2/2012,102.13,40970,2616
3/5/2012,97.4,40973,2619
3/6/2012,96.49,40974,2620
3/7/2012,97.31,40975,2621
3/8/2012,99.49,40976,2622
3/9/2012,101.35,40977,2623
3/12/2012,102.35,40980,2626
3/13/2012,103.26,40981,2627
3/14/2012,104.85,40982,2628
3/15/2012,100.17,40983,2629
3/16/2012,97.58,40984,2630
3/19/2012,95.08,40987,2633
3/20/2012,97.17,40988,2634
3/21/2012,100.63,40989,2635
3/22/2012,96.08,40990,2636
3/23/2012,98.03,40991,2637
3/26/2012,95.72,40994,2640
3/27/2012,97.22,40995,2641
3/28/2012,95.08,40996,2642
3/29/2012,91.4,40997,2643
3/30/2012,95.17,40998,2644
4/2/2012,95.99,41001,2647
4/3/2012,96.53,41002,2648
4/4/2012,96.94,41003,2649
4/5/2012,96.94,41004,2650
4/6/2012,96.94,41005,2651
4/9/2012,94.67,41008,2654
4/10/2012,96.49,41009,2655
4/11/2012,96.94,41010,2656
4/12/2012,97.85,41011,2657
4/13/2012,95.85,41012,2658
4/16/2012,98.9,41015,2661
4/17/2012,98.99,41016,2662
4/18/2012,97.53,41017,2663
4/19/2012,97.72,41018,2664
4/20/2012,96.35,41019,2665
4/23/2012,95.4,41022,2668
4/24/2012,96.4,41023,2669
4/25/2012,93.54,41024,2670
4/26/2012,94.17,41025,2671
4/27/2012,91.54,41026,2672
4/30/2012,92.54,41029,2675
5/1/2012,92.67,41030,2676
5/2/2012,92.08,41031,2677
5/3/2012,89.35,41032,2678
5/4/2012,87.04,41033,2679
5/7/2012,88.72,41036,2682
5/8/2012,86.35,41037,2683
5/9/2012,83.45,41038,2684
5/10/2012,83.95,41039,2685
5/11/2012,83.63,41040,2686
5/14/2012,81.26,41043,2689
5/15/2012,83.04,41044,2690
5/16/2012,81.22,41045,2691
5/17/2012,78.85,41046,2692
5/18/2012,80.17,41047,2693
5/21/2012,81.35,41050,2696
5/22/2012,79.31,41051,2697
5/23/2012,77.86,41052,2698
5/24/2012,78.85,41053,2699
5/25/2012,79.08,41054,2700
5/28/2012,81.04,41057,2703
5/29/2012,80.76,41058,2704
5/30/2012,78.35,41059,2705
5/31/2012,77.67,41060,2706
6/1/2012,76.17,41061,2707
6/4/2012,77.95,41064,2710
6/5/2012,77.9,41065,2711
6/6/2012,80.85,41066,2712
6/7/2012,81.26,41067,2713
6/8/2012,82.54,41068,2714
6/11/2012,82.4,41071,2717
6/12/2012,84.54,41072,2718
6/13/2012,84.81,41073,2719
6/14/2012,82.17,41074,2720
6/15/2012,83.49,41075,2721
6/18/2012,79.58,41078,2724
6/19/2012,80.58,41079,2725
6/20/2012,81.31,41080,2726
6/21/2012,83.63,41081,2727
6/22/2012,83.13,41082,2728
6/25/2012,82.58,41085,2731
6/26/2012,82.45,41086,2732
6/27/2012,83.81,41087,2733
6/28/2012,82.63,41088,2734
6/29/2012,84.99,41089,2735
7/2/2012,86.49,41092,2738
7/3/2012,87.44,41093,2739
7/4/2012,87.72,41094,2740
7/5/2012,89.54,41095,2741
7/6/2012,88.85,41096,2742
7/9/2012,86.63,41099,2745
7/10/2012,88.94,41100,2746
7/11/2012,88.17,41101,2747
7/12/2012,86.85,41102,2748
7/13/2012,86.22,41103,2749
7/16/2012,86.08,41106,2752
7/17/2012,84.17,41107,2753
7/18/2012,84.45,41108,2754
7/19/2012,85.26,41109,2755
7/20/2012,84.17,41110,2756
7/23/2012,81.81,41113,2759
7/24/2012,80.67,41114,2760
7/25/2012,79.67,41115,2761
7/26/2012,78.85,41116,2762
7/27/2012,77.36,41117,2763
7/30/2012,80.4,41120,2766
7/31/2012,79.95,41121,2767
8/1/2012,78.72,41122,2768
8/2/2012,79.31,41123,2769
8/3/2012,78.85,41124,2770
8/6/2012,78.81,41127,2773
8/7/2012,79.4,41128,2774
8/8/2012,78.63,41129,2775
8/9/2012,77.95,41130,2776
8/10/2012,76.49,41131,2777
8/13/2012,77.26,41134,2780
8/14/2012,78.4,41135,2781
8/15/2012,78.4,41136,2782
8/16/2012,79.13,41137,2783
8/17/2012,78.85,41138,2784
8/20/2012,78.85,41141,2787
8/21/2012,79.76,41142,2788
8/22/2012,78.72,41143,2789
8/23/2012,78.81,41144,2790
8/24/2012,77.72,41145,2791
8/27/2012,76.54,41148,2794
8/28/2012,76.4,41149,2795
8/29/2012,75.95,41150,2796
8/30/2012,77.95,41151,2797
8/31/2012,77.95,41152,2798
9/3/2012,78.5,41155,2801
9/4/2012,80.4,41156,2802
9/5/2012,79.84,41157,2803
9/6/2012,80.26,41158,2804
9/7/2012,81.37,41159,2805
9/10/2012,81.09,41162,2808
9/11/2012,81.14,41163,2809
9/12/2012,81.69,41164,2810
9/13/2012,81.09,41165,2811
9/14/2012,83.45,41166,2812
9/17/2012,87.15,41169,2815
9/18/2012,90.81,41170,2816
9/19/2012,90.81,41171,2817
9/20/2012,88.77,41172,2818
9/21/2012,91.22,41173,2819
9/24/2012,91.27,41176,2822
9/25/2012,90.81,41177,2823
9/26/2012,90.48,41178,2824
9/27/2012,92.01,41179,2825
9/28/2012,92.56,41180,2826
10/1/2012,94.51,41183,2829
10/2/2012,94.51,41184,2830
10/3/2012,96.31,41185,2831
10/4/2012,96.17,41186,2832
10/5/2012,94.37,41187,2833
10/8/2012,92.15,41190,2836
10/9/2012,92.61,41191,2837
10/10/2012,90.9,41192,2838
10/11/2012,92.66,41193,2839
10/12/2012,91.87,41194,2840
10/15/2012,92.66,41197,2843
10/16/2012,90.67,41198,2844
10/17/2012,90.71,41199,2845
10/18/2012,93.4,41200,2846
10/19/2012,91.96,41201,2847
10/22/2012,90.94,41204,2850
10/23/2012,90.48,41205,2851
10/24/2012,90.48,41206,2852
10/25/2012,90.02,41207,2853
10/26/2012,88.4,41208,2854
10/29/2012,87.75,41211,2857
10/30/2012,85.21,41212,2858
10/31/2012,85.9,41213,2859
11/1/2012,87.2,41214,2860
11/2/2012,88.86,41215,2861
11/5/2012,89.56,41218,2864
11/6/2012,90.85,41219,2865
11/7/2012,95.89,41220,2866
11/8/2012,98.81,41221,2867
11/9/2012,96.87,41222,2868
11/12/2012,98.25,41225,2871
11/13/2012,98.25,41226,2872
11/14/2012,98.25,41227,2873
11/15/2012,98.67,41228,2874
11/16/2012,95.48,41229,2875
11/19/2012,93.81,41232,2878
11/20/2012,92.33,41233,2879
11/21/2012,93.67,41234,2880
11/22/2012,95.11,41235,2881
11/23/2012,94.78,41236,2882
11/26/2012,94.74,41239,2885
11/27/2012,94.32,41240,2886
11/28/2012,94.32,41241,2887
11/29/2012,96.63,41242,2888
11/30/2012,100.01,41243,2889
12/3/2012,100.52,41246,2892
12/4/2012,101.03,41247,2893
12/5/2012,100.94,41248,2894
12/6/2012,101.4,41249,2895
12/7/2012,101.26,41250,2896
12/10/2012,105.52,41253,2899
12/11/2012,102.46,41254,2900
12/12/2012,102.88,41255,2901
12/13/2012,99.46,41256,2902
12/14/2012,101.54,41257,2903
12/17/2012,101.82,41260,2906
12/18/2012,102.65,41261,2907
12/19/2012,102.56,41262,2908
12/20/2012,103.85,41263,2909
12/21/2012,100.2,41264,2910
12/24/2012,100.38,41267,2913
12/25/2012,100.38,41268,2914
12/26/2012,101.12,41269,2915
12/27/2012,100.84,41270,2916
12/28/2012,101.95,41271,2917
12/31/2012,103.06,41274,2920
1/1/2013,105.15,41275,2921
1/2/2013,106.03,41276,2922
1/3/2013,105.93,41277,2923
1/4/2013,107.83,41278,2924
1/7/2013,107.55,41281,2927
1/8/2013,107.51,41282,2928
1/9/2013,107.74,41283,2929
1/10/2013,107.92,41284,2930
1/11/2013,105.47,41285,2931
1/14/2013,107.18,41288,2934
1/15/2013,106.67,41289,2935
1/16/2013,104.64,41290,2936
1/17/2013,105.84,41291,2937
1/18/2013,104.87,41292,2938
1/21/2013,103.71,41295,2941
1/22/2013,101.68,41296,2942
1/23/2013,100.1,41297,2943
1/24/2013,97.14,41298,2944
1/25/2013,99.92,41299,2945
1/28/2013,99.87,41302,2948
1/29/2013,99.09,41303,2949
1/30/2013,98.44,41304,2950
1/31/2013,99.55,41305,2951
2/1/2013,97.84,41306,2952
2/4/2013,94.55,41309,2955
2/5/2013,94.23,41310,2956
2/6/2013,93.72,41311,2957
2/7/2013,93.17,41312,2958
2/8/2013,92.24,41313,2959
2/11/2013,92.15,41316,2962
2/12/2013,92.8,41317,2963
2/13/2013,91.59,41318,2964
2/14/2013,90.11,41319,2965
2/15/2013,90.3,41320,2966
2/18/2013,91.82,41323,2969
2/19/2013,92.84,41324,2970
2/20/2013,92.38,41325,2971
2/21/2013,89.14,41326,2972
2/22/2013,89.79,41327,2973
2/25/2013,88.17,41330,2976
2/26/2013,86.74,41331,2977
2/27/2013,87.2,41332,2978
2/28/2013,82.06,41333,2979
3/1/2013,82.29,41334,2980
3/4/2013,81,41337,2983
3/5/2013,82.85,41338,2984
3/6/2013,84.61,41339,2985
3/7/2013,84.88,41340,2986
3/8/2013,85.81,41341,2987
3/11/2013,85.67,41344,2990
3/12/2013,84.65,41345,2991
3/13/2013,82.02,41346,2992
3/14/2013,83.31,41347,2993
3/15/2013,82.39,41348,2994
3/18/2013,81.23,41351,2997
3/19/2013,79.29,41352,2998
3/20/2013,76.93,41353,2999
3/21/2013,75.31,41354,3000
3/22/2013,76,41355,3001
3/25/2013,75.08,41358,3004
3/26/2013,73.83,41359,3005
3/27/2013,73.83,41360,3006
3/28/2013,74.25,41361,3007
3/29/2013,74.25,41362,3008
4/1/2013,76.33,41365,3011
4/2/2013,77.85,41366,3012
4/3/2013,76.19,41367,3013
4/4/2013,76.37,41368,3014
4/5/2013,75.54,41369,3015
4/8/2013,74.94,41372,3018
4/9/2013,73.88,41373,3019
4/10/2013,74.71,41374,3020
4/11/2013,74.52,41375,3021
4/12/2013,75.59,41376,3022
4/15/2013,76.74,41379,3025
4/16/2013,78.27,41380,3026
4/17/2013,78.13,41381,3027
4/18/2013,79.8,41382,3028
4/19/2013,79.8,41383,3029
4/22/2013,81.14,41386,3032
4/23/2013,80.54,41387,3033
4/24/2013,80.54,41388,3034
4/25/2013,81.74,41389,3035
4/26/2013,82.2,41390,3036
4/29/2013,82.62,41393,3039
4/30/2013,81.69,41394,3040
5/1/2013,81.69,41395,3041
5/2/2013,83.87,41396,3042
5/3/2013,82.43,41397,3043
5/6/2013,81.14,41400,3046
5/7/2013,81.55,41401,3047
5/8/2013,81.32,41402,3048
5/9/2013,81.42,41403,3049
5/10/2013,81.55,41404,3050
5/13/2013,79.8,41407,3053
5/14/2013,80.58,41408,3054
5/15/2013,82.85,41409,3055
5/16/2013,83.68,41410,3056
5/17/2013,83.87,41411,3057
5/20/2013,83.87,41414,3060
5/21/2013,83.13,41415,3061
5/22/2013,81.18,41416,3062
5/23/2013,78.55,41417,3063
5/24/2013,78.78,41418,3064
5/27/2013,79.06,41421,3067
5/28/2013,79.61,41422,3068
5/29/2013,77.71,41423,3069
5/30/2013,75.86,41424,3070
5/31/2013,73.83,41425,3071
6/3/2013,74.25,41428,3074
6/4/2013,72.72,41429,3075
6/5/2013,72.67,41430,3076
6/6/2013,73.37,41431,3077
6/7/2013,72.72,41432,3078
6/10/2013,71.56,41435,3081
6/11/2013,70.17,41436,3082
6/12/2013,70.5,41437,3083
6/13/2013,69.57,41438,3084
6/14/2013,70.96,41439,3085
6/17/2013,71.89,41442,3088
6/18/2013,70.5,41443,3089
6/19/2013,71.05,41444,3090
6/20/2013,68.69,41445,3091
6/21/2013,67.31,41446,3092
6/24/2013,64.95,41449,3095
6/25/2013,64.44,41450,3096
6/26/2013,63.74,41451,3097
6/27/2013,63.1,41452,3098
6/28/2013,65.64,41453,3099
7/1/2013,68.28,41456,3102
7/2/2013,67.91,41457,3103
7/3/2013,64.67,41458,3104
7/4/2013,66.01,41459,3105
7/5/2013,66.24,41460,3106
7/8/2013,65.69,41463,3109
7/9/2013,67.77,41464,3110
7/10/2013,66.52,41465,3111
7/11/2013,67.68,41466,3112
7/12/2013,67.4,41467,3113
7/15/2013,69.11,41470,3116
7/16/2013,65.64,41471,3117
7/17/2013,64.25,41472,3118
7/18/2013,65.04,41473,3119
7/19/2013,64.62,41474,3120
7/22/2013,65.46,41477,3123
7/23/2013,67.58,41478,3124
7/24/2013,65.83,41479,3125
7/25/2013,65.18,41480,3126
7/26/2013,63.14,41481,3127
7/29/2013,61.39,41484,3130
7/30/2013,59.91,41485,3131
7/31/2013,60.37,41486,3132
8/1/2013,57.5,41487,3133
8/2/2013,55.42,41488,3134
8/5/2013,55.97,41491,3137
8/6/2013,52.64,41492,3138
8/7/2013,54.17,41493,3139
8/8/2013,54.03,41494,3140
8/9/2013,54.03,41495,3141
8/12/2013,54.86,41498,3144
8/13/2013,56.16,41499,3145
8/14/2013,56.71,41500,3146
8/15/2013,56.71,41501,3147
8/16/2013,53.01,41502,3148
8/19/2013,51.9,41505,3151
8/20/2013,52.5,41506,3152
8/21/2013,51.21,41507,3153
8/22/2013,52.55,41508,3154
8/23/2013,53.57,41509,3155
8/26/2013,54.12,41512,3158
8/27/2013,52.41,41513,3159
8/28/2013,52.41,41514,3160
8/29/2013,53.99,41515,3161
8/30/2013,54.14,41516,3162
9/2/2013,54.73,41519,3165
9/3/2013,52.21,41520,3166
9/4/2013,53.15,41521,3167
9/5/2013,56.11,41522,3168
9/6/2013,55.57,41523,3169
9/9/2013,55.57,41526,3172
9/10/2013,56.26,41527,3173
9/11/2013,58.87,41528,3174
9/12/2013,58.33,41529,3175
9/13/2013,58.92,41530,3176
9/16/2013,59.36,41533,3179
9/17/2013,58.92,41534,3180
9/18/2013,60.05,41535,3181
9/19/2013,63.65,41536,3182
9/20/2013,62.62,41537,3183
9/23/2013,60.15,41540,3186
9/24/2013,60.5,41541,3187
9/25/2013,59.86,41542,3188
9/26/2013,60,41543,3189
9/27/2013,59.07,41544,3190
9/30/2013,57.79,41547,3193
10/1/2013,59.22,41548,3194
10/2/2013,59.22,41549,3195
10/3/2013,60.4,41550,3196
10/4/2013,60.3,41551,3197
10/7/2013,60.25,41554,3200
10/8/2013,60.84,41555,3201
10/9/2013,61.43,41556,3202
10/10/2013,61.48,41557,3203
10/11/2013,62.17,41558,3204
10/14/2013,62.96,41561,3207
10/15/2013,61.04,41562,3208
10/16/2013,61.04,41563,3209
10/17/2013,60.79,41564,3210
10/18/2013,62.07,41565,3211
10/21/2013,64.15,41568,3214
10/22/2013,64.15,41569,3215
10/23/2013,66.86,41570,3216
10/24/2013,67.3,41571,3217
10/25/2013,65.58,41572,3218
10/28/2013,65.33,41575,3221
10/29/2013,67.65,41576,3222
10/30/2013,64.98,41577,3223
10/31/2013,66.81,41578,3224
11/1/2013,68.34,41579,3225
11/4/2013,68.34,41582,3228
11/5/2013,70.16,41583,3229
11/6/2013,67.74,41584,3230
11/7/2013,66.17,41585,3231
11/8/2013,66.07,41586,3232
11/11/2013,63.95,41589,3235
11/12/2013,63.31,41590,3236
11/13/2013,62.67,41591,3237
11/14/2013,63.7,41592,3238
11/15/2013,63.7,41593,3239
11/18/2013,65.28,41596,3242
11/19/2013,66.36,41597,3243
11/20/2013,65.23,41598,3244
11/21/2013,63.85,41599,3245
11/22/2013,62.47,41600,3246
11/25/2013,63.9,41603,3249
11/26/2013,62.86,41604,3250
11/27/2013,62.86,41605,3251
11/28/2013,62.77,41606,3252
11/29/2013,63.9,41607,3253
12/2/2013,64.1,41610,3256
12/3/2013,63.85,41611,3257
12/4/2013,63.01,41612,3258
12/5/2013,64.93,41613,3259
12/6/2013,65.62,41614,3260
12/9/2013,65.97,41617,3263
12/10/2013,64.24,41618,3264
12/11/2013,64.15,41619,3265
12/12/2013,63.31,41620,3266
12/13/2013,61.88,41621,3267
12/16/2013,61.24,41624,3270
12/17/2013,60.2,41625,3271
12/18/2013,62.17,41626,3272
12/19/2013,61.24,41627,3273
12/20/2013,63.26,41628,3274
12/23/2013,63.95,41631,3277
12/24/2013,64.29,41632,3278
12/25/2013,64.29,41633,3279
12/26/2013,64.69,41634,3280
12/27/2013,64.98,41635,3281
12/30/2013,64.49,41638,3284
12/31/2013,65.53,41639,3285
1/1/2014,66.46,41640,3286
1/2/2014,64.79,41641,3287
1/3/2014,65.28,41642,3288
1/6/2014,64.79,41645,3291
1/7/2014,63.31,41646,3292
1/8/2014,65.82,41647,3293
1/9/2014,63.8,41648,3294
1/10/2014,63.21,41649,3295
1/13/2014,63.21,41652,3298
1/14/2014,63.31,41653,3299
1/15/2014,64.24,41654,3300
1/16/2014,63.8,41655,3301
1/17/2014,62.37,41656,3302
1/20/2014,62.22,41659,3305
1/21/2014,63.06,41660,3306
1/22/2014,62.62,41661,3307
1/23/2014,63.44,41662,3308
1/24/2014,61.35,41663,3309
1/27/2014,57.36,41666,3312
1/28/2014,56.21,41667,3313
1/29/2014,54.26,41668,3314
1/30/2014,54.71,41669,3315
1/31/2014,55.31,41670,3316
2/3/2014,54.26,41673,3319
2/4/2014,55.31,41674,3320
2/5/2014,55.06,41675,3321
2/6/2014,54.11,41676,3322
2/7/2014,54.56,41677,3323
2/10/2014,54.61,41680,3326
2/11/2014,54.81,41681,3327
2/12/2014,54.46,41682,3328
2/13/2014,53.71,41683,3329
2/14/2014,54.81,41684,3330
2/17/2014,55.81,41687,3333
2/18/2014,56.31,41688,3334
2/19/2014,55.91,41689,3335
2/20/2014,55.81,41690,3336
2/21/2014,56.01,41691,3337
2/24/2014,56.06,41694,3340
2/25/2014,55.71,41695,3341
2/26/2014,55.61,41696,3342
2/27/2014,55.61,41697,3343
2/28/2014,55.96,41698,3344
3/3/2014,55.96,41701,3347
3/4/2014,57.06,41702,3348
3/5/2014,58.35,41703,3349
3/6/2014,58.55,41704,3350
3/7/2014,59.7,41705,3351
3/10/2014,60.55,41708,3354
3/11/2014,59.85,41709,3355
3/12/2014,59.3,41710,3356
3/13/2014,59.25,41711,3357
3/14/2014,58.85,41712,3358
3/17/2014,58.85,41715,3361
3/18/2014,59.5,41716,3362
3/19/2014,59.35,41717,3363
3/20/2014,58.15,41718,3364
3/21/2014,58.7,41719,3365
3/24/2014,59.85,41722,3368
3/25/2014,60.05,41723,3369
3/26/2014,61.35,41724,3370
3/27/2014,63.64,41725,3371
3/28/2014,65.53,41726,3372
3/31/2014,65.29,41729,3375
4/1/2014,63.94,41730,3376
4/2/2014,65.34,41731,3377
4/3/2014,64.29,41732,3378
4/4/2014,64.99,41733,3379
4/7/2014,63.99,41736,3382
4/8/2014,63.99,41737,3383
4/9/2014,66.78,41738,3384
4/10/2014,66.83,41739,3385
4/11/2014,67.83,41740,3386
4/14/2014,67.83,41743,3389
4/15/2014,66.18,41744,3390
4/16/2014,64.89,41745,3391
4/17/2014,66.08,41746,3392
4/18/2014,66.08,41747,3393
4/21/2014,67.98,41750,3396
4/22/2014,66.98,41751,3397
4/23/2014,66.83,41752,3398
4/24/2014,66.83,41753,3399
4/25/2014,67.38,41754,3400
4/28/2014,69.13,41757,3403
4/29/2014,67.83,41758,3404
4/30/2014,68.03,41759,3405
5/1/2014,68.03,41760,3406
5/2/2014,68.93,41761,3407
5/5/2014,68.48,41764,3410
5/6/2014,67.83,41765,3411
5/7/2014,67.08,41766,3412
5/8/2014,66.08,41767,3413
5/9/2014,69.18,41768,3414
5/12/2014,69.47,41771,3417
5/13/2014,70.22,41772,3418
5/14/2014,74.16,41773,3419
5/15/2014,73.51,41774,3420
5/16/2014,79.15,41775,3421
5/19/2014,86.23,41778,3424
5/20/2014,86.43,41779,3425
5/21/2014,87.98,41780,3426
5/22/2014,89.47,41781,3427
5/23/2014,94.96,41782,3428
5/26/2014,97.4,41785,3431
5/27/2014,94.31,41786,3432
5/28/2014,93.31,41787,3433
5/29/2014,95.76,41788,3434
5/30/2014,93.22,41789,3435
6/2/2014,98.1,41792,3438
6/3/2014,96.86,41793,3439
6/4/2014,112.07,41794,3440
6/5/2014,111.92,41795,3441
6/6/2014,111.87,41796,3442
6/9/2014,111.32,41799,3445
6/10/2014,112.47,41800,3446
6/11/2014,108.88,41801,3447
6/12/2014,108.83,41802,3448
6/13/2014,102.99,41803,3449
6/16/2014,104.39,41806,3452
6/17/2014,107.38,41807,3453
6/18/2014,104.89,41808,3454
6/19/2014,103.29,41809,3455
6/20/2014,101.29,41810,3456
6/23/2014,103.19,41813,3459
6/24/2014,106.23,41814,3460
6/25/2014,107.18,41815,3461
6/26/2014,107.55,41816,3462
6/27/2014,105.5,41817,3463
6/30/2014,109.45,41820,3466
7/1/2014,107.65,41821,3467
7/2/2014,106.8,41822,3468
7/3/2014,107.9,41823,3469
7/4/2014,107.8,41824,3470
7/7/2014,106.95,41827,3473
7/8/2014,98.8,41828,3474
7/9/2014,93.75,41829,3475
7/10/2014,96.1,41830,3476
7/11/2014,88.35,41831,3477
7/14/2014,89.95,41834,3480
7/15/2014,93.05,41835,3481
7/16/2014,94.65,41836,3482
7/17/2014,94.7,41837,3483
7/18/2014,93.55,41838,3484
7/21/2014,93.2,41841,3487
7/22/2014,92.4,41842,3488
7/23/2014,92.2,41843,3489
7/24/2014,92.95,41844,3490
7/25/2014,90.2,41845,3491
7/28/2014,90.3,41848,3494
7/29/2014,90.3,41849,3495
7/30/2014,90.95,41850,3496
7/31/2014,89.4,41851,3497
8/1/2014,89.3,41852,3498
8/4/2014,90.7,41855,3501
8/5/2014,91.25,41856,3502
8/6/2014,85,41857,3503
8/7/2014,84.55,41858,3504
8/8/2014,83.1,41859,3505
8/11/2014,81.1,41862,3508
8/12/2014,82.05,41863,3509
8/13/2014,77.75,41864,3510
8/14/2014,78.85,41865,3511
8/15/2014,78.85,41866,3512
8/18/2014,80.1,41869,3515
8/19/2014,79.75,41870,3516
8/20/2014,78.95,41871,3517
8/21/2014,80.35,41872,3518
8/22/2014,81.05,41873,3519
8/25/2014,78.9,41876,3522
8/26/2014,79.55,41877,3523
8/27/2014,77.9,41878,3524
8/28/2014,76.1,41879,3525
8/29/2014,76.1,41880,3526
9/1/2014,77.65,41883,3529
9/2/2014,78.25,41884,3530
9/3/2014,77.05,41885,3531
9/4/2014,75.2,41886,3532
9/5/2014,74.9,41887,3533
9/8/2014,75.35,41890,3536
9/9/2014,75.75,41891,3537
9/10/2014,77.15,41892,3538
9/11/2014,78.25,41893,3539
9/12/2014,78.05,41894,3540
9/15/2014,80.05,41897,3543
9/16/2014,74.65,41898,3544
9/17/2014,73.95,41899,3545
9/18/2014,76.2,41900,3546
9/19/2014,73.8,41901,3547
9/22/2014,73.85,41904,3550
9/23/2014,71.45,41905,3551
9/24/2014,67.55,41906,3552
9/25/2014,60.1,41907,3553
9/26/2014,62.65,41908,3554
9/29/2014,62.55,41911,3557
9/30/2014,61,41912,3558
10/1/2014,60.65,41913,3559
10/2/2014,60.55,41914,3560
10/3/2014,60.55,41915,3561
10/6/2014,60.55,41918,3564
10/7/2014,60.05,41919,3565
10/8/2014,60.45,41920,3566
10/9/2014,62.25,41921,3567
10/10/2014,60.75,41922,3568
10/13/2014,61.35,41925,3571
10/14/2014,61.7,41926,3572
10/15/2014,61.7,41927,3573
10/16/2014,60.25,41928,3574
10/17/2014,61.6,41929,3575
10/20/2014,63.7,41932,3578
10/21/2014,65.9,41933,3579
10/22/2014,66.75,41934,3580
10/23/2014,66.75,41935,3581
10/24/2014,66.75,41936,3582
