1/3/2005,526.6,38355,1
1/4/2005,521.9,38356,2
1/5/2005,495.85,38357,3
1/6/2005,485.29,38358,4
1/7/2005,494.4,38359,5
1/10/2005,481.79,38362,8
1/11/2005,472.4,38363,9
1/12/2005,460.31,38364,10
1/13/2005,476.25,38365,11
1/14/2005,464.49,38366,12
1/17/2005,473,38369,15
1/18/2005,469.39,38370,16
1/19/2005,466.74,38371,17
1/20/2005,462.84,38372,18
1/25/2005,467.34,38377,23
1/27/2005,466.53,38379,25
1/28/2005,499.66,38380,26
1/31/2005,516.36,38383,29
2/1/2005,509.18,38384,30
2/2/2005,520.98,38385,31
2/3/2005,526.88,38386,32
2/4/2005,520.5,38387,33
2/7/2005,516.24,38390,36
2/8/2005,510.1,38391,37
2/9/2005,523.75,38392,38
2/10/2005,520.78,38393,39
2/11/2005,525.24,38394,40
2/14/2005,534.47,38397,43
2/15/2005,530.94,38398,44
2/16/2005,532.55,38399,45
2/17/2005,529.78,38400,46
2/18/2005,528.61,38401,47
2/21/2005,530.62,38404,50
2/22/2005,546.36,38405,51
2/23/2005,543.67,38406,52
2/24/2005,554.87,38407,53
2/25/2005,550.17,38408,54
2/28/2005,573.9,38411,57
3/1/2005,558.6,38412,58
3/2/2005,567.28,38413,59
3/3/2005,575.87,38414,60
3/4/2005,572.94,38415,61
3/7/2005,583.5,38418,64
3/8/2005,581.45,38419,65
3/9/2005,578.88,38420,66
3/11/2005,591.77,38422,68
3/14/2005,589.52,38425,71
3/15/2005,587.63,38426,72
3/16/2005,584.62,38427,73
3/18/2005,584.46,38429,75
3/21/2005,580.37,38432,78
3/22/2005,556.72,38433,79
3/23/2005,528.17,38434,80
3/24/2005,533.55,38435,81
3/28/2005,534.51,38439,85
3/29/2005,515.32,38440,86
3/30/2005,530.86,38441,87
3/31/2005,525.84,38442,88
4/1/2005,538.13,38443,89
4/4/2005,535.64,38446,92
4/5/2005,518.29,38447,93
4/6/2005,523.23,38448,94
4/7/2005,526.04,38449,95
4/8/2005,524.52,38450,96
4/12/2005,519.26,38454,100
4/13/2005,518.53,38455,101
4/15/2005,499.3,38457,103
4/18/2005,497.97,38460,106
4/19/2005,495.04,38461,107
4/20/2005,498.42,38462,108
4/21/2005,504.72,38463,109
4/22/2005,498.21,38464,110
4/25/2005,501.23,38467,113
4/26/2005,501.75,38468,114
4/27/2005,497.85,38469,115
4/28/2005,485.21,38470,116
4/29/2005,469.67,38471,117
5/2/2005,473.28,38474,120
5/3/2005,481.15,38475,121
5/4/2005,487.69,38476,122
5/5/2005,494.84,38477,123
5/6/2005,495.57,38478,124
5/9/2005,499.26,38481,127
5/10/2005,495.69,38482,128
5/11/2005,494.04,38483,129
5/12/2005,496.97,38484,130
5/13/2005,497.37,38485,131
5/16/2005,508.65,38488,134
5/17/2005,503.84,38489,135
5/19/2005,512.83,38491,137
5/20/2005,521.18,38492,138
5/23/2005,522.35,38495,141
5/24/2005,532.18,38496,142
5/25/2005,544.03,38497,143
5/26/2005,549.01,38498,144
5/30/2005,531.82,38502,148
5/31/2005,538.41,38503,149
6/1/2005,530.18,38504,150
6/2/2005,526.24,38505,151
6/6/2005,547.96,38509,155
6/7/2005,550.86,38510,156
6/8/2005,554.03,38511,157
6/9/2005,553.63,38512,158
6/10/2005,546.6,38513,159
6/14/2005,551.06,38517,163
6/15/2005,553.3,38518,164
6/16/2005,546.04,38519,165
6/17/2005,546.61,38520,166
6/20/2005,538.13,38523,169
6/21/2005,545.34,38524,170
6/22/2005,541.57,38525,171
6/23/2005,559.55,38526,172
6/24/2005,555.78,38527,173
6/27/2005,550.09,38530,176
6/28/2005,542.23,38531,177
6/29/2005,551.15,38532,178
6/30/2005,558.48,38533,179
7/4/2005,582.85,38537,183
7/5/2005,576.83,38538,184
7/6/2005,590.34,38539,185
7/7/2005,581.7,38540,186
7/8/2005,587.81,38541,187
7/11/2005,585.39,38544,190
7/13/2005,594.93,38546,192
7/14/2005,583.55,38547,193
7/15/2005,589.07,38548,194
7/18/2005,586.86,38551,197
7/19/2005,590.92,38552,198
7/20/2005,593.66,38553,199
7/21/2005,581.33,38554,200
7/22/2005,590.59,38555,201
7/25/2005,608.69,38558,204
7/26/2005,615.61,38559,205
7/27/2005,634.86,38560,206
7/29/2005,655.41,38562,208
8/1/2005,646.98,38565,211
8/2/2005,658.12,38566,212
8/3/2005,663.85,38567,213
8/4/2005,662.13,38568,214
8/5/2005,659.92,38569,215
8/8/2005,637.93,38572,218
8/9/2005,636.41,38573,219
8/10/2005,661.15,38574,220
8/11/2005,669.46,38575,221
8/12/2005,664.26,38576,222
8/16/2005,660.98,38580,226
8/17/2005,669.09,38581,227
8/18/2005,663.85,38582,228
8/19/2005,659.63,38583,229
8/22/2005,646.98,38586,232
8/24/2005,634.33,38588,234
8/25/2005,640.18,38589,235
8/26/2005,640.14,38590,236
8/29/2005,631.29,38593,239
8/30/2005,645.26,38594,240
8/31/2005,652.18,38595,241
9/1/2005,654.88,38596,242
9/2/2005,660.21,38597,243
9/5/2005,669.17,38600,246
9/6/2005,684,38601,247
9/8/2005,686.7,38603,249
9/9/2005,702.47,38604,250
9/12/2005,711.8,38607,253
9/13/2005,722.74,38608,254
9/14/2005,735.88,38609,255
9/15/2005,739.45,38610,256
9/16/2005,738.13,38611,257
9/19/2005,746.86,38614,260
9/20/2005,747.72,38615,261
9/22/2005,730.27,38617,263
9/23/2005,728.88,38618,264
9/26/2005,749.15,38621,267
9/27/2005,760.66,38622,268
9/28/2005,767.29,38623,269
9/29/2005,770.65,38624,270
9/30/2005,768.4,38625,271
10/3/2005,774.25,38628,274
10/4/2005,785.02,38629,275
10/5/2005,775.52,38630,276
10/6/2005,757.91,38631,277
10/7/2005,750.83,38632,278
10/10/2005,739.94,38635,281
10/11/2005,768.15,38636,282
10/13/2005,756.19,38638,284
10/14/2005,745.71,38639,285
10/17/2005,756.89,38642,288
10/18/2005,747.14,38643,289
10/19/2005,728.27,38644,290
10/20/2005,711.23,38645,291
10/21/2005,726.18,38646,292
10/24/2005,707.87,38649,295
10/25/2005,724.79,38650,296
10/26/2005,724.62,38651,297
10/27/2005,680.56,38652,298
10/28/2005,663.81,38653,299
10/31/2005,687.23,38656,302
11/2/2005,679.86,38658,304
11/7/2005,683.79,38663,309
11/8/2005,682.32,38664,310
11/9/2005,693.54,38665,311
11/10/2005,695.75,38666,312
11/11/2005,713.32,38667,313
11/14/2005,722.49,38670,316
11/16/2005,733.96,38672,318
11/17/2005,746.86,38673,319
11/18/2005,745.47,38674,320
11/21/2005,731.13,38677,323
11/22/2005,716.76,38678,324
11/23/2005,734.57,38679,325
11/24/2005,738.18,38680,326
11/25/2005,742.97,38681,327
11/28/2005,764.63,38684,330
11/29/2005,750.26,38685,331
11/30/2005,734.37,38686,332
12/1/2005,748.05,38687,333
12/2/2005,745.63,38688,334
12/5/2005,730.97,38691,337
12/6/2005,720.73,38692,338
12/7/2005,726.05,38693,339
12/8/2005,726.18,38694,340
12/9/2005,735.84,38695,341
12/12/2005,744.77,38698,344
12/13/2005,758.81,38699,345
12/14/2005,761.44,38700,346
12/15/2005,735.06,38701,347
12/16/2005,755.29,38702,348
12/19/2005,771.84,38705,351
12/20/2005,763.48,38706,352
12/21/2005,743.46,38707,353
12/22/2005,746.32,38708,354
12/23/2005,731.17,38709,355
12/26/2005,711.56,38712,358
12/27/2005,729.74,38713,359
12/28/2005,735.55,38714,360
12/29/2005,730.64,38715,361
12/30/2005,743.79,38716,362
1/2/2006,741.12,38719,365
1/3/2006,746.98,38720,366
1/4/2006,751.77,38721,367
1/5/2006,770.94,38722,368
1/6/2006,769.99,38723,369
1/9/2006,759.18,38726,372
1/10/2006,746.2,38727,373
1/12/2006,764.1,38729,375
1/13/2006,756.6,38730,376
1/16/2006,751.36,38733,379
1/18/2006,731.38,38735,381
1/19/2006,743.5,38736,382
1/23/2006,739.2,38740,386
1/24/2006,738.71,38741,387
1/25/2006,724.99,38742,388
1/27/2006,748.37,38744,390
1/30/2006,723.8,38747,393
1/31/2006,725.93,38748,394
2/1/2006,711.93,38749,395
2/2/2006,708.45,38750,396
2/3/2006,702.06,38751,397
2/6/2006,708.81,38754,400
2/7/2006,716.88,38755,401
2/8/2006,719.83,38756,402
2/10/2006,720.65,38758,404
2/13/2006,724.13,38761,407
2/14/2006,711.72,38762,408
2/15/2006,710.41,38763,409
2/16/2006,711.07,38764,410
2/17/2006,702.51,38765,411
2/20/2006,708.12,38768,414
2/22/2006,710.25,38770,416
2/23/2006,697.8,38771,417
2/24/2006,717.41,38772,418
2/27/2006,729.94,38775,421
2/28/2006,718.68,38776,422
3/1/2006,721.71,38777,423
3/2/2006,732.73,38778,424
3/3/2006,733.1,38779,425
3/6/2006,734.24,38782,428
3/7/2006,740.51,38783,429
3/8/2006,727.82,38784,430
3/9/2006,741.94,38785,431
3/10/2006,753.78,38786,432
3/13/2006,760.13,38789,435
3/14/2006,781.26,38790,436
3/16/2006,788.38,38792,438
3/17/2006,787.68,38793,439
3/20/2006,794.81,38796,442
3/21/2006,792.97,38797,443
3/22/2006,776.92,38798,444
3/23/2006,798.41,38799,445
3/24/2006,804.23,38800,446
3/27/2006,809.02,38803,449
3/28/2006,804.76,38804,450
3/30/2006,790.88,38806,452
3/31/2006,793.21,38807,453
4/3/2006,805.38,38810,456
4/4/2006,816.35,38811,457
4/5/2006,824.79,38812,458
4/7/2006,802.35,38814,460
4/10/2006,789.77,38817,463
4/13/2006,752.14,38820,466
4/17/2006,763.03,38824,470
4/18/2006,772.49,38825,471
4/19/2006,768.27,38826,472
4/20/2006,767.82,38827,473
4/21/2006,754.8,38828,474
4/24/2006,749.44,38831,477
4/25/2006,737.85,38832,478
4/26/2006,745.06,38833,479
4/27/2006,730.03,38834,480
5/2/2006,767.95,38839,485
5/3/2006,787.64,38840,486
5/4/2006,785.39,38841,487
5/5/2006,781.21,38842,488
5/8/2006,783.71,38845,491
5/9/2006,799.4,38846,492
5/10/2006,820.77,38847,493
5/11/2006,799.72,38848,494
5/12/2006,785.15,38849,495
5/15/2006,756.69,38852,498
5/16/2006,756.73,38853,499
5/17/2006,810.58,38854,500
5/18/2006,742.31,38855,501
5/19/2006,711.8,38856,502
5/22/2006,704.19,38859,505
5/23/2006,714.63,38860,506
5/24/2006,710.78,38861,507
5/25/2006,712.95,38862,508
5/26/2006,716.19,38863,509
5/29/2006,722.25,38866,512
5/30/2006,704.56,38867,513
6/1/2006,670.57,38869,515
6/2/2006,686.95,38870,516
6/5/2006,666.64,38873,519
6/6/2006,688.05,38874,520
6/7/2006,660.66,38875,521
6/8/2006,629.33,38876,522
6/9/2006,631.95,38877,523
6/12/2006,611.31,38880,526
6/13/2006,614.71,38881,527
6/14/2006,607.09,38882,528
6/19/2006,629.56,38887,533
6/20/2006,615.73,38888,534
6/21/2006,618.37,38889,535
6/22/2006,646.4,38890,536
6/23/2006,637.38,38891,537
6/26/2006,608.96,38894,540
6/27/2006,610.13,38895,541
6/28/2006,597.22,38896,542
6/29/2006,592.29,38897,543
6/30/2006,608.21,38898,544
7/3/2006,620.62,38901,547
7/4/2006,631.61,38902,548
7/5/2006,630.98,38903,549
7/6/2006,625.39,38904,550
7/7/2006,603.2,38905,551
7/10/2006,609.67,38908,554
7/11/2006,608.88,38909,555
7/12/2006,615.19,38910,556
7/13/2006,611.14,38911,557
7/14/2006,616.28,38912,558
7/17/2006,591.96,38915,561
7/18/2006,586.02,38916,562
7/19/2006,577.08,38917,563
7/20/2006,606.75,38918,564
7/21/2006,598.22,38919,565
7/24/2006,618.99,38922,568
7/25/2006,625.43,38923,569
7/26/2006,630.36,38924,570
7/27/2006,638.21,38925,571
7/28/2006,665.58,38926,572
7/31/2006,677.16,38929,575
8/1/2006,678.41,38930,576
8/2/2006,690.61,38931,577
8/4/2006,675.11,38933,579
8/7/2006,677.41,38936,582
8/8/2006,695.09,38937,583
8/9/2006,722.96,38938,584
8/10/2006,721.12,38939,585
8/11/2006,718.32,38940,586
8/14/2006,728.31,38943,589
8/16/2006,742.56,38945,591
8/17/2006,736.83,38946,592
8/18/2006,734.7,38947,593
8/21/2006,738.25,38950,596
8/22/2006,734.16,38951,597
8/23/2006,721.37,38952,598
8/24/2006,730.98,38953,599
8/25/2006,756.43,38954,600
8/28/2006,767.96,38957,603
8/29/2006,770.6,38958,604
8/30/2006,777.87,38959,605
8/31/2006,778.28,38960,606
9/1/2006,778.28,38961,607
9/4/2006,781.8,38964,610
9/5/2006,789.9,38965,611
9/6/2006,792.62,38966,612
9/7/2006,784.84,38967,613
9/8/2006,789.15,38968,614
9/11/2006,767.46,38971,617
9/12/2006,779.2,38972,618
9/13/2006,810.38,38973,619
9/14/2006,815.77,38974,620
9/15/2006,818.44,38975,621
9/18/2006,827.8,38978,624
9/19/2006,816.98,38979,625
9/20/2006,814.51,38980,626
9/21/2006,822.95,38981,627
9/22/2006,815.47,38982,628
9/25/2006,811.25,38985,631
9/26/2006,834.7,38986,632
9/27/2006,836.49,38987,633
9/28/2006,860.23,38988,634
9/29/2006,859.69,38989,635
10/3/2006,863.61,38993,639
10/4/2006,848.53,38994,640
10/5/2006,868.92,38995,641
10/6/2006,863.45,38996,642
10/9/2006,864.66,38999,645
10/10/2006,857.47,39000,646
10/11/2006,839.04,39001,647
10/12/2006,859.85,39002,648
10/13/2006,853.67,39003,649
10/16/2006,858.14,39006,652
10/17/2006,864.41,39007,653
10/18/2006,872.89,39008,654
10/19/2006,866.91,39009,655
10/20/2006,869.71,39010,656
10/23/2006,856.76,39013,659
10/26/2006,891.28,39016,662
10/27/2006,914.47,39017,663
10/30/2006,917.52,39020,666
10/31/2006,915.68,39021,667
11/1/2006,930.85,39022,668
11/2/2006,940.55,39023,669
11/3/2006,939.41,39024,670
11/6/2006,927.13,39027,673
11/7/2006,922.45,39028,674
11/8/2006,943.18,39029,675
11/9/2006,944.85,39030,676
11/10/2006,947.65,39031,677
11/13/2006,949.91,39034,680
11/14/2006,942.09,39035,681
11/15/2006,984.88,39036,682
11/16/2006,1021.24,39037,683
11/17/2006,1024.95,39038,684
11/20/2006,1011.33,39041,687
11/21/2006,1030.39,39042,688
11/22/2006,1043.17,39043,689
11/23/2006,1047.98,39044,690
11/24/2006,1051.07,39045,691
11/27/2006,1066.08,39048,694
11/28/2006,1080.66,39049,695
11/29/2006,1087.05,39050,696
11/30/2006,1100.71,39051,697
12/1/2006,1138.82,39052,698
12/4/2006,1128.83,39055,701
12/5/2006,1118.39,39056,702
12/6/2006,1118.43,39057,703
12/7/2006,1126.42,39058,704
12/8/2006,1132.72,39059,705
12/11/2006,1041.66,39062,708
12/12/2006,987.72,39063,709
12/13/2006,1024.12,39064,710
12/14/2006,1022.7,39065,711
12/15/2006,1056.75,39066,712
12/18/2006,1060.81,39069,715
12/19/2006,1027.84,39070,716
12/20/2006,1016.77,39071,717
12/21/2006,1012.63,39072,718
12/22/2006,1015.47,39073,719
12/26/2006,1042.21,39077,723
12/27/2006,1045.51,39078,724
12/28/2006,1032.6,39079,725
12/29/2006,1041,39080,726
1/2/2007,1047.64,39084,730
1/3/2007,1057.09,39085,731
1/4/2007,1038.83,39086,732
1/5/2007,1039.74,39087,733
1/8/2007,1014.34,39090,736
1/9/2007,981.91,39091,737
1/10/2007,949.74,39092,738
1/11/2007,958.97,39093,739
1/12/2007,1024.16,39094,740
1/15/2007,1021.49,39097,743
1/16/2007,1011.08,39098,744
1/17/2007,1021.73,39099,745
1/18/2007,1027.13,39100,746
1/19/2007,1019.86,39101,747
1/22/2007,1023.41,39104,750
1/23/2007,981.2,39105,751
1/24/2007,979.95,39106,752
1/25/2007,983.21,39107,753
1/29/2007,966.24,39111,757
1/31/2007,953.12,39113,759
2/1/2007,1005.4,39114,760
2/2/2007,987.06,39115,761
2/5/2007,1000.42,39118,764
2/6/2007,999.96,39119,765
2/7/2007,998.75,39120,766
2/8/2007,1007.28,39121,767
2/9/2007,1002.59,39122,768
2/12/2007,989.27,39125,771
2/13/2007,980.66,39126,772
2/14/2007,921.24,39127,773
2/15/2007,938.21,39128,774
2/19/2007,946.14,39132,778
2/20/2007,925.8,39133,779
2/21/2007,924.25,39134,780
2/22/2007,900.97,39135,781
2/23/2007,884.38,39136,782
2/26/2007,909.62,39139,785
2/27/2007,893.54,39140,786
2/28/2007,870.72,39141,787
3/1/2007,882.25,39142,788
3/2/2007,839.84,39143,789
3/5/2007,804.44,39146,792
3/6/2007,825.75,39147,793
3/7/2007,805.99,39148,794
3/8/2007,835.16,39149,795
3/9/2007,821.24,39150,796
3/12/2007,814.18,39153,799
3/13/2007,819.36,39154,800
3/14/2007,792.28,39155,801
3/15/2007,770.64,39156,802
3/16/2007,763.53,39157,803
3/19/2007,774.31,39160,806
3/20/2007,795.92,39161,807
3/21/2007,821.49,39162,808
3/22/2007,860.31,39163,809
3/23/2007,857.64,39164,810
3/26/2007,847.15,39167,813
3/28/2007,813.72,39169,815
3/29/2007,823.75,39170,816
3/30/2007,831.1,39171,817
4/2/2007,777.66,39174,820
4/3/2007,774.52,39175,821
4/4/2007,782.17,39176,822
4/5/2007,792.66,39177,823
4/9/2007,826.47,39181,827
4/10/2007,828.39,39182,828
4/11/2007,820.2,39183,829
4/12/2007,809,39184,830
4/13/2007,834.03,39185,831
4/16/2007,847.07,39188,834
4/17/2007,844.27,39189,835
4/18/2007,864.2,39190,836
4/19/2007,880.24,39191,837
4/20/2007,897.54,39192,838
4/23/2007,886.14,39195,841
4/24/2007,947.14,39196,842
4/25/2007,952.66,39197,843
4/26/2007,957.17,39198,844
4/27/2007,920.7,39199,845
4/30/2007,920.91,39202,848
5/3/2007,938.92,39205,851
5/4/2007,942.96,39206,852
5/7/2007,935.74,39209,855
5/8/2007,903.98,39210,856
5/9/2007,938.45,39211,857
5/10/2007,938.79,39212,858
5/11/2007,963.61,39213,859
5/14/2007,1007.7,39216,862
5/15/2007,1025.83,39217,863
5/16/2007,1073.22,39218,864
5/17/2007,1109.15,39219,865
5/18/2007,1109.41,39220,866
5/21/2007,1127.12,39223,869
5/22/2007,1108.19,39224,870
5/23/2007,1093.74,39225,871
5/24/2007,1074.81,39226,872
5/25/2007,1085.33,39227,873
5/28/2007,1093.61,39230,876
5/29/2007,1105.31,39231,877
5/30/2007,1109.03,39232,878
5/31/2007,1131.3,39233,879
6/4/2007,1175.39,39237,883
6/5/2007,1200.55,39238,884
6/6/2007,1161.26,39239,885
6/7/2007,1137.15,39240,886
6/8/2007,1133.77,39241,887
6/11/2007,1119.68,39244,890
6/12/2007,1113.46,39245,891
6/13/2007,1090.59,39246,892
6/14/2007,1110.4,39247,893
6/15/2007,1119.07,39248,894
6/18/2007,1114.42,39251,897
6/19/2007,1159.47,39252,898
6/20/2007,1203.34,39253,899
6/21/2007,1222.56,39254,900
6/22/2007,1229.87,39255,901
6/25/2007,1225.22,39258,904
6/26/2007,1231.64,39259,905
6/27/2007,1222.64,39260,906
6/28/2007,1243.3,39261,907
6/29/2007,1289.53,39262,908
7/2/2007,1293.72,39265,911
7/3/2007,1336.91,39266,912
7/4/2007,1321.7,39267,913
7/5/2007,1307.49,39268,914
7/6/2007,1310.41,39269,915
7/9/2007,1327.69,39272,918
7/10/2007,1310.62,39273,919
7/11/2007,1302.64,39274,920
7/12/2007,1317.77,39275,921
7/13/2007,1318.4,39276,922
7/16/2007,1362.18,39279,925
7/17/2007,1337.97,39280,926
7/18/2007,1331.62,39281,927
7/19/2007,1348.65,39282,928
7/20/2007,1338.93,39283,929
7/23/2007,1339.78,39286,932
7/24/2007,1331.79,39287,933
7/25/2007,1326.38,39288,934
7/26/2007,1311.51,39289,935
7/27/2007,1266.67,39290,936
7/30/2007,1333.69,39293,939
7/31/2007,1372.41,39294,940
8/1/2007,1308.34,39295,941
8/2/2007,1346.16,39296,942
8/3/2007,1382.46,39297,943
8/6/2007,1421.47,39300,946
8/7/2007,1421.64,39301,947
8/8/2007,1442.55,39302,948
8/9/2007,1395.02,39303,949
8/10/2007,1358.12,39304,950
8/13/2007,1363.66,39307,953
8/14/2007,1362.47,39308,954
8/16/2007,1283.79,39310,956
8/17/2007,1280.45,39311,957
8/20/2007,1304.07,39314,960
8/21/2007,1241.53,39315,961
8/22/2007,1231.56,39316,962
8/23/2007,1194.12,39317,963
8/24/2007,1240.69,39318,964
8/27/2007,1319.29,39321,967
8/28/2007,1309.99,39322,968
8/29/2007,1337.88,39323,969
8/30/2007,1318.44,39324,970
8/31/2007,1348.87,39325,971
9/3/2007,1357.4,39328,974
9/4/2007,1356.47,39329,975
9/5/2007,1335.76,39330,976
9/6/2007,1385.21,39331,977
9/7/2007,1366.61,39332,978
9/10/2007,1388.16,39335,981
9/11/2007,1373.2,39336,982
9/12/2007,1372.19,39337,983
9/13/2007,1416.43,39338,984
9/14/2007,1396.79,39339,985
9/17/2007,1388.16,39342,988
9/18/2007,1430,39343,989
9/19/2007,1497.53,39344,990
9/20/2007,1485.95,39345,991
9/21/2007,1544.95,39346,992
9/24/2007,1545.79,39349,995
9/25/2007,1521.28,39350,996
9/26/2007,1567.17,39351,997
9/27/2007,1599.96,39352,998
9/28/2007,1654.01,39353,999
10/1/2007,1610.02,39356,1002
10/3/2007,1619.32,39358,1004
10/4/2007,1601.57,39359,1005
10/5/2007,1558.59,39360,1006
10/8/2007,1509.45,39363,1009
10/9/2007,1593.12,39364,1010
10/10/2007,1626.07,39365,1011
10/11/2007,1642.13,39366,1012
10/12/2007,1581.29,39367,1013
10/15/2007,1647.2,39370,1016
10/16/2007,1626.07,39371,1017
10/17/2007,1545.57,39372,1018
10/18/2007,1408.03,39373,1019
10/19/2007,1414.87,39374,1020
10/22/2007,1436.77,39377,1023
10/23/2007,1521.28,39378,1024
10/24/2007,1609.17,39379,1025
10/25/2007,1629.24,39380,1026
10/26/2007,1774.82,39381,1027
10/29/2007,1785.1,39384,1030
10/30/2007,1745.24,39385,1031
10/31/2007,1758.77,39386,1032
11/1/2007,1752.77,39387,1033
11/2/2007,1901.6,39388,1034
11/5/2007,1899.9,39391,1037
11/6/2007,1880.47,39392,1038
11/7/2007,1905.19,39393,1039
11/8/2007,1843.28,39394,1040
11/9/2007,1805.25,39395,1041
11/12/2007,1893.15,39398,1044
11/13/2007,1954.84,39399,1045
11/14/2007,1977.66,39400,1046
11/15/2007,1943.9,39401,1047
11/16/2007,1963.29,39402,1048
11/19/2007,1945.8,39405,1051
11/20/2007,1921.92,39406,1052
11/21/2007,1813.28,39407,1053
11/22/2007,1910.05,39408,1054
11/23/2007,1910.89,39409,1055
11/26/2007,1888.8,39412,1058
11/27/2007,1919.98,39413,1059
11/28/2007,1901.72,39414,1060
11/29/2007,1915.96,39415,1061
11/30/2007,1948.09,39416,1062
12/3/2007,1964.14,39419,1065
12/4/2007,1956.49,39420,1066
12/5/2007,2014.84,39421,1067
12/6/2007,2028.84,39422,1068
12/7/2007,2058.8,39423,1069
12/10/2007,2041.05,39426,1072
12/11/2007,2062.22,39427,1073
12/12/2007,2060.48,39428,1074
12/13/2007,2022.92,39429,1075
12/14/2007,2037.28,39430,1076
12/17/2007,1954.34,39433,1079
12/18/2007,1938.7,39434,1080
12/19/2007,1911.74,39435,1081
12/20/2007,1918.5,39436,1082
12/24/2007,1979.36,39440,1086
12/26/2007,2028.42,39442,1088
12/27/2007,2019.91,39443,1089
12/28/2007,2008.76,39444,1090
12/31/2007,1998.79,39447,1093
1/1/2008,2016.54,39448,1094
1/2/2008,2050.68,39449,1095
1/3/2008,2021.61,39450,1096
1/4/2008,2011.47,39451,1097
1/7/2008,2026.8,39454,1100
1/8/2008,2083.22,39455,1101
1/9/2008,2073.34,39456,1102
1/10/2008,2036.83,39457,1103
1/11/2008,2073.25,39458,1104
1/14/2008,2072.44,39461,1107
1/15/2008,2035.26,39462,1108
1/16/2008,2053.89,39463,1109
1/17/2008,2038.64,39464,1110
1/18/2008,2003.01,39465,1111
1/21/2008,1859.34,39468,1114
1/22/2008,1797.64,39469,1115
1/23/2008,1986.11,39470,1116
1/24/2008,1979.36,39471,1117
1/25/2008,2032.6,39472,1118
1/28/2008,2068.28,39475,1121
1/29/2008,2001.1,39476,1122
1/30/2008,1988.55,39477,1123
1/31/2008,1939.29,39478,1124
2/1/2008,1966.16,39479,1125
2/4/2008,2038.04,39482,1128
2/5/2008,1998.27,39483,1129
2/6/2008,1958.1,39484,1130
2/7/2008,1925.85,39485,1131
2/8/2008,1962.67,39486,1132
2/11/2008,1827.32,39489,1135
2/12/2008,1854.19,39490,1136
2/13/2008,1901.94,39491,1137
2/14/2008,1991.6,39492,1138
2/15/2008,2054.84,39493,1139
2/18/2008,2013.81,39496,1142
2/19/2008,2027.07,39497,1143
2/20/2008,1970.64,39498,1144
2/21/2008,1951.83,39499,1145
2/22/2008,1881.07,39500,1146
2/25/2008,1907.04,39503,1149
2/26/2008,1890.92,39504,1150
2/27/2008,1863.11,39505,1151
2/28/2008,1845.24,39506,1152
2/29/2008,1871.03,39507,1153
3/3/2008,1706.13,39510,1156
3/4/2008,1683.37,39511,1157
3/5/2008,1666.18,39512,1158
3/7/2008,1640.11,39514,1160
3/10/2008,1681.94,39517,1163
3/11/2008,1685.7,39518,1164
3/12/2008,1595.32,39519,1165
3/13/2008,1509.33,39520,1166
3/14/2008,1531.64,39521,1167
3/17/2008,1455.59,39524,1170
3/18/2008,1419.67,39525,1171
3/19/2008,1435.88,39526,1172
3/24/2008,1475.52,39531,1177
3/25/2008,1560.39,39532,1178
3/26/2008,1527.34,39533,1179
3/27/2008,1479.77,39534,1180
3/28/2008,1505.03,39535,1181
3/31/2008,1440.36,39538,1184
4/1/2008,1454.51,39539,1185
4/2/2008,1476.19,39540,1186
4/3/2008,1472.61,39541,1187
4/4/2008,1435.88,39542,1188
4/7/2008,1500.6,39545,1191
4/8/2008,1502.88,39546,1192
4/9/2008,1519.18,39547,1193
4/10/2008,1484.47,39548,1194
4/11/2008,1491.55,39549,1195
4/15/2008,1507.54,39553,1199
4/16/2008,1488.73,39554,1200
4/17/2008,1501.99,39555,1201
4/21/2008,1562.18,39559,1205
4/22/2008,1547.85,39560,1206
4/23/2008,1518.29,39561,1207
4/24/2008,1504.85,39562,1208
4/25/2008,1566.66,39563,1209
4/28/2008,1554.34,39566,1212
4/29/2008,1606.97,39567,1213
4/30/2008,1595.32,39568,1214
5/2/2008,1634.74,39570,1216
5/5/2008,1593.53,39573,1219
5/6/2008,1575.8,39574,1220
5/7/2008,1580.99,39575,1221
5/8/2008,1554.12,39576,1222
5/9/2008,1498.58,39577,1223
5/12/2008,1495,39580,1226
5/13/2008,1495.89,39581,1227
5/14/2008,1486.94,39582,1228
5/15/2008,1504.94,39583,1229
5/16/2008,1529.93,39584,1230
5/20/2008,1487.92,39588,1234
5/21/2008,1491.33,39589,1235
5/22/2008,1440.99,39590,1236
5/23/2008,1411.25,39591,1237
5/26/2008,1374.97,39594,1240
5/27/2008,1320.46,39595,1241
5/28/2008,1370.49,39596,1242
5/29/2008,1333.7,39597,1243
5/30/2008,1312.8,39598,1244
6/2/2008,1257.34,39601,1247
6/3/2008,1258.29,39602,1248
6/4/2008,1207.41,39603,1249
6/5/2008,1234.03,39604,1250
6/6/2008,1208.32,39605,1251
6/9/2008,1181.07,39608,1254
6/10/2008,1156.54,39609,1255
6/11/2008,1198.51,39610,1256
6/12/2008,1212.86,39611,1257
6/13/2008,1205.69,39612,1258
6/16/2008,1199.24,39615,1261
6/17/2008,1257.38,39616,1262
6/18/2008,1222.95,39617,1263
6/19/2008,1181.07,39618,1264
6/20/2008,1133.91,39619,1265
6/23/2008,1099.3,39622,1268
6/24/2008,1099.3,39623,1269
6/25/2008,1082.99,39624,1270
6/26/2008,1122.01,39625,1271
6/27/2008,1055.78,39626,1272
6/30/2008,1005.72,39629,1275
7/1/2008,920.32,39630,1276
7/2/2008,992.1,39631,1277
7/3/2008,981.19,39632,1278
7/4/2008,1017.53,39633,1279
7/7/2008,1067.73,39636,1282
7/8/2008,1102.93,39637,1283
7/9/2008,1125.19,39638,1284
7/10/2008,1118.38,39639,1285
7/11/2008,1120.2,39640,1286
7/14/2008,1159.26,39643,1289
7/15/2008,1053.78,39644,1290
7/16/2008,1042.97,39645,1291
7/17/2008,1135.59,39646,1292
7/18/2008,1177.16,39647,1293
7/21/2008,1221.68,39650,1296
7/22/2008,1281.91,39651,1297
7/23/2008,1404.56,39652,1298
7/24/2008,1335.29,39653,1299
7/25/2008,1309.17,39654,1300
7/28/2008,1280.64,39657,1303
7/29/2008,1189.24,39658,1304
7/30/2008,1264.65,39659,1305
7/31/2008,1277.37,39660,1306
8/1/2008,1364.77,39661,1307
8/4/2008,1357.32,39664,1310
8/5/2008,1432,39665,1311
8/6/2008,1375.08,39666,1312
8/7/2008,1384.57,39667,1313
8/8/2008,1382.76,39668,1314
8/11/2008,1452.71,39671,1317
8/12/2008,1417.46,39672,1318
8/13/2008,1414.46,39673,1319
8/14/2008,1325.52,39674,1320
8/18/2008,1326.43,39678,1324
8/19/2008,1322.79,39679,1325
8/20/2008,1308.44,39680,1326
8/21/2008,1217.41,39681,1327
8/22/2008,1216.5,39682,1328
8/25/2008,1232.76,39685,1331
8/26/2008,1239.71,39686,1332
8/27/2008,1208.32,39687,1333
8/28/2008,1185.47,39688,1334
8/29/2008,1276.05,39689,1335
9/1/2008,1301.99,39692,1338
9/2/2008,1381.85,39693,1339
9/4/2008,1405.2,39695,1341
9/5/2008,1379.12,39696,1342
9/8/2008,1447.26,39699,1345
9/9/2008,1417.28,39700,1346
9/10/2008,1424.59,39701,1347
9/11/2008,1403.29,39702,1348
9/12/2008,1364.77,39703,1349
9/15/2008,1348.23,39706,1352
9/16/2008,1449.3,39707,1353
9/17/2008,1380.94,39708,1354
9/18/2008,1413.55,39709,1355
9/19/2008,1420.91,39710,1356
9/22/2008,1420.91,39713,1359
9/23/2008,1363.68,39714,1360
9/24/2008,1383.66,39715,1361
9/25/2008,1358.23,39716,1362
9/26/2008,1301.63,39717,1363
9/29/2008,1291.9,39720,1366
9/30/2008,1337.33,39721,1367
10/1/2008,1356.41,39722,1368
10/3/2008,1349.41,39724,1370
10/6/2008,1310.98,39727,1373
10/7/2008,1289.18,39728,1374
10/8/2008,1191.1,39729,1375
10/10/2008,1224.67,39731,1377
10/13/2008,1386.93,39734,1380
10/14/2008,1371.85,39735,1381
10/15/2008,1361.86,39736,1382
10/16/2008,1404.56,39737,1383
10/17/2008,1262.83,39738,1384
10/20/2008,1307.35,39741,1387
10/21/2008,1352.77,39742,1388
10/22/2008,1267.37,39743,1389
10/23/2008,1203.78,39744,1390
10/24/2008,1016.99,39745,1391
10/27/2008,954.21,39748,1394
10/28/2008,1020.4,39749,1395
10/29/2008,1004,39750,1396
10/31/2008,1012.08,39752,1398
11/3/2008,1148.9,39755,1401
11/4/2008,1193.78,39756,1402
11/5/2008,1155.63,39757,1403
11/6/2008,1106.3,39758,1404
11/7/2008,1141.09,39759,1405
11/10/2008,1191.97,39762,1408
11/11/2008,1114.88,39763,1409
11/12/2008,1073.23,39764,1410
11/14/2008,1072.04,39766,1412
11/17/2008,1060.73,39769,1415
11/18/2008,1007.72,39770,1416
11/19/2008,976.65,39771,1417
11/20/2008,1019.62,39772,1418
11/21/2008,1090.4,39773,1419
11/24/2008,1032.48,39776,1422
11/25/2008,964.84,39777,1423
11/26/2008,992.1,39778,1424
11/28/2008,985.78,39780,1426
12/1/2008,962.11,39783,1429
12/2/2008,940.31,39784,1430
12/3/2008,993.09,39785,1431
12/4/2008,1067.23,39786,1432
12/5/2008,1034.02,39787,1433
12/8/2008,1057.24,39790,1436
12/10/2008,1081.45,39792,1438
12/11/2008,1092.03,39793,1439
12/12/2008,1099.39,39794,1440
12/15/2008,1090.21,39797,1443
12/16/2008,1122.92,39798,1444
12/17/2008,1091.03,39799,1445
12/18/2008,1172.16,39800,1446
12/19/2008,1168.53,39801,1447
12/22/2008,1161.31,39804,1450
12/23/2008,1145.77,39805,1451
12/24/2008,1175.66,39806,1452
12/25/2008,1175.66,39807,1453
12/26/2008,1128.37,39808,1454
12/29/2008,1157.44,39811,1457
12/30/2008,1169.26,39812,1458
12/31/2008,1171.98,39813,1459
1/1/2009,1193.51,39814,1460
1/2/2009,1209.5,39815,1461
1/5/2009,1233.76,39818,1464
1/6/2009,1204.91,39819,1465
1/7/2009,1131.1,39820,1466
1/8/2009,1131.1,39821,1467
1/9/2009,1112.02,39822,1468
1/12/2009,1059.33,39825,1471
1/13/2009,1066.59,39826,1472
1/14/2009,1090.4,39827,1473
1/15/2009,1043.88,39828,1474
1/16/2009,1058.42,39829,1475
1/19/2009,1041.34,39832,1478
1/20/2009,1012.08,39833,1479
1/21/2009,978.38,39834,1480
1/22/2009,985.74,39835,1481
1/23/2009,946.49,39836,1482
1/27/2009,986.05,39840,1486
1/28/2009,1013.31,39841,1487
1/29/2009,999.45,39842,1488
1/30/2009,1042.97,39843,1489
2/2/2009,991.55,39846,1492
2/3/2009,990.64,39847,1493
2/4/2009,999.36,39848,1494
2/5/2009,994.91,39849,1495
2/6/2009,1014.26,39850,1496
2/9/2009,1042.97,39853,1499
2/10/2009,1058.42,39854,1500
2/11/2009,1056.6,39855,1501
2/12/2009,1052.42,39856,1502
2/13/2009,1079.27,39857,1503
2/16/2009,1030.89,39860,1506
2/17/2009,1002.54,39861,1507
2/18/2009,973.02,39862,1508
2/19/2009,961.21,39863,1509
2/20/2009,956.57,39864,1510
2/24/2009,933.95,39868,1514
2/25/2009,938.63,39869,1515
2/26/2009,932.68,39870,1516
2/27/2009,929.32,39871,1517
3/2/2009,907.33,39874,1520
3/3/2009,885.8,39875,1521
3/4/2009,874.9,39876,1522
3/5/2009,846.73,39877,1523
3/6/2009,853.09,39878,1524
3/9/2009,812.66,39881,1527
3/12/2009,823.98,39884,1530
3/13/2009,866.72,39885,1531
3/16/2009,900.29,39888,1534
3/17/2009,862.09,39889,1535
3/18/2009,871.26,39890,1536
3/19/2009,880.48,39891,1537
3/20/2009,865.31,39892,1538
3/23/2009,932.13,39895,1541
3/24/2009,932.13,39896,1542
3/25/2009,954.85,39897,1543
3/26/2009,999.36,39898,1544
3/27/2009,1025.35,39899,1545
3/30/2009,929.27,39902,1548
3/31/2009,958.48,39903,1549
4/1/2009,984.83,39904,1550
4/2/2009,1037.38,39905,1551
4/6/2009,1026.62,39909,1555
4/7/2009,1026.62,39910,1556
4/8/2009,1027.53,39911,1557
4/9/2009,1031.21,39912,1558
4/10/2009,1031.21,39913,1559
4/13/2009,1104.75,39916,1562
4/14/2009,1104.75,39917,1563
4/15/2009,1184.02,39918,1564
4/16/2009,1153.81,39919,1565
4/17/2009,1189.15,39920,1566
4/20/2009,1179.25,39923,1569
4/21/2009,1136.55,39924,1570
4/22/2009,1122.01,39925,1571
4/23/2009,1162.9,39926,1572
4/24/2009,1183.93,39927,1573
4/27/2009,1155.63,39930,1576
4/28/2009,1117.56,39931,1577
4/29/2009,1173.03,39932,1578
4/30/2009,1173.03,39933,1579
5/1/2009,1173.03,39934,1580
5/4/2009,1238.03,39937,1583
5/5/2009,1222.18,39938,1584
5/6/2009,1207.41,39939,1585
5/7/2009,1249.2,39940,1586
5/8/2009,1206.5,39941,1587
5/11/2009,1143.82,39944,1590
5/12/2009,1172.98,39945,1591
5/13/2009,1147,39946,1592
5/14/2009,1153.81,39947,1593
5/15/2009,1198.42,39948,1594
5/18/2009,1432.31,39951,1597
5/19/2009,1586.13,39952,1598
5/20/2009,1602.62,39953,1599
5/21/2009,1544.92,39954,1600
5/22/2009,1574.72,39955,1601
5/25/2009,1561.73,39958,1604
5/26/2009,1538.11,39959,1605
5/27/2009,1628.73,39960,1606
5/28/2009,1661.26,39961,1607
5/29/2009,1698.92,39962,1608
6/1/2009,1703.64,39965,1611
6/2/2009,1746.8,39966,1612
6/3/2009,1699.87,39967,1613
6/4/2009,1701.87,39968,1614
6/5/2009,1658.03,39969,1615
6/8/2009,1540.84,39972,1618
6/9/2009,1525.39,39973,1619
6/10/2009,1617.38,39974,1620
6/11/2009,1563.3,39975,1621
6/12/2009,1508.38,39976,1622
6/15/2009,1525.39,39979,1625
6/16/2009,1580.03,39980,1626
6/17/2009,1533.71,39981,1627
6/18/2009,1585.58,39982,1628
6/19/2009,1593.8,39983,1629
6/22/2009,1562.37,39986,1632
6/23/2009,1577.16,39987,1633
6/24/2009,1585.48,39988,1634
6/25/2009,1580.77,39989,1635
6/26/2009,1614.19,39990,1636
6/29/2009,1629.16,39993,1639
6/30/2009,1616.04,39994,1640
7/1/2009,1644.65,39995,1641
7/2/2009,1618.95,39996,1642
7/3/2009,1670.4,39997,1643
7/6/2009,1539.4,40000,1646
7/7/2009,1507.83,40001,1647
7/8/2009,1464.47,40002,1648
7/9/2009,1479.63,40003,1649
7/10/2009,1426.47,40004,1650
7/13/2009,1425.96,40007,1653
7/14/2009,1469,40008,1654
7/15/2009,1513.93,40009,1655
7/16/2009,1484.71,40010,1656
7/17/2009,1546.79,40011,1657
7/20/2009,1586.41,40014,1660
7/21/2009,1583.63,40015,1661
7/22/2009,1577.16,40016,1662
7/23/2009,1591.49,40017,1663
7/24/2009,1570.23,40018,1664
7/27/2009,1580.17,40021,1667
7/28/2009,1549.75,40022,1668
7/29/2009,1525.3,40023,1669
7/30/2009,1600.27,40024,1670
7/31/2009,1681.63,40025,1671
8/3/2009,1721.38,40028,1674
8/4/2009,1713.99,40029,1675
8/5/2009,1699.19,40030,1676
8/6/2009,1659.26,40031,1677
8/7/2009,1622.55,40032,1678
8/10/2009,1573.46,40035,1681
8/11/2009,1598.89,40036,1682
8/12/2009,1575.96,40037,1683
8/13/2009,1671.55,40038,1684
8/14/2009,1664.06,40039,1685
8/17/2009,1585.48,40042,1688
8/18/2009,1585.48,40043,1689
8/19/2009,1585.48,40044,1690
8/20/2009,1585.48,40045,1691
8/21/2009,1585.48,40046,1692
8/24/2009,1646.5,40049,1695
8/25/2009,1614.05,40050,1696
8/26/2009,1610.68,40051,1697
8/27/2009,1624.5,40052,1698
8/28/2009,1643.73,40053,1699
8/31/2009,1614.1,40056,1702
9/1/2009,1600.09,40057,1703
9/2/2009,1607.67,40058,1704
9/3/2009,1619.09,40059,1705
9/4/2009,1630.78,40060,1706
9/7/2009,1673.31,40063,1709
9/8/2009,1748.19,40064,1710
9/9/2009,1747.27,40065,1711
9/10/2009,1730.95,40066,1712
9/11/2009,1779.35,40067,1713
9/14/2009,1809.21,40070,1716
9/15/2009,1856.36,40071,1717
9/16/2009,1933.09,40072,1718
9/17/2009,1938.63,40073,1719
9/18/2009,1991.33,40074,1720
9/21/2009,1991.33,40077,1723
9/22/2009,2016.29,40078,1724
9/23/2009,1974.69,40079,1725
9/24/2009,2003.35,40080,1726
9/25/2009,1972.01,40081,1727
9/28/2009,1972.01,40084,1730
9/29/2009,1937.43,40085,1731
9/30/2009,2044.95,40086,1732
10/1/2009,2036.63,40087,1733
10/2/2009,2036.63,40088,1734
10/5/2009,1969.14,40091,1737
10/6/2009,1996.88,40092,1738
10/7/2009,1941.41,40093,1739
10/8/2009,1952.5,40094,1740
10/9/2009,1914.6,40095,1741
10/12/2009,2018.14,40098,1744
10/13/2009,2018.14,40099,1745
10/14/2009,2110.77,40100,1746
10/15/2009,2154.41,40101,1747
10/16/2009,2284.76,40102,1748
10/19/2009,2284.76,40105,1751
10/20/2009,2287.16,40106,1752
10/21/2009,2203.96,40107,1753
10/22/2009,2157.74,40108,1754
10/23/2009,2181.77,40109,1755
10/26/2009,2133.7,40112,1758
10/27/2009,2038.2,40113,1759
10/28/2009,2054.84,40114,1760
10/29/2009,2024.66,40115,1761
10/30/2009,2016.48,40116,1762
11/2/2009,2016.48,40119,1765
11/3/2009,1934.01,40120,1766
11/4/2009,2003.35,40121,1767
11/5/2009,1973.76,40122,1768
11/6/2009,2035.7,40123,1769
11/9/2009,2146.64,40126,1772
11/10/2009,2186.49,40127,1773
11/11/2009,2198.41,40128,1774
11/12/2009,2126.3,40129,1775
11/13/2009,2119.88,40130,1776
11/16/2009,2163.51,40133,1779
11/17/2009,2165.96,40134,1780
11/18/2009,2149.42,40135,1781
11/19/2009,2107.81,40136,1782
11/20/2009,2162.36,40137,1783
11/23/2009,2137.07,40140,1786
11/24/2009,2124.64,40141,1787
11/25/2009,2144.79,40142,1788
11/26/2009,2078.23,40143,1789
11/27/2009,2073.61,40144,1790
11/30/2009,2066.3,40147,1793
12/1/2009,2118.77,40148,1794
12/2/2009,2130.14,40149,1795
12/3/2009,2166.98,40150,1796
12/4/2009,2152.19,40151,1797
12/7/2009,2137.3,40154,1800
12/8/2009,2132.77,40155,1801
12/9/2009,2125.47,40156,1802
12/10/2009,2117.98,40157,1803
12/11/2009,2091.68,40158,1804
12/14/2009,2077.31,40161,1807
12/15/2009,2013.52,40162,1808
12/16/2009,1989.94,40163,1809
12/17/2009,2005.2,40164,1810
12/18/2009,1973.44,40165,1811
12/21/2009,1982.55,40168,1814
12/22/2009,2004.27,40169,1815
12/23/2009,2041.44,40170,1816
12/24/2009,2048.83,40171,1817
12/25/2009,2048.83,40172,1818
12/28/2009,2048.83,40175,1821
12/29/2009,2054.8,40176,1822
12/30/2009,2055.21,40177,1823
12/31/2009,2098.62,40178,1824
1/1/2010,2098.62,40179,1825
1/4/2010,2120.76,40182,1828
1/5/2010,2120.76,40183,1829
1/6/2010,2126.3,40184,1830
1/7/2010,2118.91,40185,1831
1/8/2010,2114.93,40186,1832
1/11/2010,2097.69,40189,1835
1/12/2010,2032.65,40190,1836
1/13/2010,2009.73,40191,1837
1/14/2010,2001.5,40192,1838
1/15/2010,1982.08,40193,1839
1/18/2010,1997.8,40196,1842
1/19/2010,2008.89,40197,1843
1/20/2010,2008.89,40198,1844
1/21/2010,2008.89,40199,1845
1/22/2010,2008.89,40200,1846
1/25/2010,2008.89,40203,1849
1/26/2010,2008.89,40204,1850
1/27/2010,2008.89,40205,1851
1/28/2010,2008.89,40206,1852
1/29/2010,2008.89,40207,1853
2/1/2010,2008.89,40210,1856
2/2/2010,2008.89,40211,1857
2/3/2010,2008.89,40212,1858
2/4/2010,2008.89,40213,1859
2/5/2010,1762.59,40214,1860
2/8/2010,1798.58,40217,1863
2/9/2010,1811.35,40218,1864
2/10/2010,1775.64,40219,1865
2/11/2010,1781.02,40220,1866
2/15/2010,1759.99,40224,1870
2/16/2010,1783.76,40225,1871
2/17/2010,1817.43,40226,1872
2/18/2010,1804.01,40227,1873
2/19/2010,1769.55,40228,1874
2/22/2010,1779.82,40231,1877
2/23/2010,1775.68,40232,1878
2/24/2010,1784.37,40233,1879
2/25/2010,1777.31,40234,1880
2/26/2010,1833.64,40235,1881
3/2/2010,1845.11,40239,1885
3/3/2010,1878.31,40240,1886
3/4/2010,1887.88,40241,1887
3/5/2010,1901.34,40242,1888
3/8/2010,1918.76,40245,1891
3/9/2010,1898.93,40246,1892
3/10/2010,1892.1,40247,1893
3/11/2010,1900,40248,1894
3/12/2010,1902,40249,1895
3/15/2010,1871.53,40252,1898
3/16/2010,1872.23,40253,1899
3/17/2010,1882.86,40254,1900
3/18/2010,1885.05,40255,1901
3/19/2010,1911.79,40256,1902
3/22/2010,1895.54,40259,1905
3/23/2010,1902.6,40260,1906
3/25/2010,1903.53,40262,1908
3/26/2010,1925.17,40263,1909
3/29/2010,1945.79,40266,1912
3/30/2010,1934.18,40267,1913
3/31/2010,1930.14,40268,1914
4/1/2010,1952.8,40269,1915
4/5/2010,1985.91,40273,1919
4/6/2010,1972.26,40274,1920
4/7/2010,1960.51,40275,1921
4/8/2010,1946.58,40276,1922
4/9/2010,1956.05,40277,1923
4/12/2010,1942.95,40280,1926
4/13/2010,1944.81,40281,1927
4/15/2010,1907.71,40283,1929
4/16/2010,1901.81,40284,1930
4/19/2010,1887.65,40287,1933
4/20/2010,1948.85,40288,1934
4/21/2010,1955.77,40289,1935
4/22/2010,2064.71,40290,1936
4/23/2010,2099.54,40291,1937
4/26/2010,2091.14,40294,1940
4/27/2010,2059.79,40295,1941
4/28/2010,2073.16,40296,1942
4/29/2010,2111.99,40297,1943
4/30/2010,2136.78,40298,1944
5/3/2010,2133.49,40301,1947
5/4/2010,2117.65,40302,1948
5/5/2010,2114.03,40303,1949
5/6/2010,2146.91,40304,1950
5/7/2010,2067.55,40305,1951
5/10/2010,2143.42,40308,1954
5/11/2010,2124.85,40309,1955
5/12/2010,2158.61,40310,1956
5/13/2010,2152.62,40311,1957
5/14/2010,2065.78,40312,1958
5/17/2010,2090.39,40315,1961
5/18/2010,2117.56,40316,1962
5/19/2010,2056.4,40317,1963
5/20/2010,2105.95,40318,1964
5/21/2010,2109.39,40319,1965
5/24/2010,2072.24,40322,1968
5/25/2010,2001.56,40323,1969
5/26/2010,2018.74,40324,1970
5/27/2010,2061.28,40325,1971
5/28/2010,2079.85,40326,1972
5/31/2010,2107.16,40329,1975
6/1/2010,2052.22,40330,1976
6/2/2010,2097.36,40331,1977
6/3/2010,2124.34,40332,1978
6/4/2010,2173.98,40333,1979
6/7/2010,2123.83,40336,1982
6/8/2010,2121.09,40337,1983
6/9/2010,2129.24,40338,1984
6/10/2010,2180.16,40339,1985
6/11/2010,2192.39,40340,1986
6/14/2010,2197.17,40343,1989
6/15/2010,2215.16,40344,1990
6/16/2010,2212.82,40345,1991
6/17/2010,2202.65,40346,1992
6/18/2010,2223.03,40347,1993
6/21/2010,2237.27,40350,1996
6/22/2010,2206.12,40351,1997
6/23/2010,2201.43,40352,1998
6/24/2010,2208.93,40353,1999
6/25/2010,2155.76,40354,2000
6/28/2010,2158.43,40357,2003
6/29/2010,2146.71,40358,2004
6/30/2010,2156.88,40359,2005
7/1/2010,2119.64,40360,2006
7/2/2010,2122.26,40361,2007
7/5/2010,2129.24,40364,2010
7/6/2010,2167,40365,2011
7/7/2010,2158.85,40366,2012
7/8/2010,2208.23,40367,2013
7/9/2010,2219.56,40368,2014
7/12/2010,2249.36,40371,2017
7/13/2010,2275.97,40372,2018
7/14/2010,2309.14,40373,2019
7/15/2010,2286.04,40374,2020
7/16/2010,2294.61,40375,2021
7/19/2010,2300.47,40378,2024
7/20/2010,2294.61,40379,2025
7/21/2010,2283.14,40380,2026
7/22/2010,2320.15,40381,2027
7/23/2010,2339.4,40382,2028
7/26/2010,2258.21,40385,2031
7/27/2010,2281.64,40386,2032
7/28/2010,2315.51,40387,2033
7/29/2010,2317.15,40388,2034
7/30/2010,2345.12,40389,2035
8/2/2010,2423.3,40392,2038
8/3/2010,2436.61,40393,2039
8/4/2010,2431.55,40394,2040
8/5/2010,2478.91,40395,2041
8/6/2010,2454.22,40396,2042
8/9/2010,2483.74,40399,2045
8/10/2010,2463.87,40400,2046
8/11/2010,2435.72,40401,2047
8/12/2010,2608.87,40402,2048
8/13/2010,2670.57,40403,2049
8/16/2010,2643.54,40406,2052
8/17/2010,2640.77,40407,2053
8/18/2010,2637.26,40408,2054
8/19/2010,2628.83,40409,2055
8/20/2010,2611.21,40410,2056
8/23/2010,2645.27,40413,2059
8/24/2010,2666.4,40414,2060
8/25/2010,2645.55,40415,2061
8/26/2010,2685.47,40416,2062
8/27/2010,2618.24,40417,2063
8/30/2010,2623.49,40420,2066
8/31/2010,2592,40421,2067
9/1/2010,2601.47,40422,2068
9/2/2010,2585.16,40423,2069
9/3/2010,2598.56,40424,2070
9/6/2010,2678.86,40427,2073
9/7/2010,2658.2,40428,2074
9/8/2010,2713.34,40429,2075
9/9/2010,2795.93,40430,2076
9/13/2010,2950.06,40434,2080
9/14/2010,2913.52,40435,2081
9/15/2010,2867.38,40436,2082
9/16/2010,2899.7,40437,2083
9/17/2010,2897.78,40438,2084
9/20/2010,2912.91,40441,2087
9/21/2010,2903.4,40442,2088
9/22/2010,2950.2,40443,2089
9/23/2010,2941.54,40444,2090
9/24/2010,2943.36,40445,2091
9/27/2010,2980.14,40448,2094
9/28/2010,2989.56,40449,2095
9/29/2010,2994.24,40450,2096
9/30/2010,3036.17,40451,2097
10/1/2010,3065.87,40452,2098
10/4/2010,3054.16,40455,2101
10/5/2010,3043.24,40456,2102
10/6/2010,3029.47,40457,2103
10/7/2010,3016.91,40458,2104
10/8/2010,3042.68,40459,2105
10/11/2010,3059.17,40462,2108
10/12/2010,3029.8,40463,2109
10/13/2010,3097.21,40464,2110
10/14/2010,3055.85,40465,2111
10/15/2010,2966.08,40466,2112
10/18/2010,2968.05,40469,2115
10/19/2010,2920.13,40470,2116
10/20/2010,2899.28,40471,2117
10/21/2010,2993.68,40472,2118
10/22/2010,3004.08,40473,2119
10/25/2010,3035,40476,2122
10/26/2010,2980.28,40477,2123
10/27/2010,2986.93,40478,2124
10/28/2010,2987.35,40479,2125
10/29/2010,2951.98,40480,2126
11/1/2010,2996.82,40483,2129
11/2/2010,3000,40484,2130
11/3/2010,3066.29,40485,2131
11/4/2010,3217,40486,2132
11/5/2010,3278.42,40487,2133
11/8/2010,3209.23,40490,2136
11/9/2010,3066.25,40491,2137
11/10/2010,3011.95,40492,2138
11/11/2010,2975.74,40493,2139
11/12/2010,2835.99,40494,2140
11/15/2010,2964.07,40497,2143
11/16/2010,2886.4,40498,2144
11/18/2010,2871.83,40500,2146
11/19/2010,2802.4,40501,2147
11/22/2010,2848.22,40504,2150
11/23/2010,2767.22,40505,2151
11/24/2010,2671.27,40506,2152
11/25/2010,2644.01,40507,2153
11/26/2010,2682.28,40508,2154
11/29/2010,2698.21,40511,2157
11/30/2010,2803.57,40512,2158
12/1/2010,2904.71,40513,2159
12/2/2010,2903.82,40514,2160
12/3/2010,2877.17,40515,2161
12/6/2010,2766.23,40518,2164
12/7/2010,2683.92,40519,2165
12/8/2010,2628.17,40520,2166
12/9/2010,2517.52,40521,2167
12/10/2010,2560.19,40522,2168
12/13/2010,2571.81,40525,2171
12/14/2010,2616.65,40526,2172
12/15/2010,2527.96,40527,2173
12/16/2010,2588.77,40528,2174
12/20/2010,2530.21,40532,2178
12/21/2010,2570.78,40533,2179
12/22/2010,2571.91,40534,2180
12/23/2010,2573.12,40535,2181
12/24/2010,2581.65,40536,2182
12/27/2010,2577.76,40539,2185
12/28/2010,2556.49,40540,2186
12/29/2010,2581.51,40541,2187
12/30/2010,2576.31,40542,2188
12/31/2010,2634.64,40543,2189
1/3/2011,2644.19,40546,2192
1/4/2011,2563.15,40547,2193
1/5/2011,2523.42,40548,2194
1/6/2011,2457.08,40549,2195
1/7/2011,2436.98,40550,2196
1/10/2011,2386.53,40553,2199
1/11/2011,2448.13,40554,2200
1/12/2011,2501.4,40555,2201
1/13/2011,2399.27,40556,2202
1/14/2011,2343.15,40557,2203
1/17/2011,2357.58,40560,2206
1/18/2011,2393.51,40561,2207
1/19/2011,2344.04,40562,2208
1/20/2011,2375.24,40563,2209
1/21/2011,2433.19,40564,2210
1/24/2011,2525.15,40567,2213
1/25/2011,2509.13,40568,2214
1/27/2011,2486.22,40570,2216
1/28/2011,2454.97,40571,2217
1/31/2011,2475.82,40574,2220
2/1/2011,2430.52,40575,2221
2/2/2011,2411.5,40576,2222
2/3/2011,2484.58,40577,2223
2/4/2011,2479.01,40578,2224
2/7/2011,2495.54,40581,2227
2/8/2011,2471.89,40582,2228
2/9/2011,2418.29,40583,2229
2/10/2011,2336.87,40584,2230
2/11/2011,2429.16,40585,2231
2/14/2011,2528.1,40588,2234
2/15/2011,2564.27,40589,2235
2/16/2011,2577.62,40590,2236
2/17/2011,2605.26,40591,2237
2/18/2011,2586.99,40592,2238
2/21/2011,2615.85,40595,2241
2/22/2011,2555.37,40596,2242
2/23/2011,2452.63,40597,2243
2/24/2011,2369.24,40598,2244
2/25/2011,2419.84,40599,2245
2/28/2011,2464.62,40602,2248
3/1/2011,2534.8,40603,2249
3/3/2011,2513.39,40605,2251
3/4/2011,2534.15,40606,2252
3/7/2011,2458.72,40609,2255
3/8/2011,2475.68,40610,2256
3/9/2011,2461.72,40611,2257
3/10/2011,2426.49,40612,2258
3/11/2011,2403.44,40613,2259
3/14/2011,2438.01,40616,2262
3/15/2011,2400.96,40617,2263
3/16/2011,2477.27,40618,2264
3/17/2011,2452.49,40619,2265
3/18/2011,2426.96,40620,2266
3/21/2011,2419.79,40623,2269
3/22/2011,2455.35,40624,2270
3/23/2011,2476.06,40625,2271
3/24/2011,2483.64,40626,2272
3/25/2011,2539.96,40627,2273
3/28/2011,2575.94,40630,2276
3/29/2011,2593.41,40631,2277
3/30/2011,2676.05,40632,2278
3/31/2011,2590.97,40633,2279
4/1/2011,2548.11,40634,2280
4/4/2011,2589.1,40637,2283
4/5/2011,2619.97,40638,2284
4/6/2011,2621,40639,2285
4/7/2011,2635.57,40640,2286
4/8/2011,2603.11,40641,2287
4/11/2011,2608.68,40644,2290
4/13/2011,2641.29,40646,2292
4/15/2011,2631.12,40648,2294
4/18/2011,2578.09,40651,2297
4/19/2011,2561.04,40652,2298
4/20/2011,2618.94,40653,2299
4/21/2011,2680.78,40654,2300
4/25/2011,2734.8,40658,2304
4/26/2011,2748.8,40659,2305
4/27/2011,2726.97,40660,2306
4/28/2011,2675.72,40661,2307
4/29/2011,2627.8,40662,2308
5/2/2011,2522.95,40665,2311
5/3/2011,2420.82,40666,2312
5/4/2011,2450.9,40667,2313
5/5/2011,2438.34,40668,2314
5/6/2011,2482.85,40669,2315
5/9/2011,2457.88,40672,2318
5/10/2011,2461.39,40673,2319
5/11/2011,2506.37,40674,2320
5/12/2011,2474.93,40675,2321
5/13/2011,2482.61,40676,2322
5/16/2011,2451.37,40679,2325
5/17/2011,2262.48,40680,2326
5/18/2011,2207.24,40681,2327
5/19/2011,2175.9,40682,2328
5/20/2011,2202.62,40683,2329
5/23/2011,2135.51,40686,2332
5/24/2011,2109.27,40687,2333
5/25/2011,2067.36,40688,2334
5/26/2011,2077.18,40689,2335
5/27/2011,2121.18,40690,2336
5/30/2011,2123.69,40693,2339
5/31/2011,2181.26,40694,2340
6/1/2011,2210.93,40695,2341
6/2/2011,2215.67,40696,2342
6/3/2011,2195.07,40697,2343
6/6/2011,2199.49,40700,2346
6/7/2011,2202.29,40701,2347
6/8/2011,2178.37,40702,2348
6/9/2011,2148.61,40703,2349
6/10/2011,2129.01,40704,2350
6/13/2011,2107.22,40707,2353
6/14/2011,2117,40708,2354
6/15/2011,2071.68,40709,2355
6/16/2011,2093.46,40710,2356
6/17/2011,2100.72,40711,2357
6/20/2011,2069.49,40714,2360
6/21/2011,2039.4,40715,2361
6/22/2011,2031.81,40716,2362
6/23/2011,2051.6,40717,2363
6/24/2011,2170.02,40718,2364
6/27/2011,2207.89,40721,2367
6/28/2011,2222.22,40722,2368
6/29/2011,2258.72,40723,2369
6/30/2011,2282.55,40724,2370
7/1/2011,2297.4,40725,2371
7/4/2011,2312.4,40728,2374
7/5/2011,2347.71,40729,2375
7/6/2011,2319.75,40730,2376
7/7/2011,2356.77,40731,2377
7/8/2011,2352.6,40732,2378
7/11/2011,2311.45,40735,2381
7/12/2011,2278.27,40736,2382
7/13/2011,2307.65,40737,2383
7/14/2011,2341.82,40738,2384
7/15/2011,2349.23,40739,2385
7/18/2011,2350.98,40742,2388
7/19/2011,2385.06,40743,2389
7/20/2011,2345.91,40744,2390
7/21/2011,2330.34,40745,2391
7/22/2011,2371.53,40746,2392
7/25/2011,2385.11,40749,2395
7/26/2011,2321.84,40750,2396
7/27/2011,2282.83,40751,2397
7/28/2011,2236.94,40752,2398
7/29/2011,2225.73,40753,2399
8/1/2011,2226.02,40756,2402
8/2/2011,2161.47,40757,2403
8/3/2011,2162.99,40758,2404
8/4/2011,2143.1,40759,2405
8/5/2011,2121.37,40760,2406
8/8/2011,2104.42,40763,2409
8/9/2011,2109.36,40764,2410
8/10/2011,2156.77,40765,2411
8/11/2011,2132.28,40766,2412
8/12/2011,2085.44,40767,2413
8/16/2011,2085.39,40771,2417
8/17/2011,2060.05,40772,2418
8/18/2011,1972.86,40773,2419
8/19/2011,1934.04,40774,2420
8/22/2011,1957.25,40777,2423
8/23/2011,1958.91,40778,2424
8/24/2011,1888.71,40779,2425
8/25/2011,1860.24,40780,2426
8/26/2011,1791.99,40781,2427
8/29/2011,1840.16,40784,2430
8/30/2011,1872.81,40785,2431
9/2/2011,1892.23,40788,2434
9/5/2011,1904.66,40791,2437
9/6/2011,1879.17,40792,2438
9/7/2011,1924.78,40793,2439
9/8/2011,1921.08,40794,2440
9/9/2011,1853.54,40795,2441
9/12/2011,1768.78,40798,2444
9/13/2011,1739.78,40799,2445
9/14/2011,1733.99,40800,2446
9/15/2011,1801.67,40801,2447
9/16/2011,1846.81,40802,2448
9/19/2011,1819.61,40805,2451
9/20/2011,1889.62,40806,2452
9/21/2011,1907.56,40807,2453
9/22/2011,1839.16,40808,2454
9/23/2011,1851.22,40809,2455
9/26/2011,1852.26,40812,2458
9/27/2011,1895.88,40813,2459
9/28/2011,1869.35,40814,2460
9/29/2011,1853.21,40815,2461
9/30/2011,1814.01,40816,2462
10/3/2011,1767.07,40819,2465
10/4/2011,1696.45,40820,2466
10/5/2011,1631.14,40821,2467
10/7/2011,1663.32,40823,2469
10/10/2011,1666.88,40826,2472
10/11/2011,1674.95,40827,2473
10/12/2011,1776.99,40828,2474
10/13/2011,1791.51,40829,2475
10/14/2011,1789.47,40830,2476
10/17/2011,1795.64,40833,2479
10/18/2011,1771.77,40834,2480
10/19/2011,1820.94,40835,2481
10/20/2011,1836.79,40836,2482
10/21/2011,1849.32,40837,2483
10/24/2011,1811.83,40840,2486
10/25/2011,1746.38,40841,2487
10/26/2011,1771.86,40842,2488
10/28/2011,1812.82,40844,2490
10/31/2011,1809.5,40847,2493
11/1/2011,1804.85,40848,2494
11/2/2011,1812.44,40849,2495
11/3/2011,1836.51,40850,2496
11/4/2011,1866.31,40851,2497
11/8/2011,1895.88,40855,2501
11/9/2011,1767.5,40856,2502
11/11/2011,1707.03,40858,2504
11/14/2011,1664.08,40861,2507
11/15/2011,1641.82,40862,2508
11/16/2011,1676.28,40863,2509
11/17/2011,1668.21,40864,2510
11/18/2011,1638.97,40865,2511
11/21/2011,1587.29,40868,2514
11/22/2011,1603.71,40869,2515
11/23/2011,1571.15,40870,2516
11/24/2011,1569.92,40871,2517
11/25/2011,1604.75,40872,2518
11/28/2011,1689.23,40875,2521
11/29/2011,1671.77,40876,2522
11/30/2011,1672.96,40877,2523
12/1/2011,1731.52,40878,2524
12/2/2011,1791.04,40879,2525
12/5/2011,1814.01,40882,2528
12/6/2011,1814.01,40883,2529
12/7/2011,1846.62,40884,2530
12/8/2011,1773.05,40885,2531
12/9/2011,1770.82,40886,2532
12/12/2011,1682.73,40889,2535
12/13/2011,1697.07,40890,2536
12/14/2011,1694.5,40891,2537
12/15/2011,1648.61,40892,2538
12/16/2011,1593.84,40893,2539
12/19/2011,1545.43,40896,2542
12/20/2011,1498.35,40897,2543
12/21/2011,1541.06,40898,2544
12/22/2011,1586.24,40899,2545
12/23/2011,1563.79,40900,2546
12/26/2011,1581.07,40903,2549
12/27/2011,1560.19,40904,2550
12/28/2011,1528.44,40905,2551
12/29/2011,1546.14,40906,2552
12/30/2011,1536.84,40907,2553
1/2/2012,1545,40910,2556
1/3/2012,1619.04,40911,2557
1/4/2012,1609.93,40912,2558
1/5/2012,1606.51,40913,2559
1/6/2012,1587.81,40914,2560
1/9/2012,1554.11,40917,2563
1/10/2012,1616.14,40918,2564
1/11/2012,1639.26,40919,2565
1/12/2012,1674.81,40920,2566
1/13/2012,1685.91,40921,2567
1/16/2012,1724.17,40924,2570
1/17/2012,1750.36,40925,2571
1/18/2012,1770.63,40926,2572
1/19/2012,1788.62,40927,2573
1/20/2012,1834.7,40928,2574
1/23/2012,1841.96,40931,2577
1/24/2012,1937.17,40932,2578
1/25/2012,1953.5,40933,2579
1/26/2012,1953.5,40934,2580
1/27/2012,1936.98,40935,2581
1/30/2012,1884.44,40938,2584
1/31/2012,1956.91,40939,2585
2/1/2012,1972.15,40940,2586
2/2/2012,1967.36,40941,2587
2/3/2012,1996.35,40942,2588
2/6/2012,2052.83,40945,2591
2/7/2012,2043.77,40946,2592
2/8/2012,2067.17,40947,2593
2/9/2012,2073.1,40948,2594
2/10/2012,2061.61,40949,2595
2/13/2012,2021.13,40952,2598
2/14/2012,2088.43,40953,2599
2/15/2012,2136.37,40954,2600
2/16/2012,2231,40955,2601
2/17/2012,2294.32,40956,2602
2/20/2012,2294.32,40959,2605
2/21/2012,2327.92,40960,2606
2/22/2012,2140.49,40961,2607
2/23/2012,2145.72,40962,2608
2/24/2012,2093.6,40963,2609
2/27/2012,2015.05,40966,2612
2/28/2012,2117.95,40967,2613
2/29/2012,2133.42,40968,2614
3/1/2012,2106.09,40969,2615
3/2/2012,2132.62,40970,2616
3/5/2012,2065.55,40973,2619
3/6/2012,2038.79,40974,2620
3/7/2012,2032.81,40975,2621
3/8/2012,2106.09,40976,2622
3/9/2012,2113.35,40977,2623
3/12/2012,2193.46,40980,2626
3/13/2012,2209.31,40981,2627
3/14/2012,2235.23,40982,2628
3/15/2012,2182.54,40983,2629
3/16/2012,2114.77,40984,2630
3/19/2012,2047.99,40987,2633
3/20/2012,2076.28,40988,2634
3/21/2012,2119.47,40989,2635
3/22/2012,2050.89,40990,2636
3/23/2012,2056.73,40991,2637
3/26/2012,2009.93,40994,2640
3/27/2012,2021.03,40995,2641
3/28/2012,1973.67,40996,2642
3/29/2012,1956.68,40997,2643
3/30/2012,1989.9,40998,2644
4/2/2012,2022.22,41001,2647
4/3/2012,2062.23,41002,2648
4/4/2012,2052.74,41003,2649
4/5/2012,2052.74,41004,2650
4/6/2012,2052.74,41005,2651
4/9/2012,1993.79,41008,2654
4/10/2012,2041.97,41009,2655
4/11/2012,2048.94,41010,2656
4/12/2012,2114.44,41011,2657
4/13/2012,2099.96,41012,2658
4/16/2012,2150.08,41015,2661
4/17/2012,2187.29,41016,2662
4/18/2012,2175.38,41017,2663
4/19/2012,2153.83,41018,2664
4/20/2012,2145.67,41019,2665
4/23/2012,2081.83,41022,2668
4/24/2012,2079.46,41023,2669
4/25/2012,2061.47,41024,2670
4/26/2012,2052.55,41025,2671
4/27/2012,2017.57,41026,2672
4/30/2012,2029.53,41029,2675
5/1/2012,2026.54,41030,2676
5/2/2012,2031.9,41031,2677
5/3/2012,1978.27,41032,2678
5/4/2012,1894.88,41033,2679
5/7/2012,1925.21,41036,2682
5/8/2012,1856.06,41037,2683
5/9/2012,1787.48,41038,2684
5/10/2012,1749.56,41039,2685
5/11/2012,1759.48,41040,2686
5/14/2012,1746.33,41043,2689
5/15/2012,1765.93,41044,2690
5/16/2012,1734.89,41045,2691
5/17/2012,1754.49,41046,2692
5/18/2012,1842.01,41047,2693
5/21/2012,1907.46,41050,2696
5/22/2012,1840.3,41051,2697
5/23/2012,1855.73,41052,2698
5/24/2012,1900.33,41053,2699
5/25/2012,1939.72,41054,2700
5/28/2012,2030.96,41057,2703
5/29/2012,2049.18,41058,2704
5/30/2012,2027.96,41059,2705
5/31/2012,1987.22,41060,2706
6/1/2012,1960.35,41061,2707
6/4/2012,1977.37,41064,2710
6/5/2012,2013.03,41065,2711
6/6/2012,2086,41066,2712
6/7/2012,2095.38,41067,2713
6/8/2012,2106.49,41068,2714
6/11/2012,2092.33,41071,2717
6/12/2012,2132.3,41072,2718
6/13/2012,2151.53,41073,2719
6/14/2012,2078.27,41074,2720
6/15/2012,2110.02,41075,2721
6/18/2012,2018.06,41078,2724
6/19/2012,2030.33,41079,2725
6/20/2012,2046.18,41080,2726
6/21/2012,2105.43,41081,2727
6/22/2012,2085.57,41082,2728
6/25/2012,2044.2,41085,2731
6/26/2012,2042.36,41086,2732
6/27/2012,2042.65,41087,2733
6/28/2012,2028.06,41088,2734
6/29/2012,2086.73,41089,2735
7/2/2012,2108.91,41092,2738
7/3/2012,2114.13,41093,2739
7/4/2012,2150.32,41094,2740
7/5/2012,2158.69,41095,2741
7/6/2012,2148.25,41096,2742
7/9/2012,2135.49,41099,2745
7/10/2012,2154.38,41100,2746
7/11/2012,2144.43,41101,2747
7/12/2012,2146.85,41102,2748
7/13/2012,2105.53,41103,2749
7/16/2012,2125.82,41106,2752
7/17/2012,2125.49,41107,2753
7/18/2012,2112.34,41108,2754
7/19/2012,2085.86,41109,2755
7/20/2012,2060.63,41110,2756
7/23/2012,2023.08,41113,2759
7/24/2012,2024.87,41114,2760
7/25/2012,2001.05,41115,2761
7/26/2012,1949.87,41116,2762
7/27/2012,1876.02,41117,2763
7/30/2012,1963.74,41120,2766
7/31/2012,1937.98,41121,2767
8/1/2012,1965.33,41122,2768
8/2/2012,1944.02,41123,2769
8/3/2012,1938.22,41124,2770
8/6/2012,1950.69,41127,2773
8/7/2012,1992.25,41128,2774
8/8/2012,1991.81,41129,2775
8/9/2012,1902.85,41130,2776
8/10/2012,1824.56,41131,2777
8/13/2012,1842.73,41134,2780
8/14/2012,1846.4,41135,2781
8/15/2012,1846.4,41136,2782
8/16/2012,1831.03,41137,2783
8/17/2012,1833.55,41138,2784
8/20/2012,1833.55,41141,2787
8/21/2012,1850.99,41142,2788
8/22/2012,1848.14,41143,2789
8/23/2012,1847.85,41144,2790
8/24/2012,1830.45,41145,2791
8/27/2012,1782.76,41148,2794
8/28/2012,1782.47,41149,2795
8/29/2012,1768.64,41150,2796
8/30/2012,1778.12,41151,2797
8/31/2012,1775.84,41152,2798
9/3/2012,1788.75,41155,2801
9/4/2012,1812.23,41156,2802
9/5/2012,1768.98,41157,2803
9/6/2012,1791.89,41158,2804
9/7/2012,1828.71,41159,2805
9/10/2012,1798.85,41162,2808
9/11/2012,1795.51,41163,2809
9/12/2012,1797.16,41164,2810
9/13/2012,1805.08,41165,2811
9/14/2012,1905.5,41166,2812
9/17/2012,2009.94,41169,2815
9/18/2012,2077.5,41170,2816
9/19/2012,2077.5,41171,2817
9/20/2012,2052.27,41172,2818
9/21/2012,2139.11,41173,2819
9/24/2012,2124.66,41176,2822
9/25/2012,2122.97,41177,2823
9/26/2012,2154.38,41178,2824
9/27/2012,2172.02,41179,2825
9/28/2012,2165.6,41180,2826
10/1/2012,2194.16,41183,2829
10/2/2012,2194.16,41184,2830
10/3/2012,2220.01,41185,2831
10/4/2012,2267.18,41186,2832
10/5/2012,2261.14,41187,2833
10/8/2012,2193.48,41190,2836
10/9/2012,2206.14,41191,2837
10/10/2012,2149.12,41192,2838
10/11/2012,2191.26,41193,2839
10/12/2012,2176.37,41194,2840
10/15/2012,2188.65,41197,2843
10/16/2012,2154.24,41198,2844
10/17/2012,2140.56,41199,2845
10/18/2012,2201.94,41200,2846
10/19/2012,2182.17,41201,2847
10/22/2012,2165.93,41204,2850
10/23/2012,2159.89,41205,2851
10/24/2012,2159.89,41206,2852
10/25/2012,2125.73,41207,2853
10/26/2012,2125.73,41208,2854
10/29/2012,2095.14,41211,2857
10/30/2012,2004.86,41212,2858
10/31/2012,2039.61,41213,2859
11/1/2012,2044.68,41214,2860
11/2/2012,2080.4,41215,2861
11/5/2012,2072.95,41218,2864
11/6/2012,2100.4,41219,2865
11/7/2012,2142.79,41220,2866
11/8/2012,2167.24,41221,2867
11/9/2012,2082.91,41222,2868
11/12/2012,2116.98,41225,2871
11/13/2012,2116.98,41226,2872
11/14/2012,2116.98,41227,2873
11/15/2012,2081.6,41228,2874
11/16/2012,2037.87,41229,2875
11/19/2012,2023.81,41232,2878
11/20/2012,1997.32,41233,2879
11/21/2012,1992.01,41234,2880
11/22/2012,2028.2,41235,2881
11/23/2012,2019.55,41236,2882
11/26/2012,2021.87,41239,2885
11/27/2012,2044.35,41240,2886
11/28/2012,2044.35,41241,2887
11/29/2012,2060.49,41242,2888
11/30/2012,2097.65,41243,2889
12/3/2012,2130.27,41246,2892
12/4/2012,2164.58,41247,2893
12/5/2012,2195.75,41248,2894
12/6/2012,2229.97,41249,2895
12/7/2012,2238.67,41250,2896
12/10/2012,2242.58,41253,2899
12/11/2012,2231.51,41254,2900
12/12/2012,2218.08,41255,2901
12/13/2012,2186.86,41256,2902
12/14/2012,2242.58,41257,2903
12/17/2012,2265.82,41260,2906
12/18/2012,2293.27,41261,2907
12/19/2012,2292.89,41262,2908
12/20/2012,2301.54,41263,2909
12/21/2012,2256.3,41264,2910
12/24/2012,2253.26,41267,2913
12/25/2012,2253.26,41268,2914
12/26/2012,2291.49,41269,2915
12/27/2012,2308.4,41270,2916
12/28/2012,2299.85,41271,2917
12/31/2012,2305.65,41274,2920
1/1/2013,2345.22,41275,2921
1/2/2013,2368.52,41276,2922
1/3/2013,2388.86,41277,2923
1/4/2013,2403.46,41278,2924
1/7/2013,2385,41281,2927
1/8/2013,2409.89,41282,2928
1/9/2013,2438.35,41283,2929
1/10/2013,2454.1,41284,2930
1/11/2013,2407.66,41285,2931
1/14/2013,2416.07,41288,2934
1/15/2013,2406.5,41289,2935
1/16/2013,2350.98,41290,2936
1/17/2013,2387.17,41291,2937
1/18/2013,2408.63,41292,2938
1/21/2013,2415.78,41295,2941
1/22/2013,2381.95,41296,2942
1/23/2013,2397.37,41297,2943
1/24/2013,2376.83,41298,2944
1/25/2013,2429.55,41299,2945
1/28/2013,2408.15,41302,2948
1/29/2013,2380.02,41303,2949
1/30/2013,2354.55,41304,2950
1/31/2013,2356.39,41305,2951
2/1/2013,2331.6,41306,2952
2/4/2013,2273.85,41309,2955
2/5/2013,2292.11,41310,2956
2/6/2013,2270.08,41311,2957
2/7/2013,2248.72,41312,2958
2/8/2013,2209.62,41313,2959
2/11/2013,2217.55,41316,2962
2/12/2013,2219.53,41317,2963
2/13/2013,2179.22,41318,2964
2/14/2013,2141.58,41319,2965
2/15/2013,2158.69,41320,2966
2/18/2013,2186.96,41323,2969
2/19/2013,2197.39,41324,2970
2/20/2013,2176.66,41325,2971
2/21/2013,2136.55,41326,2972
2/22/2013,2122.49,41327,2973
2/25/2013,2146.56,41330,2976
2/26/2013,2124.81,41331,2977
2/27/2013,2139.31,41332,2978
2/28/2013,2011.24,41333,2979
3/1/2013,2017.77,41334,2980
3/4/2013,2029.22,41337,2983
3/5/2013,2057.3,41338,2984
3/6/2013,2096.01,41339,2985
3/7/2013,2093.64,41340,2986
3/8/2013,2135.54,41341,2987
3/11/2013,2130.9,41344,2990
3/12/2013,2132.98,41345,2991
3/13/2013,2106.4,41346,2992
3/14/2013,2179.56,41347,2993
3/15/2013,2186.28,41348,2994
3/18/2013,2174.49,41351,2997
3/19/2013,2129.79,41352,2998
3/20/2013,2049.42,41353,2999
3/21/2013,2048.5,41354,3000
3/22/2013,2014.19,41355,3001
3/25/2013,1989.35,41358,3004
3/26/2013,1981.67,41359,3005
3/27/2013,1981.67,41360,3006
3/28/2013,2003.36,41361,3007
3/29/2013,2003.36,41362,3008
4/1/2013,2020.62,41365,3011
4/2/2013,2068.8,41366,3012
4/3/2013,2034.15,41367,3013
4/4/2013,2001.72,41368,3014
4/5/2013,1987.85,41369,3015
4/8/2013,1965.62,41372,3018
4/9/2013,1921.69,41373,3019
4/10/2013,1955.42,41374,3020
4/11/2013,1976.54,41375,3021
4/12/2013,2012.11,41376,3022
4/15/2013,2074.45,41379,3025
4/16/2013,2110.02,41380,3026
4/17/2013,2169.99,41381,3027
4/18/2013,2222.67,41382,3028
4/19/2013,2222.67,41383,3029
4/22/2013,2249.2,41386,3032
4/23/2013,2210.93,41387,3033
4/24/2013,2210.93,41388,3034
4/25/2013,2256.4,41389,3035
4/26/2013,2211.36,41390,3036
4/29/2013,2197.44,41393,3039
4/30/2013,2188.5,41394,3040
5/1/2013,2188.5,41395,3041
5/2/2013,2222.48,41396,3042
5/3/2013,2139.69,41397,3043
5/6/2013,2151.58,41400,3046
5/7/2013,2181.25,41401,3047
5/8/2013,2181.4,41402,3048
5/9/2013,2214.26,41403,3049
5/10/2013,2216.82,41404,3050
5/13/2013,2201.45,41407,3053
5/14/2013,2216.29,41408,3054
5/15/2013,2302.99,41409,3055
5/16/2013,2338.36,41410,3056
5/17/2013,2343.68,41411,3057
5/20/2013,2331.06,41414,3060
5/21/2013,2281.68,41415,3061
5/22/2013,2283.9,41416,3062
5/23/2013,2104.7,41417,3063
5/24/2013,2079.19,41418,3064
5/27/2013,2089.72,41421,3067
5/28/2013,2098.79,41422,3068
5/29/2013,2075.63,41423,3069
5/30/2013,2058.14,41424,3070
5/31/2013,2016.95,41425,3071
6/3/2013,2039.71,41428,3074
6/4/2013,1998.67,41429,3075
6/5/2013,2002.17,41430,3076
6/6/2013,2018.97,41431,3077
6/7/2013,1994.68,41432,3078
6/10/2013,1982.26,41435,3081
6/11/2013,1968.42,41436,3082
6/12/2013,1976.84,41437,3083
6/13/2013,1989.41,41438,3084
6/14/2013,2016.06,41439,3085
6/17/2013,2035.72,41442,3088
6/18/2013,2013.84,41443,3089
6/19/2013,2016.01,41444,3090
6/20/2013,1968.47,41445,3091
6/21/2013,1960.14,41446,3092
6/24/2013,1920.08,41449,3095
6/25/2013,1880.02,41450,3096
6/26/2013,1872.38,41451,3097
6/27/2013,1884.65,41452,3098
6/28/2013,1925.35,41453,3099
7/1/2013,1986.25,41456,3102
7/2/2013,1960.93,41457,3103
7/3/2013,1871.1,41458,3104
7/4/2013,1872.29,41459,3105
7/5/2013,1866.87,41460,3106
7/8/2013,1845.93,41463,3109
7/9/2013,1867.06,41464,3110
7/10/2013,1848.98,41465,3111
7/11/2013,1883.52,41466,3112
7/12/2013,1865.83,41467,3113
7/15/2013,1884.46,41470,3116
7/16/2013,1801.04,41471,3117
7/17/2013,1780.39,41472,3118
7/18/2013,1797.69,41473,3119
7/19/2013,1784.93,41474,3120
7/22/2013,1798.13,41477,3123
7/23/2013,1833.85,41478,3124
7/24/2013,1775.02,41479,3125
7/25/2013,1771.97,41480,3126
7/26/2013,1739.55,41481,3127
7/29/2013,1714.71,41484,3130
7/30/2013,1698.21,41485,3131
7/31/2013,1683.53,41486,3132
8/1/2013,1658.69,41487,3133
8/2/2013,1656.13,41488,3134
8/5/2013,1657.76,41491,3137
8/6/2013,1617.5,41492,3138
8/7/2013,1691.11,41493,3139
8/8/2013,1639.92,41494,3140
8/9/2013,1639.92,41495,3141
8/12/2013,1581.98,41498,3144
8/13/2013,1596.36,41499,3145
8/14/2013,1600.75,41500,3146
8/15/2013,1600.75,41501,3147
8/16/2013,1547.73,41502,3148
8/19/2013,1508.22,41505,3151
8/20/2013,1531.42,41506,3152
8/21/2013,1525.46,41507,3153
8/22/2013,1541.97,41508,3154
8/23/2013,1536.4,41509,3155
8/26/2013,1534.58,41512,3158
8/27/2013,1497.87,41513,3159
8/28/2013,1476.04,41514,3160
8/29/2013,1466.14,41515,3161
8/30/2013,1496.83,41516,3162
9/2/2013,1494.27,41519,3165
9/3/2013,1454.16,41520,3166
9/4/2013,1472.44,41521,3167
9/5/2013,1614.3,41522,3168
9/6/2013,1610.75,41523,3169
9/9/2013,1610.75,41526,3172
9/10/2013,1609.72,41527,3173
9/11/2013,1665.44,41528,3174
9/12/2013,1634.25,41529,3175
9/13/2013,1636.91,41530,3176
9/16/2013,1622.38,41533,3179
9/17/2013,1609.86,41534,3180
9/18/2013,1649.28,41535,3181
9/19/2013,1781.43,41536,3182
9/20/2013,1722.11,41537,3183
9/23/2013,1630.56,41540,3186
9/24/2013,1621,41541,3187
9/25/2013,1668,41542,3188
9/26/2013,1651.7,41543,3189
9/27/2013,1616.81,41544,3190
9/30/2013,1591.39,41547,3193
10/1/2013,1619.42,41548,3194
10/2/2013,1619.42,41549,3195
10/3/2013,1636.03,41550,3196
10/4/2013,1626.62,41551,3197
10/7/2013,1609.27,41554,3200
10/8/2013,1584.14,41555,3201
10/9/2013,1585.57,41556,3202
10/10/2013,1609.17,41557,3203
10/11/2013,1628.73,41558,3204
10/14/2013,1633.07,41561,3207
10/15/2013,1599.17,41562,3208
10/16/2013,1599.17,41563,3209
10/17/2013,1597.69,41564,3210
10/18/2013,1640.36,41565,3211
10/21/2013,1647.21,41568,3214
10/22/2013,1650.86,41569,3215
10/23/2013,1691.56,41570,3216
10/24/2013,1693.28,41571,3217
10/25/2013,1695.89,41572,3218
10/28/2013,1651.01,41575,3221
10/29/2013,1715.11,41576,3222
10/30/2013,1695.99,41577,3223
10/31/2013,1770.59,41578,3224
11/1/2013,1851.64,41579,3225
11/4/2013,1851.64,41582,3228
11/5/2013,1848.64,41583,3229
11/6/2013,1783.2,41584,3230
11/7/2013,1727.08,41585,3231
11/8/2013,1718.9,41586,3232
11/11/2013,1679.53,41589,3235
11/12/2013,1648.59,41590,3236
11/13/2013,1672.34,41591,3237
11/14/2013,1698.01,41592,3238
11/15/2013,1698.01,41593,3239
11/18/2013,1741.86,41596,3242
11/19/2013,1796.85,41597,3243
11/20/2013,1769.55,41598,3244
11/21/2013,1737.28,41599,3245
11/22/2013,1712.65,41600,3246
11/25/2013,1780.34,41603,3249
11/26/2013,1759.26,41604,3250
11/27/2013,1738.02,41605,3251
11/28/2013,1737.92,41606,3252
11/29/2013,1792.96,41607,3253
12/2/2013,1795.62,41610,3256
12/3/2013,1787.1,41611,3257
12/4/2013,1790.89,41612,3258
12/5/2013,1828.93,41613,3259
12/6/2013,1832.47,41614,3260
12/9/2013,1863.32,41617,3263
12/10/2013,1816.46,41618,3264
12/11/2013,1770.39,41619,3265
12/12/2013,1751.13,41620,3266
12/13/2013,1718.21,41621,3267
12/16/2013,1706.88,41624,3270
12/17/2013,1693.28,41625,3271
12/18/2013,1737.72,41626,3272
12/19/2013,1705.85,41627,3273
12/20/2013,1725.7,41628,3274
12/23/2013,1732.85,41631,3277
12/24/2013,1733.63,41632,3278
12/25/2013,1733.63,41633,3279
12/26/2013,1727.92,41634,3280
12/27/2013,1744.33,41635,3281
12/30/2013,1738.91,41638,3284
12/31/2013,1740.78,41639,3285
1/1/2014,1739.35,41640,3286
1/2/2014,1717.23,41641,3287
1/3/2014,1694.61,41642,3288
1/6/2014,1663.57,41645,3291
1/7/2014,1637.21,41646,3292
1/8/2014,1633.02,41647,3293
1/9/2014,1615.92,41648,3294
1/10/2014,1584.74,41649,3295
1/13/2014,1617.35,41652,3298
1/14/2014,1603.8,41653,3299
1/15/2014,1616.81,41654,3300
1/16/2014,1612.38,41655,3301
1/17/2014,1597.94,41656,3302
1/20/2014,1617.94,41659,3305
1/21/2014,1635.34,41660,3306
1/22/2014,1622.87,41661,3307
1/23/2014,1634.15,41662,3308
1/24/2014,1597.59,41663,3309
1/27/2014,1571.28,41666,3312
1/28/2014,1573.06,41667,3313
1/29/2014,1550.74,41668,3314
1/30/2014,1494.52,41669,3315
1/31/2014,1501.66,41670,3316
2/3/2014,1466.68,41673,3319
2/4/2014,1493.34,41674,3320
2/5/2014,1499.54,41675,3321
2/6/2014,1482.94,41676,3322
2/7/2014,1505.36,41677,3323
2/10/2014,1492.05,41680,3326
2/11/2014,1497.57,41681,3327
2/12/2014,1510.19,41682,3328
2/13/2014,1478.7,41683,3329
2/14/2014,1453.62,41684,3330
2/17/2014,1452.14,41687,3333
2/18/2014,1479.1,41688,3334
2/19/2014,1486.09,41689,3335
2/20/2014,1459.04,41690,3336
2/21/2014,1480.23,41691,3337
2/24/2014,1488.51,41694,3340
2/25/2014,1484.07,41695,3341
2/26/2014,1498.26,41696,3342
2/27/2014,1498.26,41697,3343
2/28/2014,1510.93,41698,3344
3/3/2014,1496.24,41701,3347
3/4/2014,1527.78,41702,3348
3/5/2014,1553.64,41703,3349
3/6/2014,1554.43,41704,3350
3/7/2014,1625.63,41705,3351
3/10/2014,1667.51,41708,3354
3/11/2014,1665.18,41709,3355
3/12/2014,1635.65,41710,3356
3/13/2014,1642.61,41711,3357
3/14/2014,1644.64,41712,3358
3/17/2014,1644.64,41715,3361
3/18/2014,1691.52,41716,3362
3/19/2014,1699.03,41717,3363
3/20/2014,1668.31,41718,3364
3/21/2014,1692.37,41719,3365
3/24/2014,1715.68,41722,3368
3/25/2014,1733.38,41723,3369
3/26/2014,1757.34,41724,3370
3/27/2014,1826.44,41725,3371
3/28/2014,1891.02,41726,3372
3/31/2014,1906.68,41729,3375
4/1/2014,1882.77,41730,3376
4/2/2014,1923.78,41731,3377
4/3/2014,1885.3,41732,3378
4/4/2014,1891.87,41733,3379
4/7/2014,1911.35,41736,3382
4/8/2014,1911.35,41737,3383
4/9/2014,1973.59,41738,3384
4/10/2014,2016.4,41739,3385
4/11/2014,1982.69,41740,3386
4/14/2014,1982.69,41743,3389
4/15/2014,1952.76,41744,3390
4/16/2014,1948.14,41745,3391
4/17/2014,2005.71,41746,3392
4/18/2014,2005.71,41747,3393
4/21/2014,2060.19,41750,3396
4/22/2014,2036.78,41751,3397
4/23/2014,2053.33,41752,3398
4/24/2014,2053.33,41753,3399
4/25/2014,2073.27,41754,3400
4/28/2014,2094.1,41757,3403
4/29/2014,2053.93,41758,3404
4/30/2014,2066.66,41759,3405
5/1/2014,2066.66,41760,3406
5/2/2014,2036.43,41761,3407
5/5/2014,2032.8,41764,3410
5/6/2014,2040.41,41765,3411
5/7/2014,2063.87,41766,3412
5/8/2014,2079.73,41767,3413
5/9/2014,2160.76,41768,3414
5/12/2014,2229.81,41771,3417
5/13/2014,2263.02,41772,3418
5/14/2014,2269.43,41773,3419
5/15/2014,2266.15,41774,3420
5/16/2014,2403.31,41775,3421
5/19/2014,2553.34,41778,3424
5/20/2014,2512.13,41779,3425
5/21/2014,2445.17,41780,3426
5/22/2014,2497.22,41781,3427
5/23/2014,2737.68,41782,3428
5/26/2014,2686.37,41785,3431
5/27/2014,2614.24,41786,3432
5/28/2014,2595.2,41787,3433
5/29/2014,2601.45,41788,3434
5/30/2014,2542.25,41789,3435
6/2/2014,2644.7,41792,3438
6/3/2014,2645.2,41793,3439
6/4/2014,2682.65,41794,3440
6/5/2014,2697.9,41795,3441
6/6/2014,2739.8,41796,3442
6/9/2014,2707.7,41799,3445
6/10/2014,2665.8,41800,3446
6/11/2014,2697.35,41801,3447
6/12/2014,2701.3,41802,3448
6/13/2014,2607.9,41803,3449
6/16/2014,2580.65,41806,3452
6/17/2014,2653.3,41807,3453
6/18/2014,2641.55,41808,3454
6/19/2014,2605.45,41809,3455
6/20/2014,2583.1,41810,3456
6/23/2014,2600.2,41813,3459
6/24/2014,2663.2,41814,3460
6/25/2014,2691.9,41815,3461
6/26/2014,2652.55,41816,3462
6/27/2014,2638.95,41817,3463
6/30/2014,2686.25,41820,3466
7/1/2014,2680.2,41821,3467
7/2/2014,2702.25,41822,3468
7/3/2014,2696.2,41823,3469
7/4/2014,2698.1,41824,3470
7/7/2014,2684.7,41827,3473
7/8/2014,2575.2,41828,3474
7/9/2014,2582.25,41829,3475
7/10/2014,2545.7,41830,3476
7/11/2014,2425.25,41831,3477
7/14/2014,2411.05,41834,3480
7/15/2014,2517.6,41835,3481
7/16/2014,2573.55,41836,3482
7/17/2014,2602.25,41837,3483
7/18/2014,2562.5,41838,3484
7/21/2014,2523.2,41841,3487
7/22/2014,2524.2,41842,3488
7/23/2014,2545,41843,3489
7/24/2014,2557.1,41844,3490
7/25/2014,2500.55,41845,3491
7/28/2014,2489.65,41848,3494
7/29/2014,2489.65,41849,3495
7/30/2014,2469.5,41850,3496
7/31/2014,2439.25,41851,3497
8/1/2014,2437.2,41852,3498
8/4/2014,2461.4,41855,3501
8/5/2014,2473.9,41856,3502
8/6/2014,2426.25,41857,3503
8/7/2014,2436.1,41858,3504
8/8/2014,2417.95,41859,3505
8/11/2014,2414.45,41862,3508
8/12/2014,2429.15,41863,3509
8/13/2014,2368.95,41864,3510
8/14/2014,2362.5,41865,3511
8/15/2014,2362.5,41866,3512
8/18/2014,2421.2,41869,3515
8/19/2014,2442.25,41870,3516
8/20/2014,2414.75,41871,3517
8/21/2014,2467.55,41872,3518
8/22/2014,2524.7,41873,3519
8/25/2014,2506.15,41876,3522
8/26/2014,2496,41877,3523
8/27/2014,2505,41878,3524
8/28/2014,2460.7,41879,3525
8/29/2014,2460.7,41880,3526
9/1/2014,2504.35,41883,3529
9/2/2014,2522,41884,3530
9/3/2014,2505,41885,3531
9/4/2014,2486.15,41886,3532
9/5/2014,2515.75,41887,3533
9/8/2014,2565.9,41890,3536
9/9/2014,2567.35,41891,3537
9/10/2014,2549.95,41892,3538
9/11/2014,2603.1,41893,3539
9/12/2014,2630.4,41894,3540
9/15/2014,2623.25,41897,3543
9/16/2014,2563.1,41898,3544
9/17/2014,2562.35,41899,3545
9/18/2014,2620.4,41900,3546
9/19/2014,2568,41901,3547
9/22/2014,2601.55,41904,3550
9/23/2014,2556.2,41905,3551
9/24/2014,2486.35,41906,3552
9/25/2014,2377.7,41907,3553
9/26/2014,2445.25,41908,3554
9/29/2014,2449.7,41911,3557
9/30/2014,2445.7,41912,3558
10/1/2014,2423.35,41913,3559
10/2/2014,2423.35,41914,3560
10/3/2014,2423.35,41915,3561
10/6/2014,2423.35,41918,3564
10/7/2014,2366.4,41919,3565
10/8/2014,2411.25,41920,3566
10/9/2014,2479.55,41921,3567
10/10/2014,2451.2,41922,3568
10/13/2014,2485.45,41925,3571
10/14/2014,2523.55,41926,3572
10/15/2014,2523.55,41927,3573
10/16/2014,2466.4,41928,3574
10/17/2014,2521.9,41929,3575
10/20/2014,2569.45,41932,3578
10/21/2014,2584.15,41933,3579
10/22/2014,2575.25,41934,3580
10/23/2014,2575.25,41935,3581
10/24/2014,2575.25,41936,3582
