1/3/2005,472.91,38355.00,1.00
1/4/2005,481.53,38356.00,2.00
1/5/2005,445.33,38357.00,3.00
1/6/2005,453.48,38358.00,4.00
1/7/2005,450.41,38359.00,5.00
1/10/2005,453.36,38362.00,8.00
1/11/2005,449.35,38363.00,9.00
1/12/2005,432.86,38364.00,10.00
1/13/2005,436.05,38365.00,11.00
1/14/2005,412.72,38366.00,12.00
1/17/2005,410.6,38369.00,15.00
1/18/2005,421.69,38370.00,16.00
1/19/2005,426.96,38371.00,17.00
1/20/2005,422.52,38372.00,18.00
1/25/2005,412.37,38377.00,23.00
1/27/2005,424.88,38379.00,25.00
1/28/2005,418.11,38380.00,26.00
1/31/2005,423.38,38383.00,29.00
2/1/2005,418.15,38384.00,30.00
2/2/2005,416.97,38385.00,31.00
2/3/2005,420.12,38386.00,32.00
2/4/2005,427.08,38387.00,33.00
2/7/2005,419.72,38390.00,36.00
2/8/2005,415.75,38391.00,37.00
2/9/2005,416.73,38392.00,38.00
2/10/2005,418.94,38393.00,39.00
2/11/2005,433.02,38394.00,40.00
2/14/2005,443.72,38397.00,43.00
2/15/2005,437.15,38398.00,44.00
2/16/2005,431.72,38399.00,45.00
2/17/2005,418.11,38400.00,46.00
2/18/2005,421.57,38401.00,47.00
2/21/2005,426.45,38404.00,50.00
2/22/2005,424.88,38405.00,51.00
2/23/2005,422.2,38406.00,52.00
2/24/2005,422.59,38407.00,53.00
2/25/2005,408.67,38408.00,54.00
2/28/2005,428.46,38411.00,57.00
3/1/2005,431.6,38412.00,58.00
3/2/2005,432.98,38413.00,59.00
3/3/2005,443.01,38414.00,60.00
3/4/2005,440.77,38415.00,61.00
3/7/2005,442.58,38418.00,64.00
3/8/2005,436.4,38419.00,65.00
3/9/2005,435.77,38420.00,66.00
3/11/2005,443.56,38422.00,68.00
3/14/2005,452.3,38425.00,71.00
3/15/2005,443.76,38426.00,72.00
3/16/2005,435.62,38427.00,73.00
3/18/2005,424.17,38429.00,75.00
3/21/2005,421.61,38432.00,78.00
3/22/2005,417.56,38433.00,79.00
3/23/2005,429.28,38434.00,80.00
3/24/2005,428.3,38435.00,81.00
3/28/2005,425.43,38439.00,85.00
3/29/2005,408.39,38440.00,86.00
3/30/2005,428.22,38441.00,87.00
3/31/2005,431.17,38442.00,88.00
4/1/2005,428.42,38443.00,89.00
4/4/2005,422.2,38446.00,92.00
4/5/2005,424.64,38447.00,93.00
4/6/2005,421.18,38448.00,94.00
4/7/2005,425.86,38449.00,95.00
4/8/2005,419.8,38450.00,96.00
4/12/2005,413.59,38454.00,100.00
4/13/2005,404.14,38455.00,101.00
4/15/2005,407.17,38457.00,103.00
4/18/2005,394.27,38460.00,106.00
4/19/2005,382.74,38461.00,107.00
4/20/2005,405.28,38462.00,108.00
4/21/2005,405.72,38463.00,109.00
4/22/2005,398.52,38464.00,110.00
4/25/2005,399.3,38467.00,113.00
4/26/2005,396.98,38468.00,114.00
4/27/2005,394.82,38469.00,115.00
4/28/2005,409.93,38470.00,116.00
4/29/2005,396.28,38471.00,117.00
5/2/2005,405.36,38474.00,120.00
5/3/2005,403.87,38475.00,121.00
5/4/2005,416.06,38476.00,122.00
5/5/2005,424.4,38477.00,123.00
5/6/2005,425.31,38478.00,124.00
5/9/2005,433.14,38481.00,127.00
5/10/2005,430.31,38482.00,128.00
5/11/2005,433.69,38483.00,129.00
5/12/2005,434.36,38484.00,130.00
5/13/2005,429.87,38485.00,131.00
5/16/2005,434.36,38488.00,134.00
5/17/2005,432.82,38489.00,135.00
5/19/2005,441.12,38491.00,137.00
5/20/2005,446.87,38492.00,138.00
5/23/2005,449.35,38495.00,141.00
5/24/2005,447.3,38496.00,142.00
5/25/2005,455.36,38497.00,143.00
5/26/2005,467.68,38498.00,144.00
5/30/2005,447.97,38502.00,148.00
5/31/2005,435.03,38503.00,149.00
6/1/2005,440.61,38504.00,150.00
6/2/2005,438.96,38505.00,151.00
6/6/2005,434.55,38509.00,155.00
6/7/2005,436.87,38510.00,156.00
6/8/2005,438.49,38511.00,157.00
6/9/2005,437.15,38512.00,158.00
6/10/2005,434.16,38513.00,159.00
6/14/2005,425.15,38517.00,163.00
6/15/2005,432.27,38518.00,164.00
6/16/2005,433.37,38519.00,165.00
6/17/2005,433.57,38520.00,166.00
6/20/2005,431.29,38523.00,169.00
6/21/2005,432.86,38524.00,170.00
6/22/2005,436.6,38525.00,171.00
6/23/2005,456.98,38526.00,172.00
6/24/2005,473.62,38527.00,173.00
6/27/2005,460.16,38530.00,176.00
6/28/2005,453.75,38531.00,177.00
6/29/2005,453.87,38532.00,178.00
6/30/2005,458.32,38533.00,179.00
7/4/2005,459.3,38537.00,183.00
7/5/2005,455.44,38538.00,184.00
7/6/2005,453.79,38539.00,185.00
7/7/2005,457.33,38540.00,186.00
7/8/2005,461.54,38541.00,187.00
7/11/2005,466.42,38544.00,190.00
7/13/2005,497.42,38546.00,192.00
7/14/2005,488.25,38547.00,193.00
7/15/2005,494.43,38548.00,194.00
7/18/2005,514.81,38551.00,197.00
7/19/2005,502.26,38552.00,198.00
7/20/2005,483.89,38553.00,199.00
7/21/2005,477.83,38554.00,200.00
7/22/2005,485.15,38555.00,201.00
7/25/2005,476.49,38558.00,204.00
7/26/2005,479.91,38559.00,205.00
7/27/2005,479.87,38560.00,206.00
7/29/2005,489.95,38562.00,208.00
8/1/2005,497.77,38565.00,211.00
8/2/2005,496.83,38566.00,212.00
8/3/2005,493.29,38567.00,213.00
8/4/2005,496.2,38568.00,214.00
8/5/2005,483.89,38569.00,215.00
8/8/2005,477.24,38572.00,218.00
8/9/2005,478.89,38573.00,219.00
8/10/2005,492.7,38574.00,220.00
8/11/2005,514.57,38575.00,221.00
8/12/2005,545.34,38576.00,222.00
8/16/2005,534.83,38580.00,226.00
8/17/2005,533.77,38581.00,227.00
8/18/2005,535.97,38582.00,228.00
8/19/2005,534.28,38583.00,229.00
8/22/2005,537.94,38586.00,232.00
8/24/2005,511.35,38588.00,234.00
8/25/2005,511.58,38589.00,235.00
8/26/2005,513.04,38590.00,236.00
8/29/2005,506.35,38593.00,239.00
8/30/2005,504.5,38594.00,240.00
8/31/2005,508.59,38595.00,241.00
9/1/2005,524.05,38596.00,242.00
9/2/2005,538.57,38597.00,243.00
9/5/2005,546.83,38600.00,246.00
9/6/2005,553.48,38601.00,247.00
9/8/2005,551.75,38603.00,249.00
9/9/2005,545.73,38604.00,250.00
9/12/2005,549.39,38607.00,253.00
9/13/2005,544.16,38608.00,254.00
9/14/2005,540.22,38609.00,255.00
9/15/2005,539.12,38610.00,256.00
9/16/2005,538.88,38611.00,257.00
9/19/2005,548.56,38614.00,260.00
9/20/2005,554.07,38615.00,261.00
9/22/2005,544.43,38617.00,263.00
9/23/2005,550.45,38618.00,264.00
9/26/2005,561.31,38621.00,267.00
9/27/2005,562.8,38622.00,268.00
9/28/2005,571.97,38623.00,269.00
9/29/2005,585.42,38624.00,270.00
9/30/2005,583.26,38625.00,271.00
10/3/2005,588.96,38628.00,274.00
10/4/2005,600.65,38629.00,275.00
10/5/2005,595.5,38630.00,276.00
10/6/2005,585.19,38631.00,277.00
10/7/2005,575.2,38632.00,278.00
10/10/2005,584.91,38635.00,281.00
10/11/2005,573.9,38636.00,282.00
10/13/2005,553.32,38638.00,284.00
10/14/2005,542.86,38639.00,285.00
10/17/2005,547.62,38642.00,288.00
10/18/2005,563.71,38643.00,289.00
10/19/2005,541.8,38644.00,290.00
10/20/2005,549.51,38645.00,291.00
10/21/2005,584.68,38646.00,292.00
10/24/2005,571.89,38649.00,295.00
10/25/2005,563.04,38650.00,296.00
10/26/2005,554.97,38651.00,297.00
10/27/2005,567.33,38652.00,298.00
10/28/2005,547.85,38653.00,299.00
10/31/2005,556.98,38656.00,302.00
11/2/2005,563.12,38658.00,304.00
11/7/2005,589.36,38663.00,309.00
11/8/2005,620.56,38664.00,310.00
11/9/2005,612.53,38665.00,311.00
11/10/2005,611.55,38666.00,312.00
11/11/2005,634.32,38667.00,313.00
11/14/2005,618.75,38670.00,316.00
11/16/2005,623.23,38672.00,318.00
11/17/2005,634.68,38673.00,319.00
11/18/2005,642.74,38674.00,320.00
11/21/2005,659.86,38677.00,323.00
11/22/2005,657.5,38678.00,324.00
11/23/2005,663.59,38679.00,325.00
11/24/2005,661.59,38680.00,326.00
11/25/2005,668.24,38681.00,327.00
11/28/2005,676.62,38684.00,330.00
11/29/2005,670.08,38685.00,331.00
11/30/2005,656,38686.00,332.00
12/1/2005,647.23,38687.00,333.00
12/2/2005,648.01,38688.00,334.00
12/5/2005,627.75,38691.00,337.00
12/6/2005,634.48,38692.00,338.00
12/7/2005,648.68,38693.00,339.00
12/8/2005,649.16,38694.00,340.00
12/9/2005,673.51,38695.00,341.00
12/12/2005,670.52,38698.00,344.00
12/13/2005,670.91,38699.00,345.00
12/14/2005,675.12,38700.00,346.00
12/15/2005,657.65,38701.00,347.00
12/16/2005,666.39,38702.00,348.00
12/19/2005,672.92,38705.00,351.00
12/20/2005,661.04,38706.00,352.00
12/21/2005,688.18,38707.00,353.00
12/22/2005,684.64,38708.00,354.00
12/23/2005,671.38,38709.00,355.00
12/26/2005,668.63,38712.00,358.00
12/27/2005,678.62,38713.00,359.00
12/28/2005,670.01,38714.00,360.00
12/29/2005,665.21,38715.00,361.00
12/30/2005,676.03,38716.00,362.00
1/2/2006,665.72,38719.00,365.00
1/3/2006,677.64,38720.00,366.00
1/4/2006,674.02,38721.00,367.00
1/5/2006,682.91,38722.00,368.00
1/6/2006,690.23,38723.00,369.00
1/9/2006,687.04,38726.00,372.00
1/10/2006,665.88,38727.00,373.00
1/12/2006,663,38729.00,375.00
1/13/2006,659.93,38730.00,376.00
1/16/2006,661.71,38733.00,379.00
1/18/2006,654.82,38735.00,381.00
1/19/2006,662.22,38736.00,382.00
1/23/2006,657.57,38740.00,386.00
1/24/2006,659.46,38741.00,387.00
1/25/2006,678.42,38742.00,388.00
1/27/2006,689.91,38744.00,390.00
1/30/2006,669.46,38747.00,393.00
1/31/2006,674.45,38748.00,394.00
2/1/2006,680.39,38749.00,395.00
2/2/2006,676.03,38750.00,396.00
2/3/2006,668.24,38751.00,397.00
2/6/2006,684.99,38754.00,400.00
2/7/2006,687.79,38755.00,401.00
2/8/2006,696.36,38756.00,402.00
2/10/2006,725.99,38758.00,404.00
2/13/2006,713.44,38761.00,407.00
2/14/2006,711.08,38762.00,408.00
2/15/2006,702.62,38763.00,409.00
2/16/2006,724.85,38764.00,410.00
2/17/2006,699.55,38765.00,411.00
2/20/2006,696.64,38768.00,414.00
2/22/2006,706,38770.00,416.00
2/23/2006,718.98,38771.00,417.00
2/24/2006,699.83,38772.00,418.00
2/27/2006,698.57,38775.00,421.00
2/28/2006,699.71,38776.00,422.00
3/1/2006,705.29,38777.00,423.00
3/2/2006,708.32,38778.00,424.00
3/3/2006,692.12,38779.00,425.00
3/6/2006,695.77,38782.00,428.00
3/7/2006,698.57,38783.00,429.00
3/8/2006,708.91,38784.00,430.00
3/9/2006,692.86,38785.00,431.00
3/10/2006,711,38786.00,432.00
3/13/2006,703.84,38789.00,435.00
3/14/2006,694.32,38790.00,436.00
3/16/2006,700.65,38792.00,438.00
3/17/2006,706.47,38793.00,439.00
3/20/2006,716.23,38796.00,442.00
3/21/2006,718.98,38797.00,443.00
3/22/2006,704.23,38798.00,444.00
3/23/2006,698.29,38799.00,445.00
3/24/2006,699.79,38800.00,446.00
3/27/2006,698.13,38803.00,449.00
3/28/2006,696.76,38804.00,450.00
3/30/2006,702.74,38806.00,452.00
3/31/2006,700.61,38807.00,453.00
4/3/2006,705.18,38810.00,456.00
4/4/2006,704.39,38811.00,457.00
4/5/2006,708.28,38812.00,458.00
4/7/2006,688.3,38814.00,460.00
4/10/2006,684.21,38817.00,463.00
4/13/2006,648.8,38820.00,466.00
4/17/2006,667.72,38824.00,470.00
4/18/2006,691.45,38825.00,471.00
4/19/2006,685.23,38826.00,472.00
4/20/2006,674.25,38827.00,473.00
4/21/2006,672.72,38828.00,474.00
4/24/2006,668.55,38831.00,477.00
4/25/2006,649.9,38832.00,478.00
4/26/2006,666.47,38833.00,479.00
4/27/2006,649.16,38834.00,480.00
5/2/2006,653.6,38839.00,485.00
5/3/2006,665.17,38840.00,486.00
5/4/2006,659.78,38841.00,487.00
5/5/2006,675.24,38842.00,488.00
5/8/2006,689.64,38845.00,491.00
5/9/2006,693.18,38846.00,492.00
5/10/2006,692.19,38847.00,493.00
5/11/2006,685.39,38848.00,494.00
5/12/2006,691.76,38849.00,495.00
5/15/2006,671.42,38852.00,498.00
5/16/2006,667.61,38853.00,499.00
5/17/2006,702.34,38854.00,500.00
5/18/2006,686.8,38855.00,501.00
5/19/2006,647.86,38856.00,502.00
5/22/2006,640.3,38859.00,505.00
5/23/2006,624.45,38860.00,506.00
5/24/2006,608.4,38861.00,507.00
5/25/2006,623.7,38862.00,508.00
5/26/2006,649.98,38863.00,509.00
5/29/2006,667.37,38866.00,512.00
5/30/2006,630.86,38867.00,513.00
6/1/2006,566.42,38869.00,515.00
6/2/2006,600.06,38870.00,516.00
6/5/2006,594.32,38873.00,519.00
6/6/2006,595.3,38874.00,520.00
6/7/2006,581.53,38875.00,521.00
6/8/2006,579.01,38876.00,522.00
6/9/2006,591.52,38877.00,523.00
6/12/2006,554.94,38880.00,526.00
6/13/2006,516.7,38881.00,527.00
6/14/2006,505.64,38882.00,528.00
6/19/2006,585.31,38887.00,533.00
6/20/2006,588.34,38888.00,534.00
6/21/2006,594.94,38889.00,535.00
6/22/2006,605.68,38890.00,536.00
6/23/2006,597.54,38891.00,537.00
6/26/2006,577.04,38894.00,540.00
6/27/2006,590.97,38895.00,541.00
6/28/2006,595.46,38896.00,542.00
6/29/2006,619.85,38897.00,543.00
6/30/2006,624.45,38898.00,544.00
7/3/2006,622.29,38901.00,547.00
7/4/2006,623.43,38902.00,548.00
7/5/2006,623.43,38903.00,549.00
7/6/2006,610.88,38904.00,550.00
7/7/2006,588.65,38905.00,551.00
7/10/2006,603.32,38908.00,554.00
7/11/2006,567.49,38909.00,555.00
7/12/2006,573.35,38910.00,556.00
7/13/2006,559.54,38911.00,557.00
7/14/2006,564.73,38912.00,558.00
7/17/2006,558.44,38915.00,561.00
7/18/2006,565.87,38916.00,562.00
7/19/2006,561.7,38917.00,563.00
7/20/2006,563.28,38918.00,564.00
7/21/2006,558.32,38919.00,565.00
7/24/2006,560.33,38922.00,568.00
7/25/2006,560.76,38923.00,569.00
7/26/2006,553.91,38924.00,570.00
7/27/2006,544.47,38925.00,571.00
7/28/2006,549.43,38926.00,572.00
7/31/2006,555.41,38929.00,575.00
8/1/2006,548.25,38930.00,576.00
8/2/2006,548.13,38931.00,577.00
8/4/2006,541.4,38933.00,579.00
8/7/2006,527.08,38936.00,582.00
8/8/2006,526.33,38937.00,583.00
8/9/2006,533.53,38938.00,584.00
8/10/2006,530.54,38939.00,585.00
8/11/2006,547.58,38940.00,586.00
8/14/2006,537.04,38943.00,589.00
8/16/2006,554.82,38945.00,591.00
8/17/2006,545.77,38946.00,592.00
8/18/2006,555.64,38947.00,593.00
8/21/2006,548.88,38950.00,596.00
8/22/2006,554.97,38951.00,597.00
8/23/2006,550.88,38952.00,598.00
8/24/2006,561.31,38953.00,599.00
8/25/2006,561.94,38954.00,600.00
8/28/2006,562.84,38957.00,603.00
8/29/2006,565.95,38958.00,604.00
8/30/2006,566.82,38959.00,605.00
8/31/2006,567.29,38960.00,606.00
9/1/2006,571.3,38961.00,607.00
9/4/2006,568,38964.00,610.00
9/5/2006,568.63,38965.00,611.00
9/6/2006,566.19,38966.00,612.00
9/7/2006,558.83,38967.00,613.00
9/8/2006,578.42,38968.00,614.00
9/11/2006,585.94,38971.00,617.00
9/12/2006,606.67,38972.00,618.00
9/13/2006,613.51,38973.00,619.00
9/14/2006,602.34,38974.00,620.00
9/15/2006,603.6,38975.00,621.00
9/18/2006,607.3,38978.00,624.00
9/19/2006,603.68,38979.00,625.00
9/20/2006,608.4,38980.00,626.00
9/21/2006,604.5,38981.00,627.00
9/22/2006,602.54,38982.00,628.00
9/25/2006,607.14,38985.00,631.00
9/26/2006,620.2,38986.00,632.00
9/27/2006,612.61,38987.00,633.00
9/28/2006,621.85,38988.00,634.00
9/29/2006,609.7,38989.00,635.00
10/3/2006,607.53,38993.00,639.00
10/4/2006,591.44,38994.00,640.00
10/5/2006,592.82,38995.00,641.00
10/6/2006,592.07,38996.00,642.00
10/9/2006,592.19,38999.00,645.00
10/10/2006,590.38,39000.00,646.00
10/11/2006,588.73,39001.00,647.00
10/12/2006,588.22,39002.00,648.00
10/13/2006,589.52,39003.00,649.00
10/16/2006,588.26,39006.00,652.00
10/17/2006,595.93,39007.00,653.00
10/18/2006,589.4,39008.00,654.00
10/19/2006,590.74,39009.00,655.00
10/20/2006,592.35,39010.00,656.00
10/23/2006,591.25,39013.00,659.00
10/26/2006,582.04,39016.00,662.00
10/27/2006,582.08,39017.00,663.00
10/30/2006,586.8,39020.00,666.00
10/31/2006,596.32,39021.00,667.00
11/1/2006,602.07,39022.00,668.00
11/2/2006,602.73,39023.00,669.00
11/3/2006,598.8,39024.00,670.00
11/6/2006,598.64,39027.00,673.00
11/7/2006,584.24,39028.00,674.00
11/8/2006,560.6,39029.00,675.00
11/9/2006,564.38,39030.00,676.00
11/10/2006,570.87,39031.00,677.00
11/13/2006,562.17,39034.00,680.00
11/14/2006,555.76,39035.00,681.00
11/15/2006,561.54,39036.00,682.00
11/16/2006,558.16,39037.00,683.00
11/17/2006,546.75,39038.00,684.00
11/20/2006,557.3,39041.00,687.00
11/21/2006,558.24,39042.00,688.00
11/22/2006,574.49,39043.00,689.00
11/23/2006,589.12,39044.00,690.00
11/24/2006,582.12,39045.00,691.00
11/27/2006,579.52,39048.00,694.00
11/28/2006,583.42,39049.00,695.00
11/29/2006,585.66,39050.00,696.00
11/30/2006,584.01,39051.00,697.00
12/1/2006,606.75,39052.00,698.00
12/4/2006,601.91,39055.00,701.00
12/5/2006,604.78,39056.00,702.00
12/6/2006,604.07,39057.00,703.00
12/7/2006,590.46,39058.00,704.00
12/8/2006,586.45,39059.00,705.00
12/11/2006,581.29,39062.00,708.00
12/12/2006,570.36,39063.00,709.00
12/13/2006,565.4,39064.00,710.00
12/14/2006,560.36,39065.00,711.00
12/15/2006,579.88,39066.00,712.00
12/18/2006,590.62,39069.00,715.00
12/19/2006,593.21,39070.00,716.00
12/20/2006,570.63,39071.00,717.00
12/21/2006,574.17,39072.00,718.00
12/22/2006,590.3,39073.00,719.00
12/26/2006,588.81,39077.00,723.00
12/27/2006,587.23,39078.00,724.00
12/28/2006,598.17,39079.00,725.00
12/29/2006,600.89,39080.00,726.00
1/2/2007,618,39084.00,730.00
1/3/2007,612.37,39085.00,731.00
1/4/2007,594.35,39086.00,732.00
1/5/2007,590.07,39087.00,733.00
1/8/2007,577.28,39090.00,736.00
1/9/2007,574.61,39091.00,737.00
1/10/2007,574.45,39092.00,738.00
1/11/2007,576.77,39093.00,739.00
1/12/2007,584.72,39094.00,740.00
1/15/2007,577.6,39097.00,743.00
1/16/2007,571.66,39098.00,744.00
1/17/2007,573.46,39099.00,745.00
1/18/2007,574.61,39100.00,746.00
1/19/2007,574.25,39101.00,747.00
1/22/2007,569.92,39104.00,750.00
1/23/2007,564.22,39105.00,751.00
1/24/2007,565.91,39106.00,752.00
1/25/2007,564.14,39107.00,753.00
1/29/2007,563.39,39111.00,757.00
1/31/2007,563.59,39113.00,759.00
2/1/2007,570.99,39114.00,760.00
2/2/2007,563.55,39115.00,761.00
2/5/2007,575.43,39118.00,764.00
2/6/2007,566.15,39119.00,765.00
2/7/2007,581.41,39120.00,766.00
2/8/2007,572.91,39121.00,767.00
2/9/2007,571.3,39122.00,768.00
2/12/2007,576.93,39125.00,771.00
2/13/2007,566.78,39126.00,772.00
2/14/2007,559.85,39127.00,773.00
2/15/2007,586.57,39128.00,774.00
2/19/2007,564.34,39132.00,778.00
2/20/2007,565.28,39133.00,779.00
2/21/2007,582.59,39134.00,780.00
2/22/2007,562.96,39135.00,781.00
2/23/2007,555.72,39136.00,782.00
2/26/2007,549.94,39139.00,785.00
2/27/2007,540.69,39140.00,786.00
2/28/2007,533.26,39141.00,787.00
3/1/2007,525.78,39142.00,788.00
3/2/2007,545.06,39143.00,789.00
3/5/2007,538.92,39146.00,792.00
3/6/2007,524.96,39147.00,793.00
3/7/2007,524.6,39148.00,794.00
3/8/2007,525.86,39149.00,795.00
3/9/2007,544,39150.00,796.00
3/12/2007,549.82,39153.00,799.00
3/13/2007,549.07,39154.00,800.00
3/14/2007,532.83,39155.00,801.00
3/15/2007,529.76,39156.00,802.00
3/16/2007,511.58,39157.00,803.00
3/19/2007,503.83,39160.00,806.00
3/20/2007,500.21,39161.00,807.00
3/21/2007,512.29,39162.00,808.00
3/22/2007,539.16,39163.00,809.00
3/23/2007,533.34,39164.00,810.00
3/26/2007,525.12,39167.00,813.00
3/28/2007,517.88,39169.00,815.00
3/29/2007,532.35,39170.00,816.00
3/30/2007,541.91,39171.00,817.00
4/2/2007,503.16,39174.00,820.00
4/3/2007,517.6,39175.00,821.00
4/4/2007,503.01,39176.00,822.00
4/5/2007,497.73,39177.00,823.00
4/9/2007,502.69,39181.00,827.00
4/10/2007,503.64,39182.00,828.00
4/11/2007,503.64,39183.00,829.00
4/12/2007,495.14,39184.00,830.00
4/13/2007,509.5,39185.00,831.00
4/16/2007,511.66,39188.00,834.00
4/17/2007,511.35,39189.00,835.00
4/18/2007,513.75,39190.00,836.00
4/19/2007,517.05,39191.00,837.00
4/20/2007,511.62,39192.00,838.00
4/23/2007,515.83,39195.00,841.00
4/24/2007,523.97,39196.00,842.00
4/25/2007,546.24,39197.00,843.00
4/26/2007,535.93,39198.00,844.00
4/27/2007,525.12,39199.00,845.00
4/30/2007,543.92,39202.00,848.00
5/3/2007,554.15,39205.00,851.00
5/4/2007,550.33,39206.00,852.00
5/7/2007,555.53,39209.00,855.00
5/8/2007,534.79,39210.00,856.00
5/9/2007,550.88,39211.00,857.00
5/10/2007,556.23,39212.00,858.00
5/11/2007,554.54,39213.00,859.00
5/14/2007,541.4,39216.00,862.00
5/15/2007,548.88,39217.00,863.00
5/16/2007,533.34,39218.00,864.00
5/17/2007,533.69,39219.00,865.00
5/18/2007,539.4,39220.00,866.00
5/21/2007,536.48,39223.00,869.00
5/22/2007,542.86,39224.00,870.00
5/23/2007,543.05,39225.00,871.00
5/24/2007,530.98,39226.00,872.00
5/25/2007,534.4,39227.00,873.00
5/28/2007,536.8,39230.00,876.00
5/29/2007,541.84,39231.00,877.00
5/30/2007,548.6,39232.00,878.00
5/31/2007,576.26,39233.00,879.00
6/4/2007,560.6,39237.00,883.00
6/5/2007,563.43,39238.00,884.00
6/6/2007,563.63,39239.00,885.00
6/7/2007,551.71,39240.00,886.00
6/8/2007,538.65,39241.00,887.00
6/11/2007,549.66,39244.00,890.00
6/12/2007,554.31,39245.00,891.00
6/13/2007,546.6,39246.00,892.00
6/14/2007,537.35,39247.00,893.00
6/15/2007,535.07,39248.00,894.00
6/18/2007,514.85,39251.00,897.00
6/19/2007,524.09,39252.00,898.00
6/20/2007,526.69,39253.00,899.00
6/21/2007,521.73,39254.00,900.00
6/22/2007,525.9,39255.00,901.00
6/25/2007,527.48,39258.00,904.00
6/26/2007,527.28,39259.00,905.00
6/27/2007,532.43,39260.00,906.00
6/28/2007,534.05,39261.00,907.00
6/29/2007,544.94,39262.00,908.00
7/2/2007,544.31,39265.00,911.00
7/3/2007,542.31,39266.00,912.00
7/4/2007,539.32,39267.00,913.00
7/5/2007,541.44,39268.00,914.00
7/6/2007,550.21,39269.00,915.00
7/9/2007,541.09,39272.00,918.00
7/10/2007,527.52,39273.00,919.00
7/11/2007,526.93,39274.00,920.00
7/12/2007,529.84,39275.00,921.00
7/13/2007,534.09,39276.00,922.00
7/16/2007,539.12,39279.00,925.00
7/17/2007,550.8,39280.00,926.00
7/18/2007,565.79,39281.00,927.00
7/19/2007,546.12,39282.00,928.00
7/20/2007,538.26,39283.00,929.00
7/23/2007,557.81,39286.00,932.00
7/24/2007,548.72,39287.00,933.00
7/25/2007,549.9,39288.00,934.00
7/26/2007,564.1,39289.00,935.00
7/27/2007,537.86,39290.00,936.00
7/30/2007,539,39293.00,939.00
7/31/2007,530.35,39294.00,940.00
8/1/2007,525.78,39295.00,941.00
8/2/2007,513.2,39296.00,942.00
8/3/2007,515.71,39297.00,943.00
8/6/2007,510.99,39300.00,946.00
8/7/2007,514.81,39301.00,947.00
8/8/2007,534.24,39302.00,948.00
8/9/2007,534.71,39303.00,949.00
8/10/2007,516.89,39304.00,950.00
8/13/2007,518.11,39307.00,953.00
8/14/2007,513,39308.00,954.00
8/16/2007,506.7,39310.00,956.00
8/17/2007,491.75,39311.00,957.00
8/20/2007,506.7,39314.00,960.00
8/21/2007,498.84,39315.00,961.00
8/22/2007,494.51,39316.00,962.00
8/23/2007,490.18,39317.00,963.00
8/24/2007,502.14,39318.00,964.00
8/27/2007,501.98,39321.00,967.00
8/28/2007,496.87,39322.00,968.00
8/29/2007,498.84,39323.00,969.00
8/30/2007,510.24,39324.00,970.00
8/31/2007,510.64,39325.00,971.00
9/3/2007,507.49,39328.00,974.00
9/4/2007,505.21,39329.00,975.00
9/5/2007,499.9,39330.00,976.00
9/6/2007,515.36,39331.00,977.00
9/7/2007,526.3,39332.00,978.00
9/10/2007,520.08,39335.00,981.00
9/11/2007,518.51,39336.00,982.00
9/12/2007,516.93,39337.00,983.00
9/13/2007,526.33,39338.00,984.00
9/14/2007,525.98,39339.00,985.00
9/17/2007,522.52,39342.00,988.00
9/18/2007,532.55,39343.00,989.00
9/19/2007,553.91,39344.00,990.00
9/20/2007,559.42,39345.00,991.00
9/21/2007,575.16,39346.00,992.00
9/24/2007,605.84,39349.00,995.00
9/25/2007,586.09,39350.00,996.00
9/26/2007,582.99,39351.00,997.00
9/27/2007,582.24,39352.00,998.00
9/28/2007,583.1,39353.00,999.00
10/1/2007,575.94,39356.00,1002.00
10/3/2007,577.52,39358.00,1004.00
10/4/2007,566.58,39359.00,1005.00
10/5/2007,568.08,39360.00,1006.00
10/8/2007,574.37,39363.00,1009.00
10/9/2007,586.96,39364.00,1010.00
10/10/2007,595.61,39365.00,1011.00
10/11/2007,591.68,39366.00,1012.00
10/12/2007,594.83,39367.00,1013.00
10/15/2007,604.27,39370.00,1016.00
10/16/2007,591.72,39371.00,1017.00
10/17/2007,580.74,39372.00,1018.00
10/18/2007,574.37,39373.00,1019.00
10/19/2007,591.68,39374.00,1020.00
10/22/2007,596.36,39377.00,1023.00
10/23/2007,590.89,39378.00,1024.00
10/24/2007,580.66,39379.00,1025.00
10/25/2007,582.32,39380.00,1026.00
10/26/2007,579.88,39381.00,1027.00
10/29/2007,586.13,39384.00,1030.00
10/30/2007,572.72,39385.00,1031.00
10/31/2007,570.44,39386.00,1032.00
11/1/2007,540.54,39387.00,1033.00
11/2/2007,529.52,39388.00,1034.00
11/5/2007,525.59,39391.00,1037.00
11/6/2007,525.19,39392.00,1038.00
11/7/2007,527.16,39393.00,1039.00
11/8/2007,531.1,39394.00,1040.00
11/9/2007,520.87,39395.00,1041.00
11/12/2007,519.29,39398.00,1044.00
11/13/2007,520.87,39399.00,1045.00
11/14/2007,528.73,39400.00,1046.00
11/15/2007,542.11,39401.00,1047.00
11/16/2007,547.62,39402.00,1048.00
11/19/2007,557.06,39405.00,1051.00
11/20/2007,547.66,39406.00,1052.00
11/21/2007,558.63,39407.00,1053.00
11/22/2007,557.06,39408.00,1054.00
11/23/2007,562.57,39409.00,1055.00
11/26/2007,571.22,39412.00,1058.00
11/27/2007,572.01,39413.00,1059.00
11/28/2007,554.9,39414.00,1060.00
11/29/2007,583.65,39415.00,1061.00
11/30/2007,568.86,39416.00,1062.00
12/3/2007,554.7,39419.00,1065.00
12/4/2007,548.44,39420.00,1066.00
12/5/2007,549.19,39421.00,1067.00
12/6/2007,541.95,39422.00,1068.00
12/7/2007,542.9,39423.00,1069.00
12/10/2007,543.09,39426.00,1072.00
12/11/2007,551.55,39427.00,1073.00
12/12/2007,553.13,39428.00,1074.00
12/13/2007,562.57,39429.00,1075.00
12/14/2007,561.78,39430.00,1076.00
12/17/2007,557.45,39433.00,1079.00
12/18/2007,555.49,39434.00,1080.00
12/19/2007,555.88,39435.00,1081.00
12/20/2007,550.77,39436.00,1082.00
12/24/2007,550.77,39440.00,1086.00
12/26/2007,551.55,39442.00,1088.00
12/27/2007,554.7,39443.00,1089.00
12/28/2007,549.98,39444.00,1090.00
12/31/2007,548.4,39447.00,1093.00
1/1/2008,549.19,39448.00,1094.00
1/2/2008,547.62,39449.00,1095.00
1/3/2008,558.63,39450.00,1096.00
1/4/2008,550.33,39451.00,1097.00
1/7/2008,552.34,39454.00,1100.00
1/8/2008,543.92,39455.00,1101.00
1/9/2008,541.32,39456.00,1102.00
1/10/2008,538.18,39457.00,1103.00
1/11/2008,520.87,39458.00,1104.00
1/14/2008,554.7,39461.00,1107.00
1/15/2008,555.49,39462.00,1108.00
1/16/2008,544.47,39463.00,1109.00
1/17/2008,548.37,39464.00,1110.00
1/18/2008,547.62,39465.00,1111.00
1/21/2008,513.71,39468.00,1114.00
1/22/2008,457.92,39469.00,1115.00
1/23/2008,476.81,39470.00,1116.00
1/24/2008,511.42,39471.00,1117.00
1/25/2008,547.62,39472.00,1118.00
1/28/2008,546.63,39475.00,1121.00
1/29/2008,539.75,39476.00,1122.00
1/30/2008,548.4,39477.00,1123.00
1/31/2008,536.6,39478.00,1124.00
2/1/2008,570.47,39479.00,1125.00
2/4/2008,595.61,39482.00,1128.00
2/5/2008,575.94,39483.00,1129.00
2/6/2008,566.38,39484.00,1130.00
2/7/2008,558.63,39485.00,1131.00
2/8/2008,558.55,39486.00,1132.00
2/11/2008,537.39,39489.00,1135.00
2/12/2008,530.9,39490.00,1136.00
2/13/2008,566.5,39491.00,1137.00
2/14/2008,574.37,39492.00,1138.00
2/15/2008,575.98,39493.00,1139.00
2/18/2008,565.71,39496.00,1142.00
2/19/2008,566.66,39497.00,1143.00
2/20/2008,570.2,39498.00,1144.00
2/21/2008,574.37,39499.00,1145.00
2/22/2008,562.57,39500.00,1146.00
2/25/2008,582.24,39503.00,1149.00
2/26/2008,581.41,39504.00,1150.00
2/27/2008,564.93,39505.00,1151.00
2/28/2008,590.11,39506.00,1152.00
2/29/2008,599.55,39507.00,1153.00
3/3/2008,609.78,39510.00,1156.00
3/4/2008,608.32,39511.00,1157.00
3/5/2008,609.78,39512.00,1158.00
3/7/2008,601.48,39514.00,1160.00
3/10/2008,596.4,39517.00,1163.00
3/11/2008,577.71,39518.00,1164.00
3/12/2008,576.65,39519.00,1165.00
3/13/2008,579.88,39520.00,1166.00
3/14/2008,559.42,39521.00,1167.00
3/17/2008,536.6,39524.00,1170.00
3/18/2008,535.11,39525.00,1171.00
3/19/2008,516.93,39526.00,1172.00
3/24/2008,508.2,39531.00,1177.00
3/25/2008,531.13,39532.00,1178.00
3/26/2008,534.83,39533.00,1179.00
3/27/2008,539.95,39534.00,1180.00
3/28/2008,565.71,39535.00,1181.00
3/31/2008,542.82,39538.00,1184.00
4/1/2008,556.27,39539.00,1185.00
4/2/2008,582.24,39540.00,1186.00
4/3/2008,590.89,39541.00,1187.00
4/4/2008,599.94,39542.00,1188.00
4/7/2008,590.11,39545.00,1191.00
4/8/2008,579.92,39546.00,1192.00
4/9/2008,586.17,39547.00,1193.00
4/10/2008,586.96,39548.00,1194.00
4/11/2008,582.24,39549.00,1195.00
4/15/2008,582.24,39553.00,1199.00
4/16/2008,583.81,39554.00,1200.00
4/17/2008,582.24,39555.00,1201.00
4/21/2008,587.04,39559.00,1205.00
4/22/2008,596.4,39560.00,1206.00
4/23/2008,588.53,39561.00,1207.00
4/24/2008,613.71,39562.00,1208.00
4/25/2008,639.08,39563.00,1209.00
4/28/2008,644,39566.00,1212.00
4/29/2008,674.33,39567.00,1213.00
4/30/2008,671.89,39568.00,1214.00
5/2/2008,663.36,39570.00,1216.00
5/5/2008,643.69,39573.00,1219.00
5/6/2008,642.82,39574.00,1220.00
5/7/2008,644.4,39575.00,1221.00
5/8/2008,641.25,39576.00,1222.00
5/9/2008,638.93,39577.00,1223.00
5/12/2008,628.03,39580.00,1226.00
5/13/2008,631.81,39581.00,1227.00
5/14/2008,645.06,39582.00,1228.00
5/15/2008,635.5,39583.00,1229.00
5/16/2008,635.15,39584.00,1230.00
5/20/2008,631.81,39588.00,1234.00
5/21/2008,617.64,39589.00,1235.00
5/22/2008,619.3,39590.00,1236.00
5/23/2008,629.45,39591.00,1237.00
5/26/2008,623.15,39594.00,1240.00
5/27/2008,621.58,39595.00,1241.00
5/28/2008,625.63,39596.00,1242.00
5/29/2008,605.84,39597.00,1243.00
5/30/2008,591.68,39598.00,1244.00
6/2/2008,612.92,39601.00,1247.00
6/3/2008,627.87,39602.00,1248.00
6/4/2008,617.64,39603.00,1249.00
6/5/2008,605.06,39604.00,1250.00
6/6/2008,597.58,39605.00,1251.00
6/9/2008,619.22,39608.00,1254.00
6/10/2008,608.99,39609.00,1255.00
6/11/2008,656.98,39610.00,1256.00
6/12/2008,635.74,39611.00,1257.00
6/13/2008,620,39612.00,1258.00
6/16/2008,600.33,39615.00,1261.00
6/17/2008,610.25,39616.00,1262.00
6/18/2008,615.48,39617.00,1263.00
6/19/2008,635.74,39618.00,1264.00
6/20/2008,597.97,39619.00,1265.00
6/23/2008,578.3,39622.00,1268.00
6/24/2008,556.27,39623.00,1269.00
6/25/2008,547.11,39624.00,1270.00
6/26/2008,588.53,39625.00,1271.00
6/27/2008,538.18,39626.00,1272.00
6/30/2008,538.96,39629.00,1275.00
7/1/2008,536.6,39630.00,1276.00
7/2/2008,530.94,39631.00,1277.00
7/3/2008,512.68,39632.00,1278.00
7/4/2008,525.08,39633.00,1279.00
7/7/2008,549.98,39636.00,1282.00
7/8/2008,539.36,39637.00,1283.00
7/9/2008,584.6,39638.00,1284.00
7/10/2008,541.32,39639.00,1285.00
7/11/2008,522.48,39640.00,1286.00
7/14/2008,519.29,39643.00,1289.00
7/15/2008,515.08,39644.00,1290.00
7/16/2008,499.62,39645.00,1291.00
7/17/2008,517.09,39646.00,1292.00
7/18/2008,537.39,39647.00,1293.00
7/21/2008,568.86,39650.00,1296.00
7/22/2008,574.21,39651.00,1297.00
7/23/2008,590.11,39652.00,1298.00
7/24/2008,599.55,39653.00,1299.00
7/25/2008,596.4,39654.00,1300.00
7/28/2008,597.97,39657.00,1303.00
7/29/2008,573.58,39658.00,1304.00
7/30/2008,612.14,39659.00,1305.00
7/31/2008,620.04,39660.00,1306.00
8/1/2008,627.09,39661.00,1307.00
8/4/2008,625.63,39664.00,1310.00
8/5/2008,650.1,39665.00,1311.00
8/6/2008,647.54,39666.00,1312.00
8/7/2008,644.4,39667.00,1313.00
8/8/2008,645.18,39668.00,1314.00
8/11/2008,652.93,39671.00,1317.00
8/12/2008,645.18,39672.00,1318.00
8/13/2008,638.89,39673.00,1319.00
8/14/2008,618.27,39674.00,1320.00
8/18/2008,621.66,39678.00,1324.00
8/19/2008,626.34,39679.00,1325.00
8/20/2008,633.38,39680.00,1326.00
8/21/2008,631.81,39681.00,1327.00
8/22/2008,627.16,39682.00,1328.00
8/25/2008,633.03,39685.00,1331.00
8/26/2008,627.13,39686.00,1332.00
8/27/2008,636.68,39687.00,1333.00
8/28/2008,639.67,39688.00,1334.00
8/29/2008,649.12,39689.00,1335.00
9/1/2008,664.85,39692.00,1338.00
9/2/2008,674.61,39693.00,1339.00
9/4/2008,690.82,39695.00,1341.00
9/5/2008,676.65,39696.00,1342.00
9/8/2008,672.72,39699.00,1345.00
9/9/2008,666.73,39700.00,1346.00
9/10/2008,673.93,39701.00,1347.00
9/11/2008,671.11,39702.00,1348.00
9/12/2008,671.92,39703.00,1349.00
9/15/2008,664.03,39706.00,1352.00
9/16/2008,688.01,39707.00,1353.00
9/17/2008,656.71,39708.00,1354.00
9/18/2008,675.94,39709.00,1355.00
9/19/2008,661.58,39710.00,1356.00
9/22/2008,658.16,39713.00,1359.00
9/23/2008,668.54,39714.00,1360.00
9/24/2008,679.92,39715.00,1361.00
9/25/2008,688.01,39716.00,1362.00
9/26/2008,683.99,39717.00,1363.00
9/29/2008,676.06,39720.00,1366.00
9/30/2008,702.49,39721.00,1367.00
10/1/2008,700.04,39722.00,1368.00
10/3/2008,716.17,39724.00,1370.00
10/6/2008,692.23,39727.00,1373.00
10/7/2008,701.69,39728.00,1374.00
10/8/2008,711.55,39729.00,1375.00
10/10/2008,658.88,39731.00,1377.00
10/13/2008,668.7,39734.00,1380.00
10/14/2008,655.9,39735.00,1381.00
10/15/2008,667.09,39736.00,1382.00
10/16/2008,680,39737.00,1383.00
10/17/2008,665.48,39738.00,1384.00
10/20/2008,648.38,39741.00,1387.00
10/21/2008,664.67,39742.00,1388.00
10/22/2008,656.99,39743.00,1389.00
10/23/2008,617.24,39744.00,1390.00
10/24/2008,590.64,39745.00,1391.00
10/27/2008,569.72,39748.00,1394.00
10/28/2008,591.45,39749.00,1395.00
10/29/2008,605.73,39750.00,1396.00
10/31/2008,599.49,39752.00,1398.00
11/3/2008,586.82,39755.00,1401.00
11/4/2008,592.33,39756.00,1402.00
11/5/2008,599.49,39757.00,1403.00
11/6/2008,581.79,39758.00,1404.00
11/7/2008,603.52,39759.00,1405.00
11/10/2008,611.56,39762.00,1408.00
11/11/2008,603.52,39763.00,1409.00
11/12/2008,605.97,39764.00,1410.00
11/14/2008,593.82,39766.00,1412.00
11/17/2008,577.77,39769.00,1415.00
11/18/2008,583.4,39770.00,1416.00
11/19/2008,595.39,39771.00,1417.00
11/20/2008,573.94,39772.00,1418.00
11/21/2008,591.57,39773.00,1419.00
11/24/2008,587.42,39776.00,1422.00
11/25/2008,594.67,39777.00,1423.00
11/26/2008,627.66,39778.00,1424.00
11/28/2008,643.75,39780.00,1426.00
12/1/2008,611.52,39783.00,1429.00
12/2/2008,609.95,39784.00,1430.00
12/3/2008,599.41,39785.00,1431.00
12/4/2008,603.52,39786.00,1432.00
12/5/2008,613.78,39787.00,1433.00
12/8/2008,634.1,39790.00,1436.00
12/10/2008,638.28,39792.00,1438.00
12/11/2008,638.52,39793.00,1439.00
12/12/2008,623.76,39794.00,1440.00
12/15/2008,637.52,39797.00,1443.00
12/16/2008,651.8,39798.00,1444.00
12/17/2008,646.97,39799.00,1445.00
12/18/2008,662.06,39800.00,1446.00
12/19/2008,657.59,39801.00,1447.00
12/22/2008,646,39804.00,1450.00
12/23/2008,650.99,39805.00,1451.00
12/24/2008,654.21,39806.00,1452.00
12/25/2008,654.21,39807.00,1453.00
12/26/2008,636.51,39808.00,1454.00
12/29/2008,647.78,39811.00,1457.00
12/30/2008,652.6,39812.00,1458.00
12/31/2008,645.56,39813.00,1459.00
1/1/2009,650.99,39814.00,1460.00
1/2/2009,635.7,39815.00,1461.00
1/5/2009,625.24,39818.00,1464.00
1/6/2009,637.52,39819.00,1465.00
1/7/2009,622.43,39820.00,1466.00
1/8/2009,622.43,39821.00,1467.00
1/9/2009,643.59,39822.00,1468.00
1/12/2009,627.66,39825.00,1471.00
1/13/2009,650.59,39826.00,1472.00
1/14/2009,667.81,39827.00,1473.00
1/15/2009,668.05,39828.00,1474.00
1/16/2009,681.57,39829.00,1475.00
1/19/2009,675.94,39832.00,1478.00
1/20/2009,671.75,39833.00,1479.00
1/21/2009,674.33,39834.00,1480.00
1/22/2009,683.18,39835.00,1481.00
1/23/2009,682.86,39836.00,1482.00
1/27/2009,689.62,39840.00,1486.00
1/28/2009,700.2,39841.00,1487.00
1/29/2009,704.1,39842.00,1488.00
1/30/2009,705.31,39843.00,1489.00
2/2/2009,705.19,39846.00,1492.00
2/3/2009,706.6,39847.00,1493.00
2/4/2009,704.83,39848.00,1494.00
2/5/2009,702.53,39849.00,1495.00
2/6/2009,708.13,39850.00,1496.00
2/9/2009,717.78,39853.00,1499.00
2/10/2009,714.56,39854.00,1500.00
2/11/2009,729.05,39855.00,1501.00
2/12/2009,740.27,39856.00,1502.00
2/13/2009,750.74,39857.00,1503.00
2/16/2009,748.36,39860.00,1506.00
2/17/2009,764.46,39861.00,1507.00
2/18/2009,749.97,39862.00,1508.00
2/19/2009,749.89,39863.00,1509.00
2/20/2009,740.27,39864.00,1510.00
2/24/2009,725.27,39868.00,1514.00
2/25/2009,722.21,39869.00,1515.00
2/26/2009,748.36,39870.00,1516.00
2/27/2009,752.79,39871.00,1517.00
3/2/2009,721,39874.00,1520.00
3/3/2009,725.03,39875.00,1521.00
3/4/2009,751.26,39876.00,1522.00
3/5/2009,755.44,39877.00,1523.00
3/6/2009,746.35,39878.00,1524.00
3/9/2009,749.97,39881.00,1527.00
3/12/2009,780.55,39884.00,1530.00
3/13/2009,775.72,39885.00,1531.00
3/16/2009,775.88,39888.00,1534.00
3/17/2009,790.21,39889.00,1535.00
3/18/2009,806.66,39890.00,1536.00
3/19/2009,796.6,39891.00,1537.00
3/20/2009,803.88,39892.00,1538.00
3/23/2009,799.78,39895.00,1541.00
3/24/2009,807.83,39896.00,1542.00
3/25/2009,815.15,39897.00,1543.00
3/26/2009,817.6,39898.00,1544.00
3/27/2009,873.09,39899.00,1545.00
3/30/2009,840.1,39902.00,1548.00
3/31/2009,862.71,39903.00,1549.00
4/1/2009,828.83,39904.00,1550.00
4/2/2009,828.83,39905.00,1551.00
4/6/2009,860.86,39909.00,1555.00
4/7/2009,860.86,39910.00,1556.00
4/8/2009,880.33,39911.00,1557.00
4/9/2009,855.51,39912.00,1558.00
4/10/2009,855.51,39913.00,1559.00
4/13/2009,848.95,39916.00,1562.00
4/14/2009,848.95,39917.00,1563.00
4/15/2009,861.02,39918.00,1564.00
4/16/2009,866.25,39919.00,1565.00
4/17/2009,898.03,39920.00,1566.00
4/20/2009,905.36,39923.00,1569.00
4/21/2009,882.82,39924.00,1570.00
4/22/2009,870.67,39925.00,1571.00
4/23/2009,902.98,39926.00,1572.00
4/24/2009,919.76,39927.00,1573.00
4/27/2009,909.3,39930.00,1576.00
4/28/2009,907.61,39931.00,1577.00
4/29/2009,953.48,39932.00,1578.00
4/30/2009,953.48,39933.00,1579.00
5/1/2009,953.48,39934.00,1580.00
5/4/2009,964.82,39937.00,1583.00
5/5/2009,960.8,39938.00,1584.00
5/6/2009,970.46,39939.00,1585.00
5/7/2009,982.53,39940.00,1586.00
5/8/2009,988.84,39941.00,1587.00
5/11/2009,978.74,39944.00,1590.00
5/12/2009,958.39,39945.00,1591.00
5/13/2009,959.19,39946.00,1592.00
5/14/2009,976.13,39947.00,1593.00
5/15/2009,984.26,39948.00,1594.00
5/18/2009,1196.81,39951.00,1597.00
5/19/2009,1058.17,39952.00,1598.00
5/20/2009,1037.24,39953.00,1599.00
5/21/2009,1012.38,39954.00,1600.00
5/22/2009,1042.07,39955.00,1601.00
5/25/2009,1063.4,39958.00,1604.00
5/26/2009,1082.31,39959.00,1605.00
5/27/2009,1092.69,39960.00,1606.00
5/28/2009,1063.8,39961.00,1607.00
5/29/2009,1074.26,39962.00,1608.00
6/1/2009,1099.05,39965.00,1611.00
6/2/2009,1111.28,39966.00,1612.00
6/3/2009,1112.68,39967.00,1613.00
6/4/2009,1089.55,39968.00,1614.00
6/5/2009,1174.85,39969.00,1615.00
6/8/2009,1166.8,39972.00,1618.00
6/9/2009,1197.38,39973.00,1619.00
6/10/2009,1198.99,39974.00,1620.00
6/11/2009,1187.08,39975.00,1621.00
6/12/2009,1178.87,39976.00,1622.00
6/15/2009,1142.3,39979.00,1625.00
6/16/2009,1138.64,39980.00,1626.00
6/17/2009,1090.39,39981.00,1627.00
6/18/2009,1168.41,39982.00,1628.00
6/19/2009,1179.76,39983.00,1629.00
6/22/2009,1186.35,39986.00,1632.00
6/23/2009,1151.51,39987.00,1633.00
6/24/2009,1170.54,39988.00,1634.00
6/25/2009,1149.1,39989.00,1635.00
6/26/2009,1135.01,39990.00,1636.00
6/29/2009,1112.08,39993.00,1639.00
6/30/2009,1122.58,39994.00,1640.00
7/1/2009,1123.35,39995.00,1641.00
7/2/2009,1106.57,39996.00,1642.00
7/3/2009,1099.13,39997.00,1643.00
7/6/2009,1090.76,40000.00,1646.00
7/7/2009,1155.94,40001.00,1647.00
7/8/2009,1174.85,40002.00,1648.00
7/9/2009,1184.91,40003.00,1649.00
7/10/2009,1165.91,40004.00,1650.00
7/13/2009,1126.57,40007.00,1653.00
7/14/2009,1126.61,40008.00,1654.00
7/15/2009,1198.99,40009.00,1655.00
7/16/2009,1236,40010.00,1656.00
7/17/2009,1320.5,40011.00,1657.00
7/20/2009,1318.89,40014.00,1660.00
7/21/2009,1320.46,40015.00,1661.00
7/22/2009,1299.21,40016.00,1662.00
7/23/2009,1339.81,40017.00,1663.00
7/24/2009,1393.48,40018.00,1664.00
7/27/2009,1355.9,40021.00,1667.00
7/28/2009,1348.66,40022.00,1668.00
7/29/2009,1316.47,40023.00,1669.00
7/30/2009,1314.1,40024.00,1670.00
7/31/2009,1287.46,40025.00,1671.00
8/3/2009,1307.62,40028.00,1674.00
8/4/2009,1303.84,40029.00,1675.00
8/5/2009,1288.27,40030.00,1676.00
8/6/2009,1222.28,40031.00,1677.00
8/7/2009,1190.14,40032.00,1678.00
8/10/2009,1145.84,40035.00,1681.00
8/11/2009,1146.44,40036.00,1682.00
8/12/2009,1151.79,40037.00,1683.00
8/13/2009,1213.47,40038.00,1684.00
8/14/2009,1189.53,40039.00,1685.00
8/17/2009,1122.38,40042.00,1688.00
8/18/2009,1122.38,40043.00,1689.00
8/19/2009,1122.38,40044.00,1690.00
8/20/2009,1122.38,40045.00,1691.00
8/21/2009,1122.38,40046.00,1692.00
8/24/2009,1225.62,40049.00,1695.00
8/25/2009,1217.33,40050.00,1696.00
8/26/2009,1206.15,40051.00,1697.00
8/27/2009,1187.72,40052.00,1698.00
8/28/2009,1230.55,40053.00,1699.00
8/31/2009,1235.85,40056.00,1702.00
9/1/2009,1252.17,40057.00,1703.00
9/2/2009,1278.68,40058.00,1704.00
9/3/2009,1260.4,40059.00,1705.00
9/4/2009,1313.35,40060.00,1706.00
9/7/2009,1330.48,40063.00,1709.00
9/8/2009,1363.68,40064.00,1710.00
9/9/2009,1327.09,40065.00,1711.00
9/10/2009,1280.72,40066.00,1712.00
9/11/2009,1280.84,40067.00,1713.00
9/14/2009,1280.39,40070.00,1716.00
9/15/2009,1316.61,40071.00,1717.00
9/16/2009,1365.55,40072.00,1718.00
9/17/2009,1350.05,40073.00,1719.00
9/18/2009,1370.45,40074.00,1720.00
9/21/2009,1370.45,40077.00,1723.00
9/22/2009,1376.97,40078.00,1724.00
9/23/2009,1371.26,40079.00,1725.00
9/24/2009,1356.58,40080.00,1726.00
9/25/2009,1341.49,40081.00,1727.00
9/28/2009,1341.49,40084.00,1730.00
9/29/2009,1348.46,40085.00,1731.00
9/30/2009,1374.61,40086.00,1732.00
10/1/2009,1332.11,40087.00,1733.00
10/2/2009,1332.11,40088.00,1734.00
10/5/2009,1341.08,40091.00,1737.00
10/6/2009,1341.86,40092.00,1738.00
10/7/2009,1339.45,40093.00,1739.00
10/8/2009,1352.13,40094.00,1740.00
10/9/2009,1341.9,40095.00,1741.00
10/12/2009,1333.74,40098.00,1744.00
10/13/2009,1333.74,40099.00,1745.00
10/14/2009,1340.27,40100.00,1746.00
10/15/2009,1350.22,40101.00,1747.00
10/16/2009,1345.98,40102.00,1748.00
10/19/2009,1345.98,40105.00,1751.00
10/20/2009,1344.02,40106.00,1752.00
10/21/2009,1312.69,40107.00,1753.00
10/22/2009,1297.07,40108.00,1754.00
10/23/2009,1292.95,40109.00,1755.00
10/26/2009,1301.11,40112.00,1758.00
10/27/2009,1294.99,40113.00,1759.00
10/28/2009,1292.14,40114.00,1760.00
10/29/2009,1264.4,40115.00,1761.00
10/30/2009,1276.64,40116.00,1762.00
11/2/2009,1276.64,40119.00,1765.00
11/3/2009,1236.67,40120.00,1766.00
11/4/2009,1244.05,40121.00,1767.00
11/5/2009,1279.09,40122.00,1768.00
11/6/2009,1248.09,40123.00,1769.00
11/9/2009,1270.11,40126.00,1772.00
11/10/2009,1211.38,40127.00,1773.00
11/11/2009,1236.67,40128.00,1774.00
11/12/2009,1240.83,40129.00,1775.00
11/13/2009,1284.71,40130.00,1776.00
11/16/2009,1344.34,40133.00,1779.00
11/17/2009,1371.18,40134.00,1780.00
11/18/2009,1359.84,40135.00,1781.00
11/19/2009,1335.37,40136.00,1782.00
11/20/2009,1343.69,40137.00,1783.00
11/23/2009,1343.77,40140.00,1786.00
11/24/2009,1377.87,40141.00,1787.00
11/25/2009,1412.91,40142.00,1788.00
11/26/2009,1419.39,40143.00,1789.00
11/27/2009,1434.65,40144.00,1790.00
11/30/2009,1403.08,40147.00,1793.00
12/1/2009,1417.84,40148.00,1794.00
12/2/2009,1390.03,40149.00,1795.00
12/3/2009,1381.38,40150.00,1796.00
12/4/2009,1366.33,40151.00,1797.00
12/7/2009,1368.82,40154.00,1800.00
12/8/2009,1364.74,40155.00,1801.00
12/9/2009,1389.62,40156.00,1802.00
12/10/2009,1365.64,40157.00,1803.00
12/11/2009,1364.74,40158.00,1804.00
12/14/2009,1376.16,40161.00,1807.00
12/15/2009,1359.68,40162.00,1808.00
12/16/2009,1358.29,40163.00,1809.00
12/17/2009,1362.29,40164.00,1810.00
12/18/2009,1368.82,40165.00,1811.00
12/21/2009,1362.29,40168.00,1814.00
12/22/2009,1390.03,40169.00,1815.00
12/23/2009,1384.81,40170.00,1816.00
12/24/2009,1415.4,40171.00,1817.00
12/25/2009,1415.4,40172.00,1818.00
12/28/2009,1415.4,40175.00,1821.00
12/29/2009,1422.45,40176.00,1822.00
12/30/2009,1391.25,40177.00,1823.00
12/31/2009,1406.1,40178.00,1824.00
1/1/2010,1406.1,40179.00,1825.00
1/4/2010,1398.14,40182.00,1828.00
1/5/2010,1399,40183.00,1829.00
1/6/2010,1381.91,40184.00,1830.00
1/7/2010,1345.98,40185.00,1831.00
1/8/2010,1353.32,40186.00,1832.00
1/11/2010,1370.45,40189.00,1835.00
1/12/2010,1342.79,40190.00,1836.00
1/13/2010,1327.21,40191.00,1837.00
1/14/2010,1319.06,40192.00,1838.00
1/15/2010,1323.22,40193.00,1839.00
1/18/2010,1381.79,40196.00,1842.00
1/19/2010,1354.17,40197.00,1843.00
1/20/2010,1354.17,40198.00,1844.00
1/21/2010,1354.17,40199.00,1845.00
1/22/2010,1354.17,40200.00,1846.00
1/25/2010,1354.17,40203.00,1849.00
1/26/2010,1354.17,40204.00,1850.00
1/27/2010,1354.17,40205.00,1851.00
1/28/2010,1354.17,40206.00,1852.00
1/29/2010,1354.17,40207.00,1853.00
2/1/2010,1354.17,40210.00,1856.00
2/2/2010,1354.17,40211.00,1857.00
2/3/2010,1354.17,40212.00,1858.00
2/4/2010,1354.17,40213.00,1859.00
2/5/2010,1293.28,40214.00,1860.00
2/8/2010,1287.45,40217.00,1863.00
2/9/2010,1320.12,40218.00,1864.00
2/10/2010,1330.19,40219.00,1865.00
2/11/2010,1379.38,40220.00,1866.00
2/15/2010,1390.31,40224.00,1870.00
2/16/2010,1383.01,40225.00,1871.00
2/17/2010,1385.46,40226.00,1872.00
2/18/2010,1389.21,40227.00,1873.00
2/19/2010,1370.73,40228.00,1874.00
2/22/2010,1392.68,40231.00,1877.00
2/23/2010,1381.75,40232.00,1878.00
2/24/2010,1364.13,40233.00,1879.00
2/25/2010,1386.97,40234.00,1880.00
2/26/2010,1450.11,40235.00,1881.00
3/2/2010,1463.85,40239.00,1885.00
3/3/2010,1477.96,40240.00,1886.00
3/4/2010,1468.66,40241.00,1887.00
3/5/2010,1525.93,40242.00,1888.00
3/8/2010,1561.25,40245.00,1891.00
3/9/2010,1530.29,40246.00,1892.00
3/10/2010,1582.26,40247.00,1893.00
3/11/2010,1559.82,40248.00,1894.00
3/12/2010,1565.04,40249.00,1895.00
3/15/2010,1558.68,40252.00,1898.00
3/16/2010,1561.29,40253.00,1899.00
3/17/2010,1575.61,40254.00,1900.00
3/18/2010,1578.14,40255.00,1901.00
3/19/2010,1605.55,40256.00,1902.00
3/22/2010,1590.66,40259.00,1905.00
3/23/2010,1580.99,40260.00,1906.00
3/25/2010,1650.74,40262.00,1908.00
3/26/2010,1640.26,40263.00,1909.00
3/29/2010,1636.54,40266.00,1912.00
3/30/2010,1604.85,40267.00,1913.00
3/31/2010,1586.13,40268.00,1914.00
4/1/2010,1586.82,40269.00,1915.00
4/5/2010,1662.69,40273.00,1919.00
4/6/2010,1663.38,40274.00,1920.00
4/7/2010,1662.57,40275.00,1921.00
4/8/2010,1645.56,40276.00,1922.00
4/9/2010,1677.94,40277.00,1923.00
4/12/2010,1701.6,40280.00,1926.00
4/13/2010,1674.62,40281.00,1927.00
4/15/2010,1656.81,40283.00,1929.00
4/16/2010,1631.4,40284.00,1930.00
4/19/2010,1608.67,40287.00,1933.00
4/20/2010,1571.47,40288.00,1934.00
4/21/2010,1602.52,40289.00,1935.00
4/22/2010,1620.72,40290.00,1936.00
4/23/2010,1594.46,40291.00,1937.00
4/26/2010,1586.06,40294.00,1940.00
4/27/2010,1579.87,40295.00,1941.00
4/28/2010,1568.34,40296.00,1942.00
4/29/2010,1554.51,40297.00,1943.00
4/30/2010,1624.79,40298.00,1944.00
5/3/2010,1629.11,40301.00,1947.00
5/4/2010,1630.09,40302.00,1948.00
5/5/2010,1602.52,40303.00,1949.00
5/6/2010,1608.25,40304.00,1950.00
5/7/2010,1599.09,40305.00,1951.00
5/10/2010,1601.84,40308.00,1954.00
5/11/2010,1611.09,40309.00,1955.00
5/12/2010,1612.53,40310.00,1956.00
5/13/2010,1611.09,40311.00,1957.00
5/14/2010,1592.04,40312.00,1958.00
5/17/2010,1568.63,40315.00,1961.00
5/18/2010,1558.33,40316.00,1962.00
5/19/2010,1576.61,40317.00,1963.00
5/20/2010,1580.04,40318.00,1964.00
5/21/2010,1573.55,40319.00,1965.00
5/24/2010,1605.91,40322.00,1968.00
5/25/2010,1585,40323.00,1969.00
5/26/2010,1610.66,40324.00,1970.00
5/27/2010,1610.71,40325.00,1971.00
5/28/2010,1628.39,40326.00,1972.00
5/31/2010,1643.49,40329.00,1975.00
6/1/2010,1632.46,40330.00,1976.00
6/2/2010,1685.06,40331.00,1977.00
6/3/2010,1679.12,40332.00,1978.00
6/4/2010,1693.37,40333.00,1979.00
6/7/2010,1677.76,40336.00,1982.00
6/8/2010,1637.72,40337.00,1983.00
6/9/2010,1629.2,40338.00,1984.00
6/10/2010,1701.43,40339.00,1985.00
6/11/2010,1707.88,40340.00,1986.00
6/14/2010,1703.8,40343.00,1989.00
6/15/2010,1720.26,40344.00,1990.00
6/16/2010,1711.06,40345.00,1991.00
6/17/2010,1682.77,40346.00,1992.00
6/18/2010,1714.28,40347.00,1993.00
6/21/2010,1718.95,40350.00,1996.00
6/22/2010,1713.52,40351.00,1997.00
6/23/2010,1729.55,40352.00,1998.00
6/24/2010,1746.09,40353.00,1999.00
6/25/2010,1744.14,40354.00,2000.00
6/28/2010,1741.89,40357.00,2003.00
6/29/2010,1736.68,40358.00,2004.00
6/30/2010,1737.74,40359.00,2005.00
7/1/2010,1713.64,40360.00,2006.00
7/2/2010,1714.32,40361.00,2007.00
7/5/2010,1715.43,40364.00,2010.00
7/6/2010,1708.39,40365.00,2011.00
7/7/2010,1697.74,40366.00,2012.00
7/8/2010,1702.96,40367.00,2013.00
7/9/2010,1705.97,40368.00,2014.00
7/12/2010,1675.18,40371.00,2017.00
7/13/2010,1678.53,40372.00,2018.00
7/14/2010,1695.53,40373.00,2019.00
7/15/2010,1676.87,40374.00,2020.00
7/16/2010,1679.42,40375.00,2021.00
7/19/2010,1659.78,40378.00,2024.00
7/20/2010,1649.77,40379.00,2025.00
7/21/2010,1646.72,40380.00,2026.00
7/22/2010,1652.31,40381.00,2027.00
7/23/2010,1654.69,40382.00,2028.00
7/26/2010,1530.54,40385.00,2031.00
7/27/2010,1580.34,40386.00,2032.00
7/28/2010,1573.59,40387.00,2033.00
7/29/2010,1589.92,40388.00,2034.00
7/30/2010,1539.49,40389.00,2035.00
8/2/2010,1548.23,40392.00,2038.00
8/3/2010,1578.13,40393.00,2039.00
8/4/2010,1600.61,40394.00,2040.00
8/5/2010,1579.91,40395.00,2041.00
8/6/2010,1555.36,40396.00,2042.00
8/9/2010,1582.5,40399.00,2045.00
8/10/2010,1583.48,40400.00,2046.00
8/11/2010,1583.26,40401.00,2047.00
8/12/2010,1582.71,40402.00,2048.00
8/13/2010,1598.36,40403.00,2049.00
8/16/2010,1604.81,40406.00,2052.00
8/17/2010,1616.01,40407.00,2053.00
8/18/2010,1619.36,40408.00,2054.00
8/19/2010,1614.06,40409.00,2055.00
8/20/2010,1625.13,40410.00,2056.00
8/23/2010,1632.42,40413.00,2059.00
8/24/2010,1603.2,40414.00,2060.00
8/25/2010,1559.3,40415.00,2061.00
8/26/2010,1566.64,40416.00,2062.00
8/27/2010,1514.81,40417.00,2063.00
8/30/2010,1545.22,40420.00,2066.00
8/31/2010,1545.7,40421.00,2067.00
9/1/2010,1522.62,40422.00,2068.00
9/2/2010,1463,40423.00,2069.00
9/3/2010,1498.55,40424.00,2070.00
9/6/2010,1469.56,40427.00,2073.00
9/7/2010,1474.34,40428.00,2074.00
9/8/2010,1471.67,40429.00,2075.00
9/9/2010,1495.31,40430.00,2076.00
9/13/2010,1490.61,40434.00,2080.00
9/14/2010,1485.43,40435.00,2081.00
9/15/2010,1503.08,40436.00,2082.00
9/16/2010,1495.44,40437.00,2083.00
9/17/2010,1505.66,40438.00,2084.00
9/20/2010,1571.32,40441.00,2087.00
9/21/2010,1560.79,40442.00,2088.00
9/22/2010,1565.15,40443.00,2089.00
9/23/2010,1557.6,40444.00,2090.00
9/24/2010,1607.99,40445.00,2091.00
9/27/2010,1605.05,40448.00,2094.00
9/28/2010,1600.31,40449.00,2095.00
9/29/2010,1609.15,40450.00,2096.00
9/30/2010,1603.03,40451.00,2097.00
10/1/2010,1594.57,40452.00,2098.00
10/4/2010,1557.73,40455.00,2101.00
10/5/2010,1553.94,40456.00,2102.00
10/6/2010,1572.7,40457.00,2103.00
10/7/2010,1590.6,40458.00,2104.00
10/8/2010,1591.08,40459.00,2105.00
10/11/2010,1617,40462.00,2108.00
10/12/2010,1620.67,40463.00,2109.00
10/13/2010,1621.58,40464.00,2110.00
10/14/2010,1606.09,40465.00,2111.00
10/15/2010,1544.14,40466.00,2112.00
10/18/2010,1554.93,40469.00,2115.00
10/19/2010,1584.69,40470.00,2116.00
10/20/2010,1586.38,40471.00,2117.00
10/21/2010,1598.41,40472.00,2118.00
10/22/2010,1599.53,40473.00,2119.00
10/25/2010,1607.3,40476.00,2122.00
10/26/2010,1608.38,40477.00,2123.00
10/27/2010,1604.15,40478.00,2124.00
10/28/2010,1645.95,40479.00,2125.00
10/29/2010,1609.28,40480.00,2126.00
11/1/2010,1586.07,40483.00,2129.00
11/2/2010,1598.67,40484.00,2130.00
11/3/2010,1611.35,40485.00,2131.00
11/4/2010,1588.01,40486.00,2132.00
11/5/2010,1587.5,40487.00,2133.00
11/8/2010,1578.31,40490.00,2136.00
11/9/2010,1576.5,40491.00,2137.00
11/10/2010,1561.57,40492.00,2138.00
11/11/2010,1570.16,40493.00,2139.00
11/12/2010,1574.17,40494.00,2140.00
11/15/2010,1582.15,40497.00,2143.00
11/16/2010,1568.08,40498.00,2144.00
11/18/2010,1650.78,40500.00,2146.00
11/19/2010,1677.66,40501.00,2147.00
11/22/2010,1686.37,40504.00,2150.00
11/23/2010,1689,40505.00,2151.00
11/24/2010,1666.35,40506.00,2152.00
11/25/2010,1683.31,40507.00,2153.00
11/26/2010,1670.8,40508.00,2154.00
11/29/2010,1679.38,40511.00,2157.00
11/30/2010,1710.61,40512.00,2158.00
12/1/2010,1661.22,40513.00,2159.00
12/2/2010,1536.77,40514.00,2160.00
12/3/2010,1587.11,40515.00,2161.00
12/6/2010,1531.24,40518.00,2164.00
12/7/2010,1543.8,40519.00,2165.00
12/8/2010,1516.84,40520.00,2166.00
12/9/2010,1509.76,40521.00,2167.00
12/10/2010,1540.3,40522.00,2168.00
12/13/2010,1530.51,40525.00,2171.00
12/14/2010,1477.71,40526.00,2172.00
12/15/2010,1399.03,40527.00,2173.00
12/16/2010,1450.92,40528.00,2174.00
12/20/2010,1708.72,40532.00,2178.00
12/21/2010,1701.81,40533.00,2179.00
12/22/2010,1673.64,40534.00,2180.00
12/23/2010,1658.93,40535.00,2181.00
12/24/2010,1665.66,40536.00,2182.00
12/27/2010,1671.92,40539.00,2185.00
12/28/2010,1678,40540.00,2186.00
12/29/2010,1687.79,40541.00,2187.00
12/30/2010,1720.06,40542.00,2188.00
12/31/2010,1715.32,40543.00,2189.00
1/3/2011,1713.98,40546.00,2192.00
1/4/2011,1707.72,40547.00,2193.00
1/5/2011,1642.2,40548.00,2194.00
1/6/2011,1627.4,40549.00,2195.00
1/7/2011,1621.88,40550.00,2196.00
1/10/2011,1550.92,40553.00,2199.00
1/11/2011,1592.24,40554.00,2200.00
1/12/2011,1616.83,40555.00,2201.00
1/13/2011,1575.2,40556.00,2202.00
1/14/2011,1565.97,40557.00,2203.00
1/17/2011,1542.42,40560.00,2206.00
1/18/2011,1541.64,40561.00,2207.00
1/19/2011,1522.23,40562.00,2208.00
1/20/2011,1532.45,40563.00,2209.00
1/21/2011,1512.65,40564.00,2210.00
1/24/2011,1504.93,40567.00,2213.00
1/25/2011,1531.03,40568.00,2214.00
1/27/2011,1487.42,40570.00,2216.00
1/28/2011,1429.57,40571.00,2217.00
1/31/2011,1408.99,40574.00,2220.00
2/1/2011,1389.36,40575.00,2221.00
2/2/2011,1313.83,40576.00,2222.00
2/3/2011,1349.16,40577.00,2223.00
2/4/2011,1326.25,40578.00,2224.00
2/7/2011,1365.94,40581.00,2227.00
2/8/2011,1300.15,40582.00,2228.00
2/9/2011,1242.86,40583.00,2229.00
2/10/2011,1250.41,40584.00,2230.00
2/11/2011,1267.84,40585.00,2231.00
2/14/2011,1317.54,40588.00,2234.00
2/15/2011,1308.82,40589.00,2235.00
2/16/2011,1287.94,40590.00,2236.00
2/17/2011,1292.52,40591.00,2237.00
2/18/2011,1263.87,40592.00,2238.00
2/21/2011,1241.4,40595.00,2241.00
2/22/2011,1199.73,40596.00,2242.00
2/23/2011,1270.26,40597.00,2243.00
2/24/2011,1289.63,40598.00,2244.00
2/25/2011,1294.63,40599.00,2245.00
2/28/2011,1264.13,40602.00,2248.00
3/1/2011,1287.12,40603.00,2249.00
3/3/2011,1299.68,40605.00,2251.00
3/4/2011,1325.91,40606.00,2252.00
3/7/2011,1322.45,40609.00,2255.00
3/8/2011,1307.14,40610.00,2256.00
3/9/2011,1326.68,40611.00,2257.00
3/10/2011,1325.47,40612.00,2258.00
3/11/2011,1320.17,40613.00,2259.00
3/14/2011,1320.99,40616.00,2262.00
3/15/2011,1314.86,40617.00,2263.00
3/16/2011,1308.3,40618.00,2264.00
3/17/2011,1302.91,40619.00,2265.00
3/18/2011,1271.29,40620.00,2266.00
3/21/2011,1237.43,40623.00,2269.00
3/22/2011,1243.6,40624.00,2270.00
3/23/2011,1251.32,40625.00,2271.00
3/24/2011,1273.1,40626.00,2272.00
3/25/2011,1286.61,40627.00,2273.00
3/28/2011,1294.8,40630.00,2276.00
3/29/2011,1332.63,40631.00,2277.00
3/30/2011,1343.81,40632.00,2278.00
3/31/2011,1371.33,40633.00,2279.00
4/1/2011,1382.81,40634.00,2280.00
4/4/2011,1395.88,40637.00,2283.00
4/5/2011,1417.75,40638.00,2284.00
4/6/2011,1451.44,40639.00,2285.00
4/7/2011,1462.27,40640.00,2286.00
4/8/2011,1435.18,40641.00,2287.00
4/11/2011,1413.48,40644.00,2290.00
4/13/2011,1497.04,40646.00,2292.00
4/15/2011,1580.38,40648.00,2294.00
4/18/2011,1608.07,40651.00,2297.00
4/19/2011,1524.39,40652.00,2298.00
4/20/2011,1565.49,40653.00,2299.00
4/21/2011,1605.55,40654.00,2300.00
4/25/2011,1593.33,40658.00,2304.00
4/26/2011,1591.31,40659.00,2305.00
4/27/2011,1565.31,40660.00,2306.00
4/28/2011,1523.13,40661.00,2307.00
4/29/2011,1536.2,40662.00,2308.00
5/2/2011,1517.56,40665.00,2311.00
5/3/2011,1488.32,40666.00,2312.00
5/4/2011,1436.21,40667.00,2313.00
5/5/2011,1524.92,40668.00,2314.00
5/6/2011,1586.1,40669.00,2315.00
5/9/2011,1565.67,40672.00,2318.00
5/10/2011,1539.7,40673.00,2319.00
5/11/2011,1595.63,40674.00,2320.00
5/12/2011,1572.31,40675.00,2321.00
5/13/2011,1615.25,40676.00,2322.00
5/16/2011,1673.51,40679.00,2325.00
5/17/2011,1619.52,40680.00,2326.00
5/18/2011,1654.47,40681.00,2327.00
5/19/2011,1611.17,40682.00,2328.00
5/20/2011,1624.91,40683.00,2329.00
5/23/2011,1607.03,40686.00,2332.00
5/24/2011,1633.58,40687.00,2333.00
5/25/2011,1622.49,40688.00,2334.00
5/26/2011,1692.51,40689.00,2335.00
5/27/2011,1662.28,40690.00,2336.00
5/30/2011,1649.89,40693.00,2339.00
5/31/2011,1666.24,40694.00,2340.00
6/1/2011,1673.96,40695.00,2341.00
6/2/2011,1680.97,40696.00,2342.00
6/3/2011,1671.94,40697.00,2343.00
6/6/2011,1671.4,40700.00,2346.00
6/7/2011,1646.65,40701.00,2347.00
6/8/2011,1584.62,40702.00,2348.00
6/9/2011,1564.77,40703.00,2349.00
6/10/2011,1549.14,40704.00,2350.00
6/13/2011,1558.39,40707.00,2353.00
6/14/2011,1559.69,40708.00,2354.00
6/15/2011,1569.39,40709.00,2355.00
6/16/2011,1560.32,40710.00,2356.00
6/17/2011,1555.69,40711.00,2357.00
6/20/2011,1563.37,40714.00,2360.00
6/21/2011,1583.23,40715.00,2361.00
6/22/2011,1570.29,40716.00,2362.00
6/23/2011,1583.99,40717.00,2363.00
6/24/2011,1675.22,40718.00,2364.00
6/27/2011,1663.95,40721.00,2367.00
6/28/2011,1659.23,40722.00,2368.00
6/29/2011,1661.03,40723.00,2369.00
6/30/2011,1686.41,40724.00,2370.00
7/1/2011,1706.17,40725.00,2371.00
7/4/2011,1705.41,40728.00,2374.00
7/5/2011,1704.96,40729.00,2375.00
7/6/2011,1674.77,40730.00,2376.00
7/7/2011,1689.77,40731.00,2377.00
7/8/2011,1708.86,40732.00,2378.00
7/11/2011,1701.5,40735.00,2381.00
7/12/2011,1671.4,40736.00,2382.00
7/13/2011,1687.21,40737.00,2383.00
7/14/2011,1662.82,40738.00,2384.00
7/15/2011,1642.48,40739.00,2385.00
7/18/2011,1632.32,40742.00,2388.00
7/19/2011,1609.69,40743.00,2389.00
7/20/2011,1578.33,40744.00,2390.00
7/21/2011,1603.8,40745.00,2391.00
7/22/2011,1635.69,40746.00,2392.00
7/25/2011,1640.86,40749.00,2395.00
7/26/2011,1635.92,40750.00,2396.00
7/27/2011,1621.86,40751.00,2397.00
7/28/2011,1638.34,40752.00,2398.00
7/29/2011,1603.67,40753.00,2399.00
8/1/2011,1612.02,40756.00,2402.00
8/2/2011,1624.33,40757.00,2403.00
8/3/2011,1619.75,40758.00,2404.00
8/4/2011,1619.97,40759.00,2405.00
8/5/2011,1603.89,40760.00,2406.00
8/9/2011,1665.02,40764.00,2410.00
8/10/2011,1692.47,40765.00,2411.00
8/11/2011,1670.37,40766.00,2412.00
8/12/2011,1698.13,40767.00,2413.00
8/16/2011,1698.17,40771.00,2417.00
8/17/2011,1742.42,40772.00,2418.00
8/18/2011,1755.13,40773.00,2419.00
8/19/2011,1791.06,40774.00,2420.00
8/22/2011,1803.6,40777.00,2423.00
8/23/2011,1790.03,40778.00,2424.00
8/24/2011,1765.24,40779.00,2425.00
8/25/2011,1739.85,40780.00,2426.00
8/26/2011,1784.99,40781.00,2427.00
8/29/2011,1803.97,40784.00,2430.00
8/30/2011,1885.56,40785.00,2431.00
9/2/2011,1895.85,40788.00,2434.00
9/5/2011,1997.01,40791.00,2437.00
9/6/2011,1982.47,40792.00,2438.00
9/7/2011,1987.45,40793.00,2439.00
9/8/2011,1984.52,40794.00,2440.00
9/9/2011,2032.82,40795.00,2441.00
9/12/2011,2025.18,40798.00,2444.00
9/13/2011,2014.89,40799.00,2445.00
9/14/2011,2006.43,40800.00,2446.00
9/15/2011,2014.39,40801.00,2447.00
9/16/2011,2012.47,40802.00,2448.00
9/19/2011,2013.29,40805.00,2451.00
9/20/2011,2017.45,40806.00,2452.00
9/21/2011,1952.15,40807.00,2453.00
9/22/2011,1908.84,40808.00,2454.00
9/23/2011,1863.2,40809.00,2455.00
9/26/2011,1807.86,40812.00,2458.00
9/27/2011,1822.63,40813.00,2459.00
9/28/2011,1790.85,40814.00,2460.00
9/29/2011,1830.09,40815.00,2461.00
9/30/2011,1776.03,40816.00,2462.00
10/3/2011,1792.45,40819.00,2465.00
10/4/2011,1794.05,40820.00,2466.00
10/5/2011,1783.35,40821.00,2467.00
10/7/2011,1775.25,40823.00,2469.00
10/10/2011,1793.45,40826.00,2472.00
10/11/2011,1807.08,40827.00,2473.00
10/12/2011,1830.09,40828.00,2474.00
10/13/2011,1812.75,40829.00,2475.00
10/14/2011,1823.59,40830.00,2476.00
10/17/2011,1822.72,40833.00,2479.00
10/18/2011,1816.37,40834.00,2480.00
10/19/2011,1890.18,40835.00,2481.00
10/20/2011,1856.79,40836.00,2482.00
10/21/2011,1877.14,40837.00,2483.00
10/24/2011,1895.67,40840.00,2486.00
10/25/2011,1911.99,40841.00,2487.00
10/26/2011,1927.77,40842.00,2488.00
10/28/2011,1973.27,40844.00,2490.00
10/31/2011,1995.18,40847.00,2493.00
11/1/2011,1954.94,40848.00,2494.00
11/2/2011,1911.03,40849.00,2495.00
11/3/2011,1894.52,40850.00,2496.00
11/4/2011,1933.4,40851.00,2497.00
11/17/2011,1933.4,40864.00,2510.00
11/18/2011,1933.4,40865.00,2511.00
11/21/2011,1933.4,40868.00,2514.00
11/22/2011,1933.4,40869.00,2515.00
11/23/2011,1933.4,40870.00,2516.00
11/24/2011,1933.4,40871.00,2517.00
11/25/2011,1933.4,40872.00,2518.00
11/28/2011,1933.4,40875.00,2521.00
11/29/2011,1933.4,40876.00,2522.00
11/30/2011,1933.4,40877.00,2523.00
12/1/2011,1933.4,40878.00,2524.00
12/2/2011,1933.4,40879.00,2525.00
12/5/2011,1933.4,40882.00,2528.00
12/6/2011,1933.4,40883.00,2529.00
12/7/2011,1933.4,40884.00,2530.00
12/8/2011,1933.4,40885.00,2531.00
12/9/2011,1933.4,40886.00,2532.00
12/12/2011,1933.4,40889.00,2535.00
12/13/2011,1933.4,40890.00,2536.00
12/14/2011,1933.4,40891.00,2537.00
12/15/2011,1933.4,40892.00,2538.00
12/16/2011,1933.4,40893.00,2539.00
12/19/2011,1933.4,40896.00,2542.00
12/20/2011,1933.4,40897.00,2543.00
12/21/2011,1933.4,40898.00,2544.00
12/22/2011,1933.4,40899.00,2545.00
12/23/2011,1933.4,40900.00,2546.00
12/26/2011,1933.4,40903.00,2549.00
12/27/2011,1933.4,40904.00,2550.00
12/28/2011,1933.4,40905.00,2551.00
12/29/2011,1933.4,40906.00,2552.00
12/30/2011,1933.4,40907.00,2553.00
1/2/2012,1933.4,40910.00,2556.00
1/3/2012,1933.4,40911.00,2557.00
1/4/2012,1933.4,40912.00,2558.00
1/5/2012,1933.4,40913.00,2559.00
1/6/2012,1933.4,40914.00,2560.00
1/9/2012,1933.4,40917.00,2563.00
1/10/2012,1933.4,40918.00,2564.00
1/11/2012,1933.4,40919.00,2565.00
1/12/2012,1933.4,40920.00,2566.00
1/13/2012,1933.4,40921.00,2567.00
1/16/2012,1933.4,40924.00,2570.00
1/17/2012,1933.4,40925.00,2571.00
1/18/2012,1933.4,40926.00,2572.00
1/19/2012,1933.4,40927.00,2573.00
1/20/2012,1933.4,40928.00,2574.00
1/23/2012,1933.4,40931.00,2577.00
1/24/2012,1933.4,40932.00,2578.00
1/25/2012,1933.4,40933.00,2579.00
1/26/2012,1933.4,40934.00,2580.00
1/27/2012,1933.4,40935.00,2581.00
1/30/2012,1933.4,40938.00,2584.00
1/31/2012,1933.4,40939.00,2585.00
2/1/2012,1933.4,40940.00,2586.00
2/2/2012,1933.4,40941.00,2587.00
2/3/2012,1933.4,40942.00,2588.00
2/6/2012,1933.4,40945.00,2591.00
2/7/2012,1933.4,40946.00,2592.00
2/8/2012,1933.4,40947.00,2593.00
2/9/2012,1933.4,40948.00,2594.00
2/10/2012,1933.4,40949.00,2595.00
2/13/2012,1933.4,40952.00,2598.00
2/14/2012,1933.4,40953.00,2599.00
2/15/2012,1933.4,40954.00,2600.00
2/16/2012,1933.4,40955.00,2601.00
2/17/2012,1933.4,40956.00,2602.00
2/20/2012,1933.4,40959.00,2605.00
2/21/2012,1933.4,40960.00,2606.00
2/22/2012,1933.4,40961.00,2607.00
2/23/2012,1933.4,40962.00,2608.00
2/24/2012,1933.4,40963.00,2609.00
2/27/2012,1933.4,40966.00,2612.00
2/28/2012,1933.4,40967.00,2613.00
2/29/2012,1933.4,40968.00,2614.00
3/1/2012,1933.4,40969.00,2615.00
3/2/2012,1933.4,40970.00,2616.00
3/5/2012,1933.4,40973.00,2619.00
3/6/2012,1933.4,40974.00,2620.00
3/7/2012,1933.4,40975.00,2621.00
3/8/2012,1933.4,40976.00,2622.00
3/9/2012,1933.4,40977.00,2623.00
3/12/2012,1933.4,40980.00,2626.00
3/13/2012,1933.4,40981.00,2627.00
3/14/2012,1933.4,40982.00,2628.00
3/15/2012,1933.4,40983.00,2629.00
3/16/2012,1933.4,40984.00,2630.00
3/19/2012,1933.4,40987.00,2633.00
3/20/2012,1933.4,40988.00,2634.00
3/21/2012,1933.4,40989.00,2635.00
3/22/2012,1933.4,40990.00,2636.00
3/23/2012,1933.4,40991.00,2637.00
3/26/2012,1933.4,40994.00,2640.00
3/27/2012,1933.4,40995.00,2641.00
3/28/2012,1933.4,40996.00,2642.00
3/29/2012,1933.4,40997.00,2643.00
3/30/2012,1933.4,40998.00,2644.00
4/2/2012,1933.4,41001.00,2647.00
4/3/2012,1933.4,41002.00,2648.00
4/4/2012,1933.4,41003.00,2649.00
4/5/2012,1933.4,41004.00,2650.00
4/6/2012,1933.4,41005.00,2651.00
4/9/2012,1933.4,41008.00,2654.00
4/10/2012,1933.4,41009.00,2655.00
4/11/2012,1933.4,41010.00,2656.00
4/12/2012,1933.4,41011.00,2657.00
4/13/2012,1933.4,41012.00,2658.00
4/16/2012,1933.4,41015.00,2661.00
4/17/2012,1933.4,41016.00,2662.00
4/18/2012,1933.4,41017.00,2663.00
4/19/2012,1933.4,41018.00,2664.00
4/20/2012,1933.4,41019.00,2665.00
4/23/2012,1933.4,41022.00,2668.00
4/24/2012,1933.4,41023.00,2669.00
4/25/2012,1933.4,41024.00,2670.00
4/26/2012,1933.4,41025.00,2671.00
4/27/2012,1933.4,41026.00,2672.00
4/30/2012,1933.4,41029.00,2675.00
5/1/2012,1933.4,41030.00,2676.00
5/2/2012,2053.22,41031.00,2677.00
5/3/2012,1896.12,41032.00,2678.00
5/4/2012,1808.77,41033.00,2679.00
5/7/2012,1786.87,41036.00,2682.00
5/8/2012,1737.07,41037.00,2683.00
5/9/2012,1712.42,41038.00,2684.00
5/10/2012,1686.53,41039.00,2685.00
5/11/2012,1686.35,41040.00,2686.00
5/14/2012,1686.03,41043.00,2689.00
5/15/2012,1731.9,41044.00,2690.00
5/16/2012,1723.39,41045.00,2691.00
5/17/2012,1734.05,41046.00,2692.00
5/18/2012,1708.07,41047.00,2693.00
5/21/2012,1704.96,41050.00,2696.00
5/22/2012,1694.81,41051.00,2697.00
5/23/2012,1672.9,41052.00,2698.00
5/24/2012,1665.26,41053.00,2699.00
5/25/2012,1684.29,41054.00,2700.00
5/28/2012,1691.61,41057.00,2703.00
5/29/2012,1701.94,41058.00,2704.00
5/30/2012,1697.23,41059.00,2705.00
5/31/2012,1673.91,41060.00,2706.00
6/1/2012,1665.91,41061.00,2707.00
6/4/2012,1681,41064.00,2710.00
6/5/2012,1706.01,41065.00,2711.00
6/6/2012,1788.19,41066.00,2712.00
6/7/2012,1830.36,41067.00,2713.00
6/8/2012,1834.11,41068.00,2714.00
6/11/2012,1806.72,41071.00,2717.00
6/12/2012,1820.44,41072.00,2718.00
6/13/2012,1787.33,41073.00,2719.00
6/14/2012,1787.28,41074.00,2720.00
6/15/2012,1829.35,41075.00,2721.00
6/18/2012,1823.82,41078.00,2724.00
6/19/2012,1829.67,41079.00,2725.00
6/20/2012,1862.05,41080.00,2726.00
6/21/2012,1894.84,41081.00,2727.00
6/22/2012,1908.06,41082.00,2728.00
6/25/2012,1857.48,41085.00,2731.00
6/26/2012,1875.45,41086.00,2732.00
6/27/2012,1879.52,41087.00,2733.00
6/28/2012,1908.88,41088.00,2734.00
6/29/2012,1965.96,41089.00,2735.00
7/2/2012,1933.9,41092.00,2738.00
7/3/2012,1917.57,41093.00,2739.00
7/4/2012,1934.58,41094.00,2740.00
7/5/2012,1940.12,41095.00,2741.00
7/6/2012,1904.36,41096.00,2742.00
7/9/2012,1854.05,41099.00,2745.00
7/10/2012,1888.53,41100.00,2746.00
7/11/2012,1862.56,41101.00,2747.00
7/12/2012,1886.84,41102.00,2748.00
7/13/2012,1908.65,41103.00,2749.00
7/16/2012,1916.79,41106.00,2752.00
7/17/2012,1918.12,41107.00,2753.00
7/18/2012,1933.49,41108.00,2754.00
7/19/2012,1910.44,41109.00,2755.00
7/20/2012,1904.31,41110.00,2756.00
7/23/2012,1877.05,41113.00,2759.00
7/24/2012,1861.55,41114.00,2760.00
7/25/2012,1858.12,41115.00,2761.00
7/26/2012,1863.93,41116.00,2762.00
7/27/2012,1838.5,41117.00,2763.00
7/30/2012,1858.12,41120.00,2766.00
7/31/2012,1833.88,41121.00,2767.00
8/1/2012,1806.12,41122.00,2768.00
8/2/2012,1795.19,41123.00,2769.00
8/3/2012,1791.9,41124.00,2770.00
8/6/2012,1809.87,41127.00,2773.00
8/7/2012,1827.19,41128.00,2774.00
8/8/2012,1837.43,41129.00,2775.00
8/9/2012,1827.33,41130.00,2776.00
8/10/2012,1789.89,41131.00,2777.00
8/13/2012,1768.22,41134.00,2780.00
8/14/2012,1759.71,41135.00,2781.00
8/15/2012,1759.71,41136.00,2782.00
8/16/2012,1806.27,41137.00,2783.00
8/17/2012,1811.23,41138.00,2784.00
8/20/2012,1811.23,41141.00,2787.00
8/21/2012,1797.99,41142.00,2788.00
8/22/2012,1811.88,41143.00,2789.00
8/23/2012,1814.41,41144.00,2790.00
8/24/2012,1811.98,41145.00,2791.00
8/27/2012,1806.55,41148.00,2794.00
8/28/2012,1792.09,41149.00,2795.00
8/29/2012,1730.6,41150.00,2796.00
8/30/2012,1706.78,41151.00,2797.00
8/31/2012,1650.06,41152.00,2798.00
9/3/2012,1683.71,41155.00,2801.00
9/4/2012,1692.04,41156.00,2802.00
9/5/2012,1692.27,41157.00,2803.00
9/6/2012,1675.33,41158.00,2804.00
9/7/2012,1684.5,41159.00,2805.00
9/10/2012,1703.78,41162.00,2808.00
9/11/2012,1683.15,41163.00,2809.00
9/12/2012,1672.66,41164.00,2810.00
9/13/2012,1705.65,41165.00,2811.00
9/14/2012,1743.23,41166.00,2812.00
9/17/2012,1796.82,41169.00,2815.00
9/18/2012,1807.2,41170.00,2816.00
9/19/2012,1807.2,41171.00,2817.00
9/20/2012,1778.66,41172.00,2818.00
9/21/2012,1799.34,41173.00,2819.00
9/24/2012,1798.59,41176.00,2822.00
9/25/2012,1770.52,41177.00,2823.00
9/26/2012,1796.96,41178.00,2824.00
9/27/2012,1756.1,41179.00,2825.00
9/28/2012,1759.85,41180.00,2826.00
10/1/2012,1760.08,41183.00,2829.00
10/2/2012,1760.08,41184.00,2830.00
10/3/2012,1731.21,41185.00,2831.00
10/4/2012,1714.08,41186.00,2832.00
10/5/2012,1694.47,41187.00,2833.00
10/8/2012,1673.6,41190.00,2836.00
10/9/2012,1687.87,41191.00,2837.00
10/10/2012,1698.12,41192.00,2838.00
10/11/2012,1690.45,41193.00,2839.00
10/12/2012,1664.89,41194.00,2840.00
10/15/2012,1654.22,41197.00,2843.00
10/16/2012,1683.66,41198.00,2844.00
10/17/2012,1693.02,41199.00,2845.00
10/18/2012,1723.48,41200.00,2846.00
10/19/2012,1731.44,41201.00,2847.00
10/22/2012,1710.57,41204.00,2850.00
10/23/2012,1680.71,41205.00,2851.00
10/24/2012,1680.71,41206.00,2852.00
10/25/2012,1714.92,41207.00,2853.00
10/26/2012,1714.92,41208.00,2854.00
10/29/2012,1782.68,41211.00,2857.00
10/30/2012,1752.17,41212.00,2858.00
10/31/2012,1759.56,41213.00,2859.00
11/1/2012,1787.64,41214.00,2860.00
11/2/2012,1821.15,41215.00,2861.00
11/5/2012,1824.29,41218.00,2864.00
11/6/2012,1811.74,41219.00,2865.00
11/7/2012,1821.52,41220.00,2866.00
11/8/2012,1799.86,41221.00,2867.00
11/9/2012,1785.96,41222.00,2868.00
11/12/2012,1752.45,41225.00,2871.00
11/13/2012,1752.45,41226.00,2872.00
11/14/2012,1752.45,41227.00,2873.00
11/15/2012,1721.8,41228.00,2874.00
11/16/2012,1699.34,41229.00,2875.00
11/19/2012,1724.47,41232.00,2878.00
11/20/2012,1705.05,41233.00,2879.00
11/21/2012,1691.52,41234.00,2880.00
11/22/2012,1687.78,41235.00,2881.00
11/23/2012,1708.32,41236.00,2882.00
11/26/2012,1715.06,41239.00,2885.00
11/27/2012,1722.41,41240.00,2886.00
11/28/2012,1722.41,41241.00,2887.00
11/29/2012,1699.66,41242.00,2888.00
11/30/2012,1709.63,41243.00,2889.00
12/3/2012,1704.53,41246.00,2892.00
12/4/2012,1694.28,41247.00,2893.00
12/5/2012,1704.81,41248.00,2894.00
12/6/2012,1708.28,41249.00,2895.00
12/7/2012,1709.21,41250.00,2896.00
12/10/2012,1724.23,41253.00,2899.00
12/11/2012,1734.53,41254.00,2900.00
12/12/2012,1768.88,41255.00,2901.00
12/13/2012,1758.16,41256.00,2902.00
12/14/2012,1744.17,41257.00,2903.00
12/17/2012,1746.04,41260.00,2906.00
12/18/2012,1763.82,41261.00,2907.00
12/19/2012,1793.54,41262.00,2908.00
12/20/2012,1788.11,41263.00,2909.00
12/21/2012,1778.56,41264.00,2910.00
12/24/2012,1765.51,41267.00,2913.00
12/25/2012,1765.51,41268.00,2914.00
12/26/2012,1754.56,41269.00,2915.00
12/27/2012,1749.74,41270.00,2916.00
12/28/2012,1774.73,41271.00,2917.00
12/31/2012,1778.85,41274.00,2920.00
1/1/2013,1775.8,41275.00,2921.00
1/2/2013,1783.29,41276.00,2922.00
1/3/2013,1767.01,41277.00,2923.00
1/4/2013,1767.01,41278.00,2924.00
1/7/2013,1775.76,41281.00,2927.00
1/8/2013,1760.59,41282.00,2928.00
1/9/2013,1729.33,41283.00,2929.00
1/10/2013,1730.32,41284.00,2930.00
1/11/2013,1721.61,41285.00,2931.00
1/14/2013,1725.12,41288.00,2934.00
1/15/2013,1726.43,41289.00,2935.00
1/16/2013,1717.07,41290.00,2936.00
1/17/2013,1702.19,41291.00,2937.00
1/18/2013,1651.09,41292.00,2938.00
1/21/2013,1658.44,41295.00,2941.00
1/22/2013,1649.64,41296.00,2942.00
1/23/2013,1668.5,41297.00,2943.00
1/24/2013,1656.89,41298.00,2944.00
1/25/2013,1651.84,41299.00,2945.00
1/28/2013,1683.15,41302.00,2948.00
1/29/2013,1694,41303.00,2949.00
1/30/2013,1681.04,41304.00,2950.00
1/31/2013,1705.37,41305.00,2951.00
2/1/2013,1694.1,41306.00,2952.00
2/4/2013,1701.35,41309.00,2955.00
2/5/2013,1676.87,41310.00,2956.00
2/6/2013,1666.16,41311.00,2957.00
2/7/2013,1643.41,41312.00,2958.00
2/8/2013,1609.11,41313.00,2959.00
2/11/2013,1595.59,41316.00,2962.00
2/12/2013,1593.11,41317.00,2963.00
2/13/2013,1585.71,41318.00,2964.00
2/14/2013,1563.44,41319.00,2965.00
2/15/2013,1572.47,41320.00,2966.00
2/18/2013,1584.87,41323.00,2969.00
2/19/2013,1565.45,41324.00,2970.00
2/20/2013,1586.56,41325.00,2971.00
2/21/2013,1580.24,41326.00,2972.00
2/22/2013,1569.9,41327.00,2973.00
2/25/2013,1597.46,41330.00,2976.00
2/26/2013,1581.97,41331.00,2977.00
2/27/2013,1565.73,41332.00,2978.00
2/28/2013,1560.63,41333.00,2979.00
3/1/2013,1541.44,41334.00,2980.00
3/4/2013,1533.82,41337.00,2983.00
3/5/2013,1540.32,41338.00,2984.00
3/6/2013,1541.54,41339.00,2985.00
3/7/2013,1603.87,41340.00,2986.00
3/8/2013,1631.48,41341.00,2987.00
3/11/2013,1588.71,41344.00,2990.00
3/12/2013,1570.41,41345.00,2991.00
3/13/2013,1566.53,41346.00,2992.00
3/14/2013,1562.18,41347.00,2993.00
3/15/2013,1576.54,41348.00,2994.00
3/18/2013,1582.2,41351.00,2997.00
3/19/2013,1540.18,41352.00,2998.00
3/20/2013,1545.38,41353.00,2999.00
3/21/2013,1519.31,41354.00,3000.00
3/22/2013,1553.28,41355.00,3001.00
3/25/2013,1514.07,41358.00,3004.00
3/26/2013,1471.16,41359.00,3005.00
3/27/2013,1471.16,41360.00,3006.00
3/28/2013,1443.22,41361.00,3007.00
3/29/2013,1443.22,41362.00,3008.00
4/1/2013,1435.03,41365.00,3011.00
4/2/2013,1434.14,41366.00,3012.00
4/3/2013,1401.71,41367.00,3013.00
4/4/2013,1359.45,41368.00,3014.00
4/5/2013,1386.5,41369.00,3015.00
4/8/2013,1385.28,41372.00,3018.00
4/9/2013,1371.24,41373.00,3019.00
4/10/2013,1370.64,41374.00,3020.00
4/11/2013,1356.18,41375.00,3021.00
4/12/2013,1362.12,41376.00,3022.00
4/15/2013,1346.44,41379.00,3025.00
4/16/2013,1393,41380.00,3026.00
4/17/2013,1395.77,41381.00,3027.00
4/18/2013,1408.59,41382.00,3028.00
4/19/2013,1408.59,41383.00,3029.00
4/22/2013,1434.14,41386.00,3032.00
4/23/2013,1472.79,41387.00,3033.00
4/24/2013,1472.79,41388.00,3034.00
4/25/2013,1514.11,41389.00,3035.00
4/26/2013,1494.55,41390.00,3036.00
4/29/2013,1543.18,41393.00,3039.00
4/30/2013,1539.1,41394.00,3040.00
5/1/2013,1539.1,41395.00,3041.00
5/2/2013,1510.46,41396.00,3042.00
5/3/2013,1508.17,41397.00,3043.00
5/6/2013,1543.74,41400.00,3046.00
5/7/2013,1597.04,41401.00,3047.00
5/8/2013,1568.96,41402.00,3048.00
5/9/2013,1568.73,41403.00,3049.00
5/10/2013,1595.73,41404.00,3050.00
5/13/2013,1571.3,41407.00,3053.00
5/14/2013,1567.23,41408.00,3054.00
5/15/2013,1594.7,41409.00,3055.00
5/16/2013,1585.43,41410.00,3056.00
5/17/2013,1576.5,41411.00,3057.00
5/20/2013,1592.69,41414.00,3060.00
5/21/2013,1575.93,41415.00,3061.00
5/22/2013,1544.63,41416.00,3062.00
5/23/2013,1545.84,41417.00,3063.00
5/24/2013,1528.72,41418.00,3064.00
5/27/2013,1548.37,41421.00,3067.00
5/28/2013,1637.89,41422.00,3068.00
5/29/2013,1674.11,41423.00,3069.00
5/30/2013,1639.25,41424.00,3070.00
5/31/2013,1625.12,41425.00,3071.00
6/3/2013,1563.49,41428.00,3074.00
6/4/2013,1563.58,41429.00,3075.00
6/5/2013,1558.81,41430.00,3076.00
6/6/2013,1540.88,41431.00,3077.00
6/7/2013,1541.4,41432.00,3078.00
6/10/2013,1537.33,41435.00,3081.00
6/11/2013,1547.11,41436.00,3082.00
6/12/2013,1507.19,41437.00,3083.00
6/13/2013,1510.61,41438.00,3084.00
6/14/2013,1502.93,41439.00,3085.00
6/17/2013,1523.01,41442.00,3088.00
6/18/2013,1532.69,41443.00,3089.00
6/19/2013,1516.83,41444.00,3090.00
6/20/2013,1499.8,41445.00,3091.00
6/21/2013,1521.79,41446.00,3092.00
6/24/2013,1477.75,41449.00,3095.00
6/25/2013,1478.13,41450.00,3096.00
6/26/2013,1532.65,41451.00,3097.00
6/27/2013,1542.85,41452.00,3098.00
6/28/2013,1556.51,41453.00,3099.00
7/1/2013,1589.79,41456.00,3102.00
7/2/2013,1573.55,41457.00,3103.00
7/3/2013,1549.73,41458.00,3104.00
7/4/2013,1550.01,41459.00,3105.00
7/5/2013,1543.27,41460.00,3106.00
7/8/2013,1547.72,41463.00,3109.00
7/9/2013,1553.38,41464.00,3110.00
7/10/2013,1546.5,41465.00,3111.00
7/11/2013,1588.76,41466.00,3112.00
7/12/2013,1605.23,41467.00,3113.00
7/15/2013,1614.49,41470.00,3116.00
7/16/2013,1583.94,41471.00,3117.00
7/17/2013,1577.38,41472.00,3118.00
7/18/2013,1620.81,41473.00,3119.00
7/19/2013,1659.33,41474.00,3120.00
7/22/2013,1675.19,41477.00,3123.00
7/23/2013,1674.96,41478.00,3124.00
7/24/2013,1642.1,41479.00,3125.00
7/25/2013,1711.04,41480.00,3126.00
7/26/2013,1745.95,41481.00,3127.00
7/29/2013,1757.65,41484.00,3130.00
7/30/2013,1732.19,41485.00,3131.00
7/31/2013,1702.85,41486.00,3132.00
8/1/2013,1698.82,41487.00,3133.00
8/2/2013,1686.37,41488.00,3134.00
8/5/2013,1735.37,41491.00,3137.00
8/6/2013,1729.8,41492.00,3138.00
8/7/2013,1717.12,41493.00,3139.00
8/8/2013,1729.57,41494.00,3140.00
8/9/2013,1729.57,41495.00,3141.00
8/12/2013,1784.37,41498.00,3144.00
8/13/2013,1818.2,41499.00,3145.00
8/14/2013,1811.93,41500.00,3146.00
8/15/2013,1811.93,41501.00,3147.00
8/16/2013,1858.17,41502.00,3148.00
8/19/2013,1798.08,41505.00,3151.00
8/20/2013,1778.7,41506.00,3152.00
8/21/2013,1750.86,41507.00,3153.00
8/22/2013,1777.3,41508.00,3154.00
8/23/2013,1777.58,41509.00,3155.00
8/26/2013,1820.63,41512.00,3158.00
8/27/2013,1779.03,41513.00,3159.00
8/28/2013,1791.57,41514.00,3160.00
8/29/2013,1846.89,41515.00,3161.00
8/30/2013,1915.4,41516.00,3162.00
9/2/2013,1894.25,41519.00,3165.00
9/3/2013,1829.04,41520.00,3166.00
9/4/2013,1858.32,41521.00,3167.00
9/5/2013,1884.36,41522.00,3168.00
9/6/2013,1861.79,41523.00,3169.00
9/9/2013,1861.79,41526.00,3172.00
9/10/2013,1999.53,41527.00,3173.00
9/11/2013,2016.21,41528.00,3174.00
9/12/2013,1938.81,41529.00,3175.00
9/13/2013,1978.93,41530.00,3176.00
9/16/2013,2023.93,41533.00,3179.00
9/17/2013,1999.62,41534.00,3180.00
9/18/2013,1942.28,41535.00,3181.00
9/19/2013,1967.21,41536.00,3182.00
9/20/2013,1911.37,41537.00,3183.00
9/23/2013,1928.29,41540.00,3186.00
9/24/2013,1931.86,41541.00,3187.00
9/25/2013,1963.89,41542.00,3188.00
9/26/2013,1948.16,41543.00,3189.00
9/27/2013,1975.41,41544.00,3190.00
9/30/2013,1937.99,41547.00,3193.00
10/1/2013,1928.2,41548.00,3194.00
10/2/2013,1928.2,41549.00,3195.00
10/3/2013,1958.48,41550.00,3196.00
10/4/2013,1961.09,41551.00,3197.00
10/7/2013,1968.42,41554.00,3200.00
10/8/2013,1948.89,41555.00,3201.00
10/9/2013,1987.9,41556.00,3202.00
10/10/2013,1976.23,41557.00,3203.00
10/11/2013,2005.07,41558.00,3204.00
10/14/2013,2022.72,41561.00,3207.00
10/15/2013,1978.31,41562.00,3208.00
10/16/2013,1978.31,41563.00,3209.00
10/17/2013,1999.53,41564.00,3210.00
10/18/2013,2022.72,41565.00,3211.00
10/21/2013,2025.33,41568.00,3214.00
10/22/2013,1993.59,41569.00,3215.00
10/23/2013,2010.91,41570.00,3216.00
10/24/2013,2008.59,41571.00,3217.00
10/25/2013,1963.21,41572.00,3218.00
10/28/2013,1931.53,41575.00,3221.00
10/29/2013,1988.82,41576.00,3222.00
10/30/2013,2001.5,41577.00,3223.00
10/31/2013,2004.69,41578.00,3224.00
11/1/2013,2027.06,41579.00,3225.00
11/4/2013,2027.06,41582.00,3228.00
11/5/2013,2019.01,41583.00,3229.00
11/6/2013,2032.27,41584.00,3230.00
11/7/2013,2037.77,41585.00,3231.00
11/8/2013,2018.29,41586.00,3232.00
11/11/2013,1981.44,41589.00,3235.00
11/12/2013,1963.74,41590.00,3236.00
11/13/2013,1930.61,41591.00,3237.00
11/14/2013,1976.38,41592.00,3238.00
11/15/2013,1976.38,41593.00,3239.00
11/18/2013,1982.26,41596.00,3242.00
11/19/2013,1986.79,41597.00,3243.00
11/20/2013,1941.12,41598.00,3244.00
11/21/2013,1925.93,41599.00,3245.00
11/22/2013,1905.58,41600.00,3246.00
11/25/2013,1954.48,41603.00,3249.00
11/26/2013,1973.39,41604.00,3250.00
11/27/2013,1979.13,41605.00,3251.00
11/28/2013,1986.21,41606.00,3252.00
11/29/2013,1980.14,41607.00,3253.00
12/2/2013,1990.6,41610.00,3256.00
12/3/2013,1977.68,41611.00,3257.00
12/4/2013,1959.64,41612.00,3258.00
12/5/2013,1977.78,41613.00,3259.00
12/6/2013,2020.79,41614.00,3260.00
12/9/2013,2047.9,41617.00,3263.00
12/10/2013,2122.02,41618.00,3264.00
12/11/2013,2086.04,41619.00,3265.00
12/12/2013,2049.05,41620.00,3266.00
12/13/2013,1987.85,41621.00,3267.00
12/16/2013,1970.93,41624.00,3270.00
12/17/2013,1982.02,41625.00,3271.00
12/18/2013,2048.67,41626.00,3272.00
12/19/2013,2009.6,41627.00,3273.00
12/20/2013,2053.73,41628.00,3274.00
12/23/2013,2086.19,41631.00,3277.00
12/24/2013,2055.13,41632.00,3278.00
12/25/2013,2055.13,41633.00,3279.00
12/26/2013,2023.59,41634.00,3280.00
12/27/2013,2013.17,41635.00,3281.00
12/30/2013,1994.9,41638.00,3284.00
12/31/2013,2001.7,41639.00,3285.00
1/1/2014,2011.87,41640.00,3286.00
1/2/2014,2006.76,41641.00,3287.00
1/3/2014,2026.53,41642.00,3288.00
1/6/2014,1995.52,41645.00,3291.00
1/7/2014,1995.62,41646.00,3292.00
1/8/2014,1991.42,41647.00,3293.00
1/9/2014,1994.94,41648.00,3294.00
1/10/2014,1966.78,41649.00,3295.00
1/13/2014,1964.75,41652.00,3298.00
1/14/2014,1964.95,41653.00,3299.00
1/15/2014,1999.96,41654.00,3300.00
1/16/2014,2003,41655.00,3301.00
1/17/2014,2002.13,41656.00,3302.00
1/20/2014,2012.02,41659.00,3305.00
1/21/2014,1994.7,41660.00,3306.00
1/22/2014,1986.84,41661.00,3307.00
1/23/2014,1980.77,41662.00,3308.00
1/24/2014,1964.42,41663.00,3309.00
1/27/2014,1945.22,41666.00,3312.00
1/28/2014,1941.75,41667.00,3313.00
1/29/2014,1998.03,41668.00,3314.00
1/30/2014,1927.23,41669.00,3315.00
1/31/2014,1899.36,41670.00,3316.00
2/3/2014,1892.41,41673.00,3319.00
2/4/2014,1915.66,41674.00,3320.00
2/5/2014,1917.68,41675.00,3321.00
2/6/2014,1913.83,41676.00,3322.00
2/7/2014,1934.37,41677.00,3323.00
2/10/2014,1928.83,41680.00,3326.00
2/11/2014,1892.22,41681.00,3327.00
2/12/2014,1904.81,41682.00,3328.00
2/13/2014,1897.72,41683.00,3329.00
2/14/2014,1868.59,41684.00,3330.00
2/17/2014,1902.78,41687.00,3333.00
2/18/2014,1909.2,41688.00,3334.00
2/19/2014,1875.29,41689.00,3335.00
2/20/2014,1857.64,41690.00,3336.00
2/21/2014,1851.08,41691.00,3337.00
2/24/2014,1880.36,41694.00,3340.00
2/25/2014,1880.89,41695.00,3341.00
2/26/2014,1905.15,41696.00,3342.00
2/27/2014,1905.15,41697.00,3343.00
2/28/2014,1897.38,41698.00,3344.00
3/3/2014,1886.96,41701.00,3347.00
3/4/2014,1906.79,41702.00,3348.00
3/5/2014,1904.28,41703.00,3349.00
3/6/2014,1940.54,41704.00,3350.00
3/7/2014,1937.7,41705.00,3351.00
3/10/2014,1944.45,41708.00,3354.00
3/11/2014,1947.83,41709.00,3355.00
3/12/2014,1988.48,41710.00,3356.00
3/13/2014,2025.95,41711.00,3357.00
3/14/2014,2049.01,41712.00,3358.00
3/17/2014,2049.01,41715.00,3361.00
3/18/2014,2056.43,41716.00,3362.00
3/19/2014,2038.88,41717.00,3363.00
3/20/2014,2029.96,41718.00,3364.00
3/21/2014,1994.8,41719.00,3365.00
3/24/2014,2044.81,41722.00,3368.00
3/25/2014,2112.52,41723.00,3369.00
3/26/2014,2103.36,41724.00,3370.00
3/27/2014,2170.49,41725.00,3371.00
3/28/2014,2173.33,41726.00,3372.00
3/31/2014,2194.12,41729.00,3375.00
4/1/2014,2170.2,41730.00,3376.00
4/2/2014,2170.15,41731.00,3377.00
4/3/2014,2170.78,41732.00,3378.00
4/4/2014,2171.07,41733.00,3379.00
4/7/2014,2159.93,41736.00,3382.00
4/8/2014,2159.93,41737.00,3383.00
4/9/2014,2164.7,41738.00,3384.00
4/10/2014,2129.16,41739.00,3385.00
4/11/2014,2096.94,41740.00,3386.00
4/14/2014,2096.94,41743.00,3389.00
4/15/2014,2141.6,41744.00,3390.00
4/16/2014,2091.49,41745.00,3391.00
4/17/2014,2140.15,41746.00,3392.00
4/18/2014,2140.15,41747.00,3393.00
4/21/2014,2165.43,41750.00,3396.00
4/22/2014,2186.11,41751.00,3397.00
4/23/2014,2176.13,41752.00,3398.00
4/24/2014,2176.13,41753.00,3399.00
4/25/2014,2122.12,41754.00,3400.00
4/28/2014,2084.45,41757.00,3403.00
4/29/2014,2069.12,41758.00,3404.00
4/30/2014,2122.31,41759.00,3405.00
5/1/2014,2122.31,41760.00,3406.00
5/2/2014,2120.67,41761.00,3407.00
5/5/2014,2129.79,41764.00,3410.00
5/6/2014,2104.85,41765.00,3411.00
5/7/2014,2081.7,41766.00,3412.00
5/8/2014,2054.84,41767.00,3413.00
5/9/2014,2138.76,41768.00,3414.00
5/12/2014,2221.13,41771.00,3417.00
5/13/2014,2342.85,41772.00,3418.00
5/14/2014,2344.78,41773.00,3419.00
5/15/2014,2354.23,41774.00,3420.00
5/16/2014,2312.61,41775.00,3421.00
5/19/2014,2361.56,41778.00,3424.00
5/20/2014,2278.71,41779.00,3425.00
5/21/2014,2257.73,41780.00,3426.00
5/22/2014,2228.36,41781.00,3427.00
5/23/2014,2265.88,41782.00,3428.00
5/26/2014,2218.86,41785.00,3431.00
5/27/2014,2232.12,41786.00,3432.00
5/28/2014,2264.58,41787.00,3433.00
5/29/2014,2261.44,41788.00,3434.00
5/30/2014,2262.65,41789.00,3435.00
6/2/2014,2300.75,41792.00,3438.00
6/3/2014,2374.39,41793.00,3439.00
6/4/2014,2451.36,41794.00,3440.00
6/5/2014,2490.62,41795.00,3441.00
6/6/2014,2587.6,41796.00,3442.00
6/9/2014,2628.59,41799.00,3445.00
6/10/2014,2571.25,41800.00,3446.00
6/11/2014,2609.11,41801.00,3447.00
6/12/2014,2621.26,41802.00,3448.00
6/13/2014,2500.12,41803.00,3449.00
6/16/2014,2518.73,41806.00,3452.00
6/17/2014,2499.59,41807.00,3453.00
6/18/2014,2454.16,41808.00,3454.00
6/19/2014,2449.62,41809.00,3455.00
6/20/2014,2431.59,41810.00,3456.00
6/23/2014,2491.82,41813.00,3459.00
6/24/2014,2522.5,41814.00,3460.00
6/25/2014,2549.07,41815.00,3461.00
6/26/2014,2553.02,41816.00,3462.00
6/27/2014,2529.87,41817.00,3463.00
6/30/2014,2541.21,41820.00,3466.00
7/1/2014,2549.65,41821.00,3467.00
7/2/2014,2584.76,41822.00,3468.00
7/3/2014,2558.66,41823.00,3469.00
7/4/2014,2554.26,41824.00,3470.00
7/7/2014,2585.79,41827.00,3473.00
7/8/2014,2549.66,41828.00,3474.00
7/9/2014,2508.74,41829.00,3475.00
7/10/2014,2411.07,41830.00,3476.00
7/11/2014,2405.19,41831.00,3477.00
7/14/2014,2414.14,41834.00,3480.00
7/15/2014,2379.69,41835.00,3481.00
7/16/2014,2404.8,41836.00,3482.00
7/17/2014,2417.45,41837.00,3483.00
7/18/2014,2475.72,41838.00,3484.00
7/21/2014,2487.49,41841.00,3487.00
7/22/2014,2491.39,41842.00,3488.00
7/23/2014,2532.46,41843.00,3489.00
7/24/2014,2509.04,41844.00,3490.00
7/25/2014,2545.12,41845.00,3491.00
7/28/2014,2508.94,41848.00,3494.00
7/29/2014,2508.94,41849.00,3495.00
7/30/2014,2572.45,41850.00,3496.00
7/31/2014,2567.31,41851.00,3497.00
8/1/2014,2566.72,41852.00,3498.00
8/4/2014,2571.02,41855.00,3501.00
8/5/2014,2553.62,41856.00,3502.00
8/6/2014,2568.4,41857.00,3503.00
8/7/2014,2580.95,41858.00,3504.00
8/8/2014,2591.75,41859.00,3505.00
8/11/2014,2604.95,41862.00,3508.00
8/12/2014,2597.2,41863.00,3509.00
8/13/2014,2578.7,41864.00,3510.00
8/14/2014,2510.55,41865.00,3511.00
8/15/2014,2510.55,41866.00,3512.00
8/18/2014,2511.45,41869.00,3515.00
8/19/2014,2542.65,41870.00,3516.00
8/20/2014,2537.1,41871.00,3517.00
8/21/2014,2557.85,41872.00,3518.00
8/22/2014,2536.45,41873.00,3519.00
8/25/2014,2569.5,41876.00,3522.00
8/26/2014,2564.7,41877.00,3523.00
8/27/2014,2600,41878.00,3524.00
8/28/2014,2604.8,41879.00,3525.00
8/29/2014,2604.8,41880.00,3526.00
9/1/2014,2755.45,41883.00,3529.00
9/2/2014,2792.9,41884.00,3530.00
9/3/2014,2766,41885.00,3531.00
9/4/2014,2824.6,41886.00,3532.00
9/5/2014,2761.8,41887.00,3533.00
9/8/2014,2781.05,41890.00,3536.00
9/9/2014,2749.6,41891.00,3537.00
9/10/2014,2682.8,41892.00,3538.00
9/11/2014,2720.3,41893.00,3539.00
9/12/2014,2758.55,41894.00,3540.00
9/15/2014,2799.65,41897.00,3543.00
9/16/2014,2790.5,41898.00,3544.00
9/17/2014,2828.7,41899.00,3545.00
9/18/2014,2992.65,41900.00,3546.00
9/19/2014,2951.4,41901.00,3547.00
9/22/2014,2997.85,41904.00,3550.00
9/23/2014,2978.2,41905.00,3551.00
9/24/2014,2943.25,41906.00,3552.00
9/25/2014,2932.95,41907.00,3553.00
9/26/2014,2896.9,41908.00,3554.00
9/29/2014,2860.5,41911.00,3557.00
9/30/2014,2839.55,41912.00,3558.00
10/1/2014,2874.95,41913.00,3559.00
10/2/2014,2874.95,41914.00,3560.00
10/3/2014,2874.95,41915.00,3561.00
10/6/2014,2874.95,41918.00,3564.00
10/7/2014,2808.15,41919.00,3565.00
10/8/2014,2799.05,41920.00,3566.00
10/9/2014,2818.95,41921.00,3567.00
10/10/2014,2841,41922.00,3568.00
10/13/2014,2874.85,41925.00,3571.00
10/14/2014,2852.45,41926.00,3572.00
10/15/2014,2852.45,41927.00,3573.00
10/16/2014,2798.95,41928.00,3574.00
10/17/2014,2873.9,41929.00,3575.00
10/20/2014,2937.7,41932.00,3578.00
10/21/2014,2995.85,41933.00,3579.00
10/22/2014,3115.5,41934.00,3580.00
10/23/2014,3115.5,41935.00,3581.00
10/24/2014,3115.5,41936.00,3582.00
