1/3/2005,151.66,38355,1
1/4/2005,150.58,38356,2
1/5/2005,145.19,38357,3
1/6/2005,139.55,38358,4
1/7/2005,141.52,38359,5
1/10/2005,135.34,38362,8
1/11/2005,135.71,38363,9
1/12/2005,135.01,38364,10
1/13/2005,136.56,38365,11
1/14/2005,132.66,38366,12
1/17/2005,131.03,38369,15
1/18/2005,134.91,38370,16
1/19/2005,134.19,38371,17
1/20/2005,136.62,38372,18
1/21/2005,136.62,38373,19
1/24/2005,139,38376,22
1/25/2005,140.3,38377,23
1/26/2005,140.3,38378,24
1/27/2005,139.98,38379,25
1/28/2005,141.85,38380,26
1/31/2005,143.36,38383,29
2/1/2005,144.41,38384,30
2/2/2005,146.59,38385,31
2/3/2005,147.87,38386,32
2/4/2005,150.56,38387,33
2/7/2005,147.54,38390,36
2/8/2005,148.37,38391,37
2/9/2005,149.35,38392,38
2/10/2005,149.78,38393,39
2/11/2005,152.23,38394,40
2/14/2005,155.26,38397,43
2/15/2005,152.17,38398,44
2/16/2005,151.97,38399,45
2/17/2005,148.74,38400,46
2/18/2005,149,38401,47
2/21/2005,147.53,38404,50
2/22/2005,145.77,38405,51
2/23/2005,144.45,38406,52
2/24/2005,141.41,38407,53
2/25/2005,143.12,38408,54
2/28/2005,146.83,38411,57
3/1/2005,142.93,38412,58
3/2/2005,144.16,38413,59
3/3/2005,146.27,38414,60
3/4/2005,149.74,38415,61
3/7/2005,151.73,38418,64
3/8/2005,154.7,38419,65
3/9/2005,154.83,38420,66
3/10/2005,157.5,38421,67
3/11/2005,156.43,38422,68
3/14/2005,160.71,38425,71
3/15/2005,158.99,38426,72
3/16/2005,159.15,38427,73
3/17/2005,158.37,38428,74
3/18/2005,158.34,38429,75
3/21/2005,155.85,38432,78
3/22/2005,152.92,38433,79
3/23/2005,151.01,38434,80
3/24/2005,151.56,38435,81
3/25/2005,151.56,38436,82
3/28/2005,152.57,38439,85
3/29/2005,149.26,38440,86
3/30/2005,154.74,38441,87
3/31/2005,161.51,38442,88
4/1/2005,166.3,38443,89
4/4/2005,163.72,38446,92
4/5/2005,165.95,38447,93
4/6/2005,164.74,38448,94
4/7/2005,163.83,38449,95
4/8/2005,160.68,38450,96
4/11/2005,159.93,38453,99
4/12/2005,160.49,38454,100
4/13/2005,163.09,38455,101
4/14/2005,163.09,38456,102
4/15/2005,156.42,38457,103
4/18/2005,155.2,38460,106
4/19/2005,148.67,38461,107
4/20/2005,149.35,38462,108
4/21/2005,151.86,38463,109
4/22/2005,160.45,38464,110
4/25/2005,155.52,38467,113
4/26/2005,150.62,38468,114
4/27/2005,147.85,38469,115
4/28/2005,150.26,38470,116
4/29/2005,145.19,38471,117
5/2/2005,146.7,38474,120
5/3/2005,147.54,38475,121
5/4/2005,147.93,38476,122
5/5/2005,148.35,38477,123
5/6/2005,150.54,38478,124
5/9/2005,152.79,38481,127
5/10/2005,154.96,38482,128
5/11/2005,150.39,38483,129
5/12/2005,154.07,38484,130
5/13/2005,153.38,38485,131
5/16/2005,150.78,38488,134
5/17/2005,148.93,38489,135
5/18/2005,146.59,38490,136
5/19/2005,148.05,38491,137
5/20/2005,148.87,38492,138
5/23/2005,151.92,38495,141
5/24/2005,153.22,38496,142
5/25/2005,158.08,38497,143
5/26/2005,163.07,38498,144
5/27/2005,159.15,38499,145
5/30/2005,155.63,38502,148
5/31/2005,159.68,38503,149
6/1/2005,156.15,38504,150
6/2/2005,157.56,38505,151
6/3/2005,158.76,38506,152
6/6/2005,160.55,38509,155
6/7/2005,159.58,38510,156
6/8/2005,162.11,38511,157
6/9/2005,160.49,38512,158
6/10/2005,160.27,38513,159
6/13/2005,161.64,38516,162
6/14/2005,163.53,38517,163
6/15/2005,164.06,38518,164
6/16/2005,163.92,38519,165
6/17/2005,163.74,38520,166
6/20/2005,169.9,38523,169
6/21/2005,172.59,38524,170
6/22/2005,170.33,38525,171
6/23/2005,167.99,38526,172
6/24/2005,171.35,38527,173
6/27/2005,168.95,38530,176
6/28/2005,165.1,38531,177
6/29/2005,165.22,38532,178
6/30/2005,168.88,38533,179
7/1/2005,169.64,38534,180
7/4/2005,170.05,38537,183
7/5/2005,164.97,38538,184
7/6/2005,166.84,38539,185
7/7/2005,165.19,38540,186
7/8/2005,166.79,38541,187
7/11/2005,166.6,38544,190
7/12/2005,166.14,38545,191
7/13/2005,164.11,38546,192
7/14/2005,160.38,38547,193
7/15/2005,163.24,38548,194
7/18/2005,167.21,38551,197
7/19/2005,167.84,38552,198
7/20/2005,168.96,38553,199
7/21/2005,170.2,38554,200
7/22/2005,170.78,38555,201
7/25/2005,169.14,38558,204
7/26/2005,172.43,38559,205
7/27/2005,173.25,38560,206
7/28/2005,173.25,38561,207
7/29/2005,174.99,38562,208
8/1/2005,173.71,38565,211
8/2/2005,186.13,38566,212
8/3/2005,193.4,38567,213
8/4/2005,194.79,38568,214
8/5/2005,187.3,38569,215
8/8/2005,186.5,38572,218
8/9/2005,184.34,38573,219
8/10/2005,187.39,38574,220
8/11/2005,186.78,38575,221
8/12/2005,186.42,38576,222
8/15/2005,186.42,38579,225
8/16/2005,195.35,38580,226
8/17/2005,195.58,38581,227
8/18/2005,190.73,38582,228
8/19/2005,190.19,38583,229
8/22/2005,193.96,38586,232
8/23/2005,190.06,38587,233
8/24/2005,184.77,38588,234
8/25/2005,185.83,38589,235
8/26/2005,190.16,38590,236
8/29/2005,184.4,38593,239
8/30/2005,195.91,38594,240
8/31/2005,197.93,38595,241
9/1/2005,198.23,38596,242
9/2/2005,195.32,38597,243
9/5/2005,192.94,38600,246
9/6/2005,191.1,38601,247
9/7/2005,191.1,38602,248
9/8/2005,191.53,38603,249
9/9/2005,190.51,38604,250
9/12/2005,193.18,38607,253
9/13/2005,196.8,38608,254
9/14/2005,196.36,38609,255
9/15/2005,202.26,38610,256
9/16/2005,198.69,38611,257
9/19/2005,198.19,38614,260
9/20/2005,207.25,38615,261
9/21/2005,203.54,38616,262
9/22/2005,199.56,38617,263
9/23/2005,193.83,38618,264
9/26/2005,201.29,38621,267
9/27/2005,201.31,38622,268
9/28/2005,198.08,38623,269
9/29/2005,196.58,38624,270
9/30/2005,197.39,38625,271
10/3/2005,203.85,38628,274
10/4/2005,213.53,38629,275
10/5/2005,210.11,38630,276
10/6/2005,199.51,38631,277
10/7/2005,196.71,38632,278
10/10/2005,199.38,38635,281
10/11/2005,202.95,38636,282
10/12/2005,202.95,38637,283
10/13/2005,196.26,38638,284
10/14/2005,195.19,38639,285
10/17/2005,192.46,38642,288
10/18/2005,198.12,38643,289
10/19/2005,199.34,38644,290
10/20/2005,199.64,38645,291
10/21/2005,196.82,38646,292
10/24/2005,195.52,38649,295
10/25/2005,205.24,38650,296
10/26/2005,197.26,38651,297
10/27/2005,182.47,38652,298
10/28/2005,181.61,38653,299
10/31/2005,181.75,38656,302
11/1/2005,183.01,38657,303
11/2/2005,189.54,38658,304
11/3/2005,189.54,38659,305
11/4/2005,189.54,38660,306
11/7/2005,192.1,38663,309
11/8/2005,200.86,38664,310
11/9/2005,198.23,38665,311
11/10/2005,200.73,38666,312
11/11/2005,207.64,38667,313
11/14/2005,203.63,38670,316
11/16/2005,214.99,38672,318
11/17/2005,214.9,38673,319
11/18/2005,211.35,38674,320
11/21/2005,216.51,38677,323
11/22/2005,214.95,38678,324
11/23/2005,218.46,38679,325
11/24/2005,211.7,38680,326
11/25/2005,221.12,38681,327
11/28/2005,218.95,38684,330
11/29/2005,222.68,38685,331
11/30/2005,220.51,38686,332
12/1/2005,222.53,38687,333
12/2/2005,228.06,38688,334
12/5/2005,227.58,38691,337
12/6/2005,228.21,38692,338
12/7/2005,228.06,38693,339
12/8/2005,225.54,38694,340
12/9/2005,227.48,38695,341
12/12/2005,228.6,38698,344
12/13/2005,232.59,38699,345
12/14/2005,235.95,38700,346
12/15/2005,234.91,38701,347
12/16/2005,234.2,38702,348
12/19/2005,238.66,38705,351
12/20/2005,234.3,38706,352
12/21/2005,232.09,38707,353
12/22/2005,231.81,38708,354
12/23/2005,227.91,38709,355
12/26/2005,225.53,38712,358
12/27/2005,226.37,38713,359
12/28/2005,227.09,38714,360
12/29/2005,229.75,38715,361
12/30/2005,233.74,38716,362
1/2/2006,233.63,38719,365
1/3/2006,238.32,38720,366
1/4/2006,239.46,38721,367
1/5/2006,244,38722,368
1/6/2006,254.23,38723,369
1/9/2006,254.01,38726,372
1/10/2006,252.45,38727,373
1/11/2006,252.45,38728,374
1/12/2006,255.53,38729,375
1/13/2006,257.58,38730,376
1/16/2006,253.77,38733,379
1/17/2006,251.58,38734,380
1/18/2006,249.65,38735,381
1/19/2006,255.29,38736,382
1/20/2006,262.34,38737,383
1/23/2006,254.55,38740,386
1/24/2006,258.26,38741,387
1/25/2006,265.07,38742,388
1/26/2006,265.07,38743,389
1/27/2006,270.62,38744,390
1/30/2006,267.21,38747,393
1/31/2006,271.59,38748,394
2/1/2006,264.37,38749,395
2/2/2006,260.26,38750,396
2/3/2006,258.63,38751,397
2/6/2006,260.14,38754,400
2/7/2006,264,38755,401
2/8/2006,266.85,38756,402
2/9/2006,266.85,38757,403
2/10/2006,268.68,38758,404
2/13/2006,270.68,38761,407
2/14/2006,265.15,38762,408
2/15/2006,263.78,38763,409
2/16/2006,265.22,38764,410
2/17/2006,264.55,38765,411
2/20/2006,261.34,38768,414
2/21/2006,263.94,38769,415
2/22/2006,267.12,38770,416
2/23/2006,265.72,38771,417
2/24/2006,264.56,38772,418
2/27/2006,266.21,38775,421
2/28/2006,264.46,38776,422
3/1/2006,271.42,38777,423
3/2/2006,269.27,38778,424
3/3/2006,268.8,38779,425
3/6/2006,275.14,38782,428
3/7/2006,270.94,38783,429
3/8/2006,262.77,38784,430
3/9/2006,260.52,38785,431
3/10/2006,264.33,38786,432
3/13/2006,263.85,38789,435
3/14/2006,264.2,38790,436
3/15/2006,264.2,38791,437
3/16/2006,261.01,38792,438
3/17/2006,262.34,38793,439
3/20/2006,271.29,38796,442
3/21/2006,268.6,38797,443
3/22/2006,266.47,38798,444
3/23/2006,263.26,38799,445
3/24/2006,267.6,38800,446
3/27/2006,262.66,38803,449
3/28/2006,264.43,38804,450
3/29/2006,269.55,38805,451
3/30/2006,289.3,38806,452
3/31/2006,283.64,38807,453
4/3/2006,287.09,38810,456
4/4/2006,283.06,38811,457
4/5/2006,277.81,38812,458
4/6/2006,277.81,38813,459
4/7/2006,267.58,38814,460
4/10/2006,261.86,38817,463
4/11/2006,261.86,38818,464
4/12/2006,256.28,38819,465
4/13/2006,253.97,38820,466
4/14/2006,253.97,38821,467
4/17/2006,274.67,38824,470
4/18/2006,282.15,38825,471
4/19/2006,261.38,38826,472
4/20/2006,266.02,38827,473
4/21/2006,268.54,38828,474
4/24/2006,267.19,38831,477
4/25/2006,257.7,38832,478
4/26/2006,257.57,38833,479
4/27/2006,249.65,38834,480
4/28/2006,249.82,38835,481
5/2/2006,247.22,38839,485
5/3/2006,251.43,38840,486
5/4/2006,255.81,38841,487
5/5/2006,253.77,38842,488
5/8/2006,256.67,38845,491
5/9/2006,256.48,38846,492
5/10/2006,260.91,38847,493
5/11/2006,249.09,38848,494
5/12/2006,249.2,38849,495
5/15/2006,239.24,38852,498
5/16/2006,235.41,38853,499
5/17/2006,237.51,38854,500
5/18/2006,228.86,38855,501
5/19/2006,217.51,38856,502
5/22/2006,212.95,38859,505
5/23/2006,226.52,38860,506
5/24/2006,223.9,38861,507
5/25/2006,221.54,38862,508
5/26/2006,220.43,38863,509
5/29/2006,221.28,38866,512
5/30/2006,226.91,38867,513
5/31/2006,218.61,38868,514
6/1/2006,217.42,38869,515
6/2/2006,220.56,38870,516
6/5/2006,213.84,38873,519
6/6/2006,201.46,38874,520
6/7/2006,192.29,38875,521
6/8/2006,178.66,38876,522
6/9/2006,192.55,38877,523
6/12/2006,187.89,38880,526
6/13/2006,180.13,38881,527
6/14/2006,176.38,38882,528
6/15/2006,185.26,38883,529
6/16/2006,189.41,38884,530
6/19/2006,188,38887,533
6/20/2006,188.95,38888,534
6/21/2006,205.58,38889,535
6/22/2006,202.91,38890,536
6/23/2006,206.12,38891,537
6/26/2006,203.5,38894,540
6/27/2006,205.71,38895,541
6/28/2006,205.47,38896,542
6/29/2006,213.62,38897,543
6/30/2006,218.81,38898,544
7/3/2006,220.51,38901,547
7/4/2006,214.38,38902,548
7/5/2006,220.21,38903,549
7/6/2006,218.94,38904,550
7/7/2006,211.78,38905,551
7/10/2006,224.68,38908,554
7/11/2006,221.1,38909,555
7/12/2006,240.74,38910,556
7/13/2006,235.15,38911,557
7/14/2006,241.72,38912,558
7/17/2006,238.12,38915,561
7/18/2006,237.34,38916,562
7/19/2006,234.37,38917,563
7/20/2006,239.01,38918,564
7/21/2006,223.07,38919,565
7/24/2006,222.47,38922,568
7/25/2006,230.62,38923,569
7/26/2006,235.5,38924,570
7/27/2006,233.59,38925,571
7/28/2006,229.19,38926,572
7/31/2006,225.4,38929,575
8/1/2006,223.77,38930,576
8/2/2006,232.33,38931,577
8/3/2006,235.39,38932,578
8/4/2006,237.94,38933,579
8/7/2006,236.38,38936,582
8/8/2006,238.79,38937,583
8/9/2006,243.95,38938,584
8/10/2006,253.68,38939,585
8/11/2006,253.68,38940,586
8/14/2006,255.81,38943,589
8/15/2006,255.81,38944,590
8/16/2006,252.21,38945,591
8/17/2006,255.85,38946,592
8/18/2006,249.17,38947,593
8/21/2006,253.25,38950,596
8/22/2006,251.45,38951,597
8/23/2006,245.47,38952,598
8/24/2006,248.07,38953,599
8/25/2006,249.16,38954,600
8/28/2006,249.87,38957,603
8/29/2006,251.73,38958,604
8/30/2006,250.98,38959,605
8/31/2006,252.16,38960,606
9/1/2006,251.19,38961,607
9/4/2006,254.06,38964,610
9/5/2006,253.36,38965,611
9/6/2006,250.72,38966,612
9/7/2006,245.95,38967,613
9/8/2006,244.06,38968,614
9/11/2006,239.18,38971,617
9/12/2006,246.49,38972,618
9/13/2006,245.73,38973,619
9/14/2006,244.04,38974,620
9/15/2006,244.99,38975,621
9/18/2006,243.49,38978,624
9/19/2006,241.09,38979,625
9/20/2006,240.76,38980,626
9/21/2006,242.61,38981,627
9/22/2006,242.13,38982,628
9/25/2006,241.02,38985,631
9/26/2006,241.67,38986,632
9/27/2006,240.66,38987,633
9/28/2006,238.06,38988,634
9/29/2006,238.55,38989,635
10/2/2006,238.55,38992,638
10/3/2006,239.89,38993,639
10/4/2006,238.97,38994,640
10/5/2006,238.75,38995,641
10/6/2006,239.33,38996,642
10/9/2006,238.45,38999,645
10/10/2006,239.05,39000,646
10/11/2006,241.46,39001,647
10/12/2006,252.34,39002,648
10/13/2006,253.93,39003,649
10/16/2006,253.51,39006,652
10/17/2006,263.09,39007,653
10/18/2006,263.68,39008,654
10/19/2006,260.62,39009,655
10/20/2006,259.74,39010,656
10/23/2006,265.09,39013,659
10/24/2006,265.09,39014,660
10/25/2006,265.09,39015,661
10/26/2006,267.84,39016,662
10/27/2006,275.36,39017,663
10/30/2006,276.73,39020,666
10/31/2006,269.84,39021,667
11/1/2006,266.99,39022,668
11/2/2006,267.11,39023,669
11/3/2006,261.66,39024,670
11/6/2006,264.98,39027,673
11/7/2006,260.32,39028,674
11/8/2006,261.53,39029,675
11/9/2006,260.88,39030,676
11/10/2006,270.18,39031,677
11/13/2006,271.55,39034,680
11/14/2006,273.11,39035,681
11/15/2006,273.02,39036,682
11/16/2006,273.96,39037,683
11/17/2006,269.75,39038,684
11/20/2006,272.83,39041,687
11/21/2006,278.42,39042,688
11/22/2006,279.91,39043,689
11/23/2006,272.93,39044,690
11/24/2006,273.28,39045,691
11/27/2006,278.81,39048,694
11/28/2006,268.73,39049,695
11/29/2006,271.61,39050,696
11/30/2006,273.37,39051,697
12/1/2006,274.22,39052,698
12/4/2006,269.55,39055,701
12/5/2006,275.32,39056,702
12/6/2006,277.51,39057,703
12/7/2006,273.93,39058,704
12/8/2006,270.42,39059,705
12/11/2006,262.29,39062,708
12/12/2006,254.98,39063,709
12/13/2006,254.1,39064,710
12/14/2006,270.88,39065,711
12/15/2006,269.77,39066,712
12/18/2006,271.92,39069,715
12/19/2006,261.21,39070,716
12/20/2006,259.75,39071,717
12/21/2006,262.22,39072,718
12/22/2006,262.18,39073,719
12/25/2006,262.18,39076,722
12/26/2006,267.43,39077,723
12/27/2006,269.68,39078,724
12/28/2006,274.04,39079,725
12/29/2006,278.14,39080,726
1/1/2007,278.14,39083,729
1/2/2007,277.16,39084,730
1/3/2007,274.09,39085,731
1/4/2007,269.03,39086,732
1/5/2007,267.41,39087,733
1/8/2007,260.62,39090,736
1/9/2007,260.17,39091,737
1/10/2007,255.36,39092,738
1/11/2007,264,39093,739
1/12/2007,273.96,39094,740
1/15/2007,272.92,39097,743
1/16/2007,277.23,39098,744
1/17/2007,280.11,39099,745
1/18/2007,283.82,39100,746
1/19/2007,286.44,39101,747
1/22/2007,287.67,39104,750
1/23/2007,286.1,39105,751
1/24/2007,286.53,39106,752
1/25/2007,288.26,39107,753
1/26/2007,288.26,39108,754
1/29/2007,286.72,39111,757
1/30/2007,286.72,39112,758
1/31/2007,281.17,39113,759
2/1/2007,282.28,39114,760
2/2/2007,283.69,39115,761
2/5/2007,282.34,39118,764
2/6/2007,284.67,39119,765
2/7/2007,289.71,39120,766
2/8/2007,287.22,39121,767
2/9/2007,286.07,39122,768
2/12/2007,278.57,39125,771
2/13/2007,282.76,39126,772
2/14/2007,287.15,39127,773
2/15/2007,292.64,39128,774
2/16/2007,292.64,39129,775
2/19/2007,300.2,39132,778
2/20/2007,300.72,39133,779
2/21/2007,302.63,39134,780
2/22/2007,295.31,39135,781
2/23/2007,286.53,39136,782
2/26/2007,288.93,39139,785
2/27/2007,287.79,39140,786
2/28/2007,260.52,39141,787
3/1/2007,274.3,39142,788
3/2/2007,274,39143,789
3/5/2007,263.7,39146,792
3/6/2007,271.24,39147,793
3/7/2007,268.84,39148,794
3/8/2007,273.65,39149,795
3/9/2007,270.83,39150,796
3/12/2007,277.44,39153,799
3/13/2007,277.99,39154,800
3/14/2007,273.41,39155,801
3/15/2007,268.64,39156,802
3/16/2007,259.19,39157,803
3/19/2007,263.05,39160,806
3/20/2007,261.53,39161,807
3/21/2007,257.58,39162,808
3/22/2007,256.76,39163,809
3/23/2007,262.74,39164,810
3/26/2007,260.66,39167,813
3/27/2007,260.66,39168,814
3/28/2007,249.22,39169,815
3/29/2007,260.49,39170,816
3/30/2007,252.69,39171,817
4/2/2007,236.3,39174,820
4/3/2007,241.33,39175,821
4/4/2007,249.82,39176,822
4/5/2007,250.43,39177,823
4/6/2007,250.43,39178,824
4/9/2007,254.81,39181,827
4/10/2007,251.21,39182,828
4/11/2007,248.91,39183,829
4/12/2007,249.39,39184,830
4/13/2007,267.25,39185,831
4/16/2007,267.77,39188,834
4/17/2007,261.14,39189,835
4/18/2007,280.35,39190,836
4/19/2007,279.57,39191,837
4/20/2007,290.71,39192,838
4/23/2007,285.25,39195,841
4/24/2007,290.93,39196,842
4/25/2007,289.37,39197,843
4/26/2007,282.3,39198,844
4/27/2007,283.43,39199,845
4/30/2007,289.84,39202,848
5/1/2007,289.84,39203,849
5/2/2007,289.84,39204,850
5/3/2007,297.08,39205,851
5/4/2007,294.09,39206,852
5/7/2007,292.49,39209,855
5/8/2007,287.54,39210,856
5/9/2007,283.25,39211,857
5/10/2007,281.95,39212,858
5/11/2007,286.81,39213,859
5/14/2007,286.29,39216,862
5/15/2007,286.59,39217,863
5/16/2007,292.66,39218,864
5/17/2007,300.72,39219,865
5/18/2007,306.45,39220,866
5/21/2007,302.46,39223,869
5/22/2007,298.95,39224,870
5/23/2007,289.28,39225,871
5/24/2007,294.74,39226,872
5/25/2007,303.67,39227,873
5/28/2007,298.99,39230,876
5/29/2007,297.26,39231,877
5/30/2007,298.3,39232,878
5/31/2007,298.51,39233,879
6/1/2007,299.29,39234,880
6/4/2007,296.3,39237,883
6/5/2007,296.69,39238,884
6/6/2007,293.18,39239,885
6/7/2007,301.55,39240,886
6/8/2007,302.85,39241,887
6/11/2007,299.42,39244,890
6/12/2007,294.05,39245,891
6/13/2007,294.39,39246,892
6/14/2007,295.26,39247,893
6/15/2007,292.75,39248,894
6/18/2007,292.23,39251,897
6/19/2007,291.36,39252,898
6/20/2007,292.44,39253,899
6/21/2007,290.45,39254,900
6/22/2007,286.42,39255,901
6/25/2007,281.34,39258,904
6/26/2007,284.9,39259,905
6/27/2007,286.33,39260,906
6/28/2007,290.54,39261,907
6/29/2007,298.25,39262,908
7/2/2007,291.84,39265,911
7/3/2007,290.62,39266,912
7/4/2007,288.28,39267,913
7/5/2007,286.68,39268,914
7/6/2007,292.83,39269,915
7/9/2007,295.78,39272,918
7/10/2007,296.52,39273,919
7/11/2007,292.83,39274,920
7/12/2007,290.71,39275,921
7/13/2007,290.28,39276,922
7/16/2007,283.56,39279,925
7/17/2007,292.14,39280,926
7/18/2007,288.41,39281,927
7/19/2007,283.04,39282,928
7/20/2007,282.86,39283,929
7/23/2007,278.7,39286,932
7/24/2007,273.54,39287,933
7/25/2007,277.01,39288,934
7/26/2007,284.86,39289,935
7/27/2007,270.07,39290,936
7/30/2007,266.69,39293,939
7/31/2007,271.81,39294,940
8/1/2007,258.41,39295,941
8/2/2007,258.41,39296,942
8/3/2007,258.71,39297,943
8/6/2007,258.06,39300,946
8/7/2007,258.97,39301,947
8/8/2007,274.32,39302,948
8/9/2007,270.03,39303,949
8/10/2007,276.36,39304,950
8/13/2007,275.27,39307,953
8/14/2007,277.05,39308,954
8/15/2007,274.45,39309,955
8/16/2007,267.25,39310,956
8/17/2007,260.84,39311,957
8/20/2007,266.04,39314,960
8/21/2007,251.17,39315,961
8/22/2007,255.16,39316,962
8/23/2007,244.01,39317,963
8/24/2007,240.02,39318,964
8/27/2007,246.14,39321,967
8/28/2007,252.56,39322,968
8/29/2007,251.6,39323,969
8/30/2007,260.06,39324,970
8/31/2007,264.3,39325,971
9/3/2007,269.25,39328,974
9/4/2007,267.51,39329,975
9/5/2007,272.02,39330,976
9/6/2007,273.15,39331,977
9/7/2007,268.03,39332,978
9/10/2007,254.9,39335,981
9/11/2007,246.96,39336,982
9/12/2007,244.4,39337,983
9/13/2007,246.62,39338,984
9/14/2007,242.02,39339,985
9/17/2007,241.02,39342,988
9/18/2007,243.45,39343,989
9/19/2007,246.4,39344,990
9/20/2007,238.9,39345,991
9/21/2007,239.11,39346,992
9/24/2007,241.85,39349,995
9/25/2007,243.41,39350,996
9/26/2007,258.8,39351,997
9/27/2007,265.74,39352,998
9/28/2007,260.62,39353,999
10/1/2007,256.89,39356,1002
10/2/2007,255.94,39357,1003
10/3/2007,264.26,39358,1004
10/4/2007,264.13,39359,1005
10/5/2007,265.39,39360,1006
10/8/2007,267.47,39363,1009
10/9/2007,277.75,39364,1010
10/10/2007,285.59,39365,1011
10/11/2007,271.07,39366,1012
10/12/2007,270.46,39367,1013
10/15/2007,270.37,39370,1016
10/16/2007,263,39371,1017
10/17/2007,267.34,39372,1018
10/18/2007,265.52,39373,1019
10/19/2007,262.53,39374,1020
10/22/2007,263.7,39377,1023
10/23/2007,260.62,39378,1024
10/24/2007,258.97,39379,1025
10/25/2007,265.87,39380,1026
10/26/2007,266.91,39381,1027
10/29/2007,268.94,39384,1030
10/30/2007,269.51,39385,1031
10/31/2007,273.19,39386,1032
11/1/2007,268.77,39387,1033
11/2/2007,260.4,39388,1034
11/5/2007,265.26,39391,1037
11/6/2007,265.04,39392,1038
11/7/2007,257.02,39393,1039
11/8/2007,260.71,39394,1040
11/9/2007,260.75,39395,1041
11/12/2007,257.71,39398,1044
11/13/2007,254.46,39399,1045
11/14/2007,260.71,39400,1046
11/15/2007,260.1,39401,1047
11/16/2007,252.86,39402,1048
11/19/2007,256.85,39405,1051
11/20/2007,251.51,39406,1052
11/21/2007,251.51,39407,1053
11/22/2007,251.56,39408,1054
11/23/2007,262.53,39409,1055
11/26/2007,269.07,39412,1058
11/27/2007,266,39413,1059
11/28/2007,264.61,39414,1060
11/29/2007,272.28,39415,1061
11/30/2007,279.44,39416,1062
12/3/2007,272.11,39419,1065
12/4/2007,270.29,39420,1066
12/5/2007,270.42,39421,1067
12/6/2007,270.11,39422,1068
12/7/2007,276.75,39423,1069
12/10/2007,268.42,39426,1072
12/11/2007,274.58,39427,1073
12/12/2007,276.27,39428,1074
12/13/2007,266.39,39429,1075
12/14/2007,266.99,39430,1076
12/17/2007,263.57,39433,1079
12/18/2007,259.28,39434,1080
12/19/2007,262.48,39435,1081
12/20/2007,270.59,39436,1082
12/21/2007,272.28,39437,1083
12/24/2007,283.04,39440,1086
12/25/2007,280.95,39441,1087
12/26/2007,280.61,39442,1088
12/27/2007,275.45,39443,1089
12/28/2007,285.03,39444,1090
12/31/2007,285.85,39447,1093
1/1/2008,279.26,39448,1094
1/2/2008,272.59,39449,1095
1/3/2008,268.81,39450,1096
1/4/2008,273.19,39451,1097
1/7/2008,259.54,39454,1100
1/8/2008,260.88,39455,1101
1/9/2008,260.23,39456,1102
1/10/2008,256.85,39457,1103
1/11/2008,250.52,39458,1104
1/14/2008,246.18,39461,1107
1/15/2008,240.11,39462,1108
1/16/2008,233.3,39463,1109
1/17/2008,232.13,39464,1110
1/18/2008,232.13,39465,1111
1/21/2008,216.05,39468,1114
1/22/2008,199.31,39469,1115
1/23/2008,210.25,39470,1116
1/24/2008,201.41,39471,1117
1/25/2008,218.43,39472,1118
1/28/2008,211.08,39475,1121
1/29/2008,223.02,39476,1122
1/30/2008,220.66,39477,1123
1/31/2008,211.38,39478,1124
2/1/2008,232.64,39479,1125
2/4/2008,243.27,39482,1128
2/5/2008,242.31,39483,1129
2/6/2008,231.81,39484,1130
2/7/2008,213.61,39485,1131
2/8/2008,225.12,39486,1132
2/11/2008,224.11,39489,1135
2/12/2008,217.73,39490,1136
2/13/2008,221.01,39491,1137
2/14/2008,230.15,39492,1138
2/15/2008,240.08,39493,1139
2/18/2008,241.43,39496,1142
2/19/2008,247.69,39497,1143
2/20/2008,234.08,39498,1144
2/21/2008,250,39499,1145
2/22/2008,236.71,39500,1146
2/25/2008,246.37,39503,1149
2/26/2008,257.96,39504,1150
2/27/2008,252.59,39505,1151
2/28/2008,254.55,39506,1152
2/29/2008,242.88,39507,1153
3/3/2008,239.38,39510,1156
3/4/2008,233.82,39511,1157
3/5/2008,243.71,39512,1158
3/6/2008,244.93,39513,1159
3/7/2008,239.16,39514,1160
3/10/2008,238.02,39517,1163
3/11/2008,232.07,39518,1164
3/12/2008,239.25,39519,1165
3/13/2008,222.32,39520,1166
3/14/2008,232.2,39521,1167
3/17/2008,210.16,39524,1170
3/18/2008,218.43,39525,1171
3/19/2008,222.97,39526,1172
3/20/2008,227.39,39527,1173
3/21/2008,227.39,39528,1174
3/24/2008,239.73,39531,1177
3/25/2008,249.17,39532,1178
3/26/2008,241.78,39533,1179
3/27/2008,230.37,39534,1180
3/28/2008,237.36,39535,1181
3/31/2008,221.53,39538,1184
4/1/2008,215.45,39539,1185
4/2/2008,216.06,39540,1186
4/3/2008,218.56,39541,1187
4/4/2008,214.23,39542,1188
4/7/2008,213.92,39545,1191
4/8/2008,208.76,39546,1192
4/9/2008,209.07,39547,1193
4/10/2008,206.97,39548,1194
4/11/2008,201.54,39549,1195
4/14/2008,201.24,39552,1198
4/15/2008,214.31,39553,1199
4/16/2008,227.87,39554,1200
4/17/2008,235.83,39555,1201
4/18/2008,235.53,39556,1202
4/21/2008,241.74,39559,1205
4/22/2008,232.35,39560,1206
4/23/2008,231.3,39561,1207
4/24/2008,223.94,39562,1208
4/25/2008,229.75,39563,1209
4/28/2008,233.9,39566,1212
4/29/2008,252.84,39567,1213
4/30/2008,254.21,39568,1214
5/1/2008,250.91,39569,1215
5/2/2008,261.79,39570,1216
5/5/2008,253.86,39573,1219
5/6/2008,257.91,39574,1220
5/7/2008,258.84,39575,1221
5/8/2008,254.52,39576,1222
5/9/2008,253.59,39577,1223
5/12/2008,253.64,39580,1226
5/13/2008,258.88,39581,1227
5/14/2008,270.69,39582,1228
5/15/2008,267.34,39583,1229
5/16/2008,261.22,39584,1230
5/19/2008,260.07,39587,1233
5/20/2008,261.44,39588,1234
5/21/2008,263.33,39589,1235
5/22/2008,255.05,39590,1236
5/23/2008,257.6,39591,1237
5/26/2008,261.7,39594,1240
5/27/2008,264.13,39595,1241
5/28/2008,271.09,39596,1242
5/29/2008,272.59,39597,1243
5/30/2008,277.26,39598,1244
6/2/2008,267.65,39601,1247
6/3/2008,259.67,39602,1248
6/4/2008,255.58,39603,1249
6/5/2008,269.55,39604,1250
6/6/2008,276.07,39605,1251
6/9/2008,261.88,39608,1254
6/10/2008,250.51,39609,1255
6/11/2008,258.26,39610,1256
6/12/2008,257.16,39611,1257
6/13/2008,255.05,39612,1258
6/16/2008,258.26,39615,1261
6/17/2008,257.87,39616,1262
6/18/2008,246.32,39617,1263
6/19/2008,240.86,39618,1264
6/20/2008,234.6,39619,1265
6/23/2008,238.35,39622,1268
6/24/2008,235.53,39623,1269
6/25/2008,230.37,39624,1270
6/26/2008,242.71,39625,1271
6/27/2008,223.23,39626,1272
6/30/2008,222.57,39629,1275
7/1/2008,228.87,39630,1276
7/2/2008,223.81,39631,1277
7/3/2008,208.56,39632,1278
7/4/2008,208.07,39633,1279
7/7/2008,214.55,39636,1282
7/8/2008,208.43,39637,1283
7/9/2008,214.68,39638,1284
7/10/2008,219.93,39639,1285
7/11/2008,210.32,39640,1286
7/14/2008,198.25,39643,1289
7/15/2008,187.1,39644,1290
7/16/2008,189.52,39645,1291
7/17/2008,188.16,39646,1292
7/18/2008,178.07,39647,1293
7/21/2008,173.04,39650,1296
7/22/2008,180.4,39651,1297
7/23/2008,189.35,39652,1298
7/24/2008,185.07,39653,1299
7/25/2008,179.52,39654,1300
7/28/2008,177.71,39657,1303
7/29/2008,175.82,39658,1304
7/30/2008,179.61,39659,1305
7/31/2008,176.57,39660,1306
8/1/2008,182.65,39661,1307
8/4/2008,193.8,39664,1310
8/5/2008,211.6,39665,1311
8/6/2008,201.6,39666,1312
8/7/2008,196.97,39667,1313
8/8/2008,198.51,39668,1314
8/11/2008,206.75,39671,1317
8/12/2008,203.71,39672,1318
8/13/2008,203.14,39673,1319
8/14/2008,208.07,39674,1320
8/15/2008,207.99,39675,1321
8/18/2008,201.73,39678,1324
8/19/2008,198.69,39679,1325
8/20/2008,201.69,39680,1326
8/21/2008,195.96,39681,1327
8/22/2008,196.22,39682,1328
8/25/2008,197.5,39685,1331
8/26/2008,203.05,39686,1332
8/27/2008,202.57,39687,1333
8/28/2008,197.41,39688,1334
8/29/2008,205.48,39689,1335
9/1/2008,213.63,39692,1338
9/2/2008,219.97,39693,1339
9/3/2008,220.24,39694,1340
9/4/2008,221.78,39695,1341
9/5/2008,215.39,39696,1342
9/8/2008,226.05,39699,1345
9/9/2008,224.47,39700,1346
9/10/2008,219.66,39701,1347
9/11/2008,209.57,39702,1348
9/12/2008,201.69,39703,1349
9/15/2008,189.39,39706,1352
9/16/2008,195.21,39707,1353
9/17/2008,185.43,39708,1354
9/18/2008,187.5,39709,1355
9/19/2008,202.17,39710,1356
9/22/2008,205.43,39713,1359
9/23/2008,206.84,39714,1360
9/24/2008,206.22,39715,1361
9/25/2008,198.16,39716,1362
9/26/2008,187.63,39717,1363
9/29/2008,172.21,39720,1366
9/30/2008,171.37,39721,1367
10/1/2008,181.37,39722,1368
10/2/2008,181.46,39723,1369
10/3/2008,182.69,39724,1370
10/6/2008,171.72,39727,1373
10/7/2008,174.28,39728,1374
10/8/2008,165.42,39729,1375
10/9/2008,171.85,39730,1376
10/10/2008,150.04,39731,1377
10/13/2008,149.69,39734,1380
10/14/2008,144.53,39735,1381
10/15/2008,139.77,39736,1382
10/16/2008,138.85,39737,1383
10/17/2008,139.25,39738,1384
10/20/2008,151.76,39741,1387
10/21/2008,164.14,39742,1388
10/22/2008,147.8,39743,1389
10/23/2008,137.32,39744,1390
10/24/2008,125.62,39745,1391
10/27/2008,121.93,39748,1394
10/28/2008,138.1,39749,1395
10/29/2008,138.1,39750,1396
10/30/2008,139.78,39751,1397
10/31/2008,157.45,39752,1398
11/3/2008,159.68,39755,1401
11/4/2008,152.17,39756,1402
11/5/2008,142.15,39757,1403
11/6/2008,144.7,39758,1404
11/7/2008,150.21,39759,1405
11/10/2008,154.76,39762,1408
11/11/2008,140.42,39763,1409
11/12/2008,140.78,39764,1410
11/13/2008,141.15,39765,1411
11/14/2008,136.91,39766,1412
11/17/2008,134.5,39769,1415
11/18/2008,124.21,39770,1416
11/19/2008,123.66,39771,1417
11/20/2008,125.67,39772,1418
11/21/2008,130.95,39773,1419
11/24/2008,136.28,39776,1422
11/25/2008,126.12,39777,1423
11/26/2008,130.31,39778,1424
11/27/2008,129.04,39779,1425
11/28/2008,125.21,39780,1426
12/1/2008,122.75,39783,1429
12/2/2008,113.87,39784,1430
12/3/2008,109.46,39785,1431
12/4/2008,109.32,39786,1432
12/5/2008,107.96,39787,1433
12/8/2008,106.5,39790,1436
12/9/2008,106.73,39791,1437
12/10/2008,108.18,39792,1438
12/11/2008,105.22,39793,1439
12/12/2008,97.67,39794,1440
12/15/2008,94.57,39797,1443
12/16/2008,112.05,39798,1444
12/17/2008,111.33,39799,1445
12/18/2008,123.07,39800,1446
12/19/2008,127.4,39801,1447
12/22/2008,122.21,39804,1450
12/23/2008,113.51,39805,1451
12/24/2008,105.54,39806,1452
12/25/2008,109.28,39807,1453
12/26/2008,102.86,39808,1454
12/29/2008,102.36,39811,1457
12/30/2008,105.82,39812,1458
12/31/2008,105,39813,1459
1/1/2009,111.83,39814,1460
1/2/2009,111.37,39815,1461
1/5/2009,114.88,39818,1464
1/6/2009,118.88,39819,1465
1/7/2009,100.4,39820,1466
1/8/2009,100.17,39821,1467
1/9/2009,97.12,39822,1468
1/12/2009,98.35,39825,1471
1/13/2009,99.12,39826,1472
1/14/2009,107.59,39827,1473
1/15/2009,99.35,39828,1474
1/16/2009,107.23,39829,1475
1/19/2009,105.5,39832,1478
1/20/2009,101.17,39833,1479
1/21/2009,105.41,39834,1480
1/22/2009,101.76,39835,1481
1/23/2009,97.44,39836,1482
1/26/2009,98.35,39839,1485
1/27/2009,102.49,39840,1486
1/28/2009,105.6,39841,1487
1/29/2009,101.19,39842,1488
1/30/2009,107.64,39843,1489
2/2/2009,105.04,39846,1492
2/3/2009,109.17,39847,1493
2/4/2009,113.2,39848,1494
2/5/2009,112.69,39849,1495
2/6/2009,116.35,39850,1496
2/9/2009,111.02,39853,1499
2/10/2009,108.89,39854,1500
2/11/2009,106.62,39855,1501
2/12/2009,105.88,39856,1502
2/13/2009,105.64,39857,1503
2/16/2009,102.4,39860,1506
2/17/2009,101.33,39861,1507
2/18/2009,100.73,39862,1508
2/19/2009,101.1,39863,1509
2/20/2009,95.96,39864,1510
2/23/2009,96,39867,1513
2/24/2009,93.36,39868,1514
2/25/2009,93.55,39869,1515
2/26/2009,91.88,39870,1516
2/27/2009,92.9,39871,1517
3/2/2009,87.52,39874,1520
3/3/2009,87.66,39875,1521
3/4/2009,88.12,39876,1522
3/5/2009,86.04,39877,1523
3/6/2009,87.24,39878,1524
3/9/2009,84.46,39881,1527
3/10/2009,84.18,39882,1528
3/11/2009,84.18,39883,1529
3/12/2009,83.16,39884,1530
3/13/2009,89.19,39885,1531
3/16/2009,94.24,39888,1534
3/17/2009,93.73,39889,1535
3/18/2009,95.26,39890,1536
3/19/2009,96.93,39891,1537
3/20/2009,96.65,39892,1538
3/23/2009,96.37,39895,1541
3/24/2009,96.88,39896,1542
3/25/2009,96.28,39897,1543
3/26/2009,93.96,39898,1544
3/27/2009,97.25,39899,1545
3/30/2009,92.48,39902,1548
3/31/2009,94.61,39903,1549
4/1/2009,93.41,39904,1550
4/2/2009,99.15,39905,1551
4/3/2009,101.06,39906,1552
4/6/2009,103.7,39909,1555
4/7/2009,103.88,39910,1556
4/8/2009,115.24,39911,1557
4/9/2009,113.29,39912,1558
4/10/2009,113.15,39913,1559
4/13/2009,118.76,39916,1562
4/14/2009,118.16,39917,1563
4/15/2009,122.15,39918,1564
4/16/2009,113.25,39919,1565
4/17/2009,119.6,39920,1566
4/20/2009,126.92,39923,1569
4/21/2009,128.08,39924,1570
4/22/2009,115.94,39925,1571
4/23/2009,118.81,39926,1572
4/24/2009,118.58,39927,1573
4/27/2009,119.23,39930,1576
4/28/2009,117.78,39931,1577
4/29/2009,121.33,39932,1578
4/30/2009,121.57,39933,1579
5/1/2009,121.57,39934,1580
5/4/2009,144.13,39937,1583
5/5/2009,141.61,39938,1584
5/6/2009,137.82,39939,1585
5/7/2009,140.25,39940,1586
5/8/2009,138.9,39941,1587
5/11/2009,132.36,39944,1590
5/12/2009,135.39,39945,1591
5/13/2009,129.65,39946,1592
5/14/2009,132.59,39947,1593
5/15/2009,138.06,39948,1594
5/18/2009,155.11,39951,1597
5/19/2009,148.57,39952,1598
5/20/2009,155.86,39953,1599
5/21/2009,152.4,39954,1600
5/22/2009,155.95,39955,1601
5/25/2009,153.15,39958,1604
5/26/2009,149.78,39959,1605
5/27/2009,163.47,39960,1606
5/28/2009,163.1,39961,1607
5/29/2009,155.95,39962,1608
6/1/2009,159.6,39965,1611
6/2/2009,166.79,39966,1612
6/3/2009,161.32,39967,1613
6/4/2009,162.68,39968,1614
6/5/2009,163.47,39969,1615
6/8/2009,161.18,39972,1618
6/9/2009,181.6,39973,1619
6/10/2009,190.43,39974,1620
6/11/2009,183.75,39975,1621
6/12/2009,183.89,39976,1622
6/15/2009,187.39,39979,1625
6/16/2009,195.24,39980,1626
6/17/2009,183.19,39981,1627
6/18/2009,176.46,39982,1628
6/19/2009,179.41,39983,1629
6/22/2009,173.19,39986,1632
6/23/2009,178.28,39987,1633
6/24/2009,178.56,39988,1634
6/25/2009,174.17,39989,1635
6/26/2009,179.22,39990,1636
6/29/2009,179.12,39993,1639
6/30/2009,173.75,39994,1640
7/1/2009,177.54,39995,1641
7/2/2009,178.52,39996,1642
7/3/2009,178.8,39997,1643
7/6/2009,175.15,40000,1646
7/7/2009,171.88,40001,1647
7/8/2009,157.54,40002,1648
7/9/2009,165.44,40003,1649
7/10/2009,165.11,40004,1650
7/13/2009,170.72,40007,1653
7/14/2009,178.05,40008,1654
7/15/2009,182.11,40009,1655
7/16/2009,181.51,40010,1656
7/17/2009,201.32,40011,1657
7/20/2009,218.42,40014,1660
7/21/2009,214.45,40015,1661
7/22/2009,201.97,40016,1662
7/23/2009,210.1,40017,1663
7/24/2009,219.12,40018,1664
7/27/2009,223.23,40021,1667
7/28/2009,225.7,40022,1668
7/29/2009,220.15,40023,1669
7/30/2009,229.82,40024,1670
7/31/2009,225.19,40025,1671
8/3/2009,237.71,40028,1674
8/4/2009,235.89,40029,1675
8/5/2009,238.51,40030,1676
8/6/2009,228.51,40031,1677
8/7/2009,228.32,40032,1678
8/10/2009,229.16,40035,1681
8/11/2009,242.8,40036,1682
8/12/2009,245.14,40037,1683
8/13/2009,264.2,40038,1684
8/14/2009,252.38,40039,1685
8/17/2009,243.32,40042,1688
8/18/2009,240.52,40043,1689
8/19/2009,233.37,40044,1690
8/20/2009,238.04,40045,1691
8/21/2009,261.17,40046,1692
8/24/2009,270.98,40049,1695
8/25/2009,287.05,40050,1696
8/26/2009,282,40051,1697
8/27/2009,292.37,40052,1698
8/28/2009,286.35,40053,1699
8/31/2009,280.32,40056,1702
9/1/2009,278.08,40057,1703
9/2/2009,288.82,40058,1704
9/3/2009,282.8,40059,1705
9/4/2009,284.9,40060,1706
9/7/2009,290.27,40063,1709
9/8/2009,287.47,40064,1710
9/9/2009,288.45,40065,1711
9/10/2009,289.15,40066,1712
9/11/2009,292.37,40067,1713
9/14/2009,292.42,40070,1716
9/15/2009,293.64,40071,1717
9/16/2009,300.46,40072,1718
9/17/2009,320.17,40073,1719
9/18/2009,316.81,40074,1720
9/21/2009,317.7,40077,1723
9/22/2009,320.45,40078,1724
9/23/2009,311.34,40079,1725
9/24/2009,324.14,40080,1726
9/25/2009,313.45,40081,1727
9/28/2009,312.65,40084,1730
9/29/2009,313.12,40085,1731
9/30/2009,318.44,40086,1732
10/1/2009,314.33,40087,1733
10/2/2009,315.73,40088,1734
10/5/2009,312.93,40091,1737
10/6/2009,296.16,40092,1738
10/7/2009,288.92,40093,1739
10/8/2009,278.83,40094,1740
10/9/2009,277.7,40095,1741
10/12/2009,282.24,40098,1744
10/13/2009,281.25,40099,1745
10/14/2009,284.43,40100,1746
10/15/2009,281.82,40101,1747
10/16/2009,281.44,40102,1748
10/19/2009,282.33,40105,1751
10/20/2009,290.97,40106,1752
10/21/2009,300.32,40107,1753
10/22/2009,305.69,40108,1754
10/23/2009,304.8,40109,1755
10/26/2009,306.3,40112,1758
10/27/2009,299.01,40113,1759
10/28/2009,292.79,40114,1760
10/29/2009,290.04,40115,1761
10/30/2009,287.09,40116,1762
11/2/2009,286.66,40119,1765
11/3/2009,264.63,40120,1766
11/4/2009,269.79,40121,1767
11/5/2009,282.68,40122,1768
11/6/2009,286.15,40123,1769
11/9/2009,292.52,40126,1772
11/10/2009,286.29,40127,1773
11/11/2009,302.55,40128,1774
11/12/2009,312.49,40129,1775
11/13/2009,315.63,40130,1776
11/16/2009,311.83,40133,1779
11/17/2009,315.91,40134,1780
11/18/2009,318.49,40135,1781
11/19/2009,307.61,40136,1782
11/20/2009,305.69,40137,1783
11/23/2009,322.1,40140,1786
11/24/2009,318.44,40141,1787
11/25/2009,321.16,40142,1788
11/26/2009,315.63,40143,1789
11/27/2009,310.24,40144,1790
11/30/2009,316,40147,1793
12/1/2009,319.29,40148,1794
12/2/2009,309.74,40149,1795
12/3/2009,315.2,40150,1796
12/4/2009,319.57,40151,1797
12/7/2009,325.26,40154,1800
12/8/2009,328.17,40155,1801
12/9/2009,334.19,40156,1802
12/10/2009,329.2,40157,1803
12/11/2009,326.71,40158,1804
12/14/2009,322.15,40161,1807
12/15/2009,318.63,40162,1808
12/16/2009,323.66,40163,1809
12/17/2009,336.68,40164,1810
12/18/2009,343.45,40165,1811
12/21/2009,334.89,40168,1814
12/22/2009,338.09,40169,1815
12/23/2009,349.09,40170,1816
12/24/2009,352.47,40171,1817
12/25/2009,350.97,40172,1818
12/28/2009,350.97,40175,1821
12/29/2009,350.31,40176,1822
12/30/2009,349.42,40177,1823
12/31/2009,349.09,40178,1824
1/1/2010,348.85,40179,1825
1/4/2010,348.9,40182,1828
1/5/2010,356.75,40183,1829
1/6/2010,345.99,40184,1830
1/7/2010,338.61,40185,1831
1/8/2010,330.71,40186,1832
1/11/2010,334,40189,1835
1/12/2010,345.85,40190,1836
1/13/2010,355.34,40191,1837
1/14/2010,347.96,40192,1838
1/15/2010,347.3,40193,1839
1/18/2010,354.03,40196,1842
1/19/2010,354.26,40197,1843
1/20/2010,358.21,40198,1844
1/21/2010,348.34,40199,1845
1/22/2010,359.76,40200,1846
1/25/2010,339.59,40203,1849
1/26/2010,353.51,40204,1850
1/27/2010,310.45,40205,1851
1/28/2010,326.57,40206,1852
1/29/2010,327,40207,1853
2/1/2010,327.85,40210,1856
2/2/2010,322.61,40211,1857
2/3/2010,329.02,40212,1858
2/4/2010,317.9,40213,1859
2/5/2010,317.9,40214,1860
2/8/2010,322.09,40217,1863
2/9/2010,326.95,40218,1864
2/10/2010,328.22,40219,1865
2/11/2010,328.93,40220,1866
2/12/2010,330.01,40221,1867
2/15/2010,340.76,40224,1870
2/16/2010,340.1,40225,1871
2/17/2010,341.14,40226,1872
2/18/2010,340.1,40227,1873
2/19/2010,342.18,40228,1874
2/22/2010,343.36,40231,1877
2/23/2010,342.32,40232,1878
2/24/2010,344.58,40233,1879
2/25/2010,346.7,40234,1880
2/26/2010,346.14,40235,1881
3/1/2010,345.01,40238,1884
3/2/2010,344.02,40239,1885
3/3/2010,343.5,40240,1886
3/4/2010,341.61,40241,1887
3/5/2010,338.69,40242,1888
3/8/2010,338.88,40245,1891
3/9/2010,340.72,40246,1892
3/10/2010,337.6,40247,1893
3/11/2010,339.82,40248,1894
3/12/2010,339.96,40249,1895
3/15/2010,348.07,40252,1898
3/16/2010,351.79,40253,1899
3/17/2010,359.9,40254,1900
3/18/2010,354.39,40255,1901
3/19/2010,352.69,40256,1902
3/22/2010,347.98,40259,1905
3/23/2010,346.14,40260,1906
3/24/2010,345.1,40261,1907
3/25/2010,351.28,40262,1908
3/26/2010,349.58,40263,1909
3/29/2010,349.39,40266,1912
3/30/2010,338.78,40267,1913
3/31/2010,337.93,40268,1914
4/1/2010,336.57,40269,1915
4/2/2010,337.09,40270,1916
4/5/2010,340.2,40273,1919
4/6/2010,327.09,40274,1920
4/7/2010,326.76,40275,1921
4/8/2010,325.39,40276,1922
4/9/2010,323.98,40277,1923
4/12/2010,325.3,40280,1926
4/13/2010,336.38,40281,1927
4/14/2010,336.43,40282,1928
4/15/2010,336.33,40283,1929
4/16/2010,331.62,40284,1930
4/19/2010,328.98,40287,1933
4/20/2010,325.63,40288,1934
4/21/2010,352.55,40289,1935
4/22/2010,360.61,40290,1936
4/23/2010,365.66,40291,1937
4/26/2010,369.63,40294,1940
4/27/2010,366.74,40295,1941
4/28/2010,365.04,40296,1942
4/29/2010,364.38,40297,1943
4/30/2010,372.89,40298,1944
5/3/2010,368.11,40301,1947
5/4/2010,376.57,40302,1948
5/5/2010,382.91,40303,1949
5/6/2010,378.04,40304,1950
5/7/2010,364.47,40305,1951
5/10/2010,376.76,40308,1954
5/11/2010,366.32,40309,1955
5/12/2010,371.33,40310,1956
5/13/2010,376.86,40311,1957
5/14/2010,383.24,40312,1958
5/17/2010,372.79,40315,1961
5/18/2010,374.54,40316,1962
5/19/2010,351.52,40317,1963
5/20/2010,341.64,40318,1964
5/21/2010,347.36,40319,1965
5/24/2010,350.72,40322,1968
5/25/2010,335.59,40323,1969
5/26/2010,346.47,40324,1970
5/27/2010,349.92,40325,1971
5/28/2010,356.49,40326,1972
5/31/2010,361.45,40329,1975
6/1/2010,345,40330,1976
6/2/2010,349.68,40331,1977
6/3/2010,357.9,40332,1978
6/4/2010,365.75,40333,1979
6/7/2010,353.27,40336,1982
6/8/2010,345.09,40337,1983
6/9/2010,343.96,40338,1984
6/10/2010,346.84,40339,1985
6/11/2010,349.4,40340,1986
6/14/2010,359.75,40343,1989
6/15/2010,363.53,40344,1990
6/16/2010,361.54,40345,1991
6/17/2010,364.57,40346,1992
6/18/2010,367.97,40347,1993
6/21/2010,367.03,40350,1996
6/22/2010,359.27,40351,1997
6/23/2010,352.37,40352,1998
6/24/2010,344.24,40353,1999
6/25/2010,338.9,40354,2000
6/28/2010,342.26,40357,2003
6/29/2010,340.89,40358,2004
6/30/2010,344.24,40359,2005
7/1/2010,343.53,40360,2006
7/2/2010,333.66,40361,2007
7/5/2010,335.83,40364,2010
7/6/2010,340.32,40365,2011
7/7/2010,336.68,40366,2012
7/8/2010,339.89,40367,2013
7/9/2010,341.55,40368,2014
7/12/2010,344.91,40371,2017
7/13/2010,341.12,40372,2018
7/14/2010,337.48,40373,2019
7/15/2010,338.1,40374,2020
7/16/2010,352.89,40375,2021
7/19/2010,357.62,40378,2024
7/20/2010,350.72,40379,2025
7/21/2010,351.14,40380,2026
7/22/2010,350.53,40381,2027
7/23/2010,352.42,40382,2028
7/26/2010,353.51,40385,2031
7/27/2010,359.7,40386,2032
7/28/2010,352.18,40387,2033
7/29/2010,357.38,40388,2034
7/30/2010,370.76,40389,2035
8/2/2010,371.37,40392,2038
8/3/2010,371.33,40393,2039
8/4/2010,381.68,40394,2040
8/5/2010,391.7,40395,2041
8/6/2010,389.53,40396,2042
8/9/2010,393.4,40399,2045
8/10/2010,390.28,40400,2046
8/11/2010,384.47,40401,2047
8/12/2010,379.46,40402,2048
8/13/2010,388.58,40403,2049
8/16/2010,379.36,40406,2052
8/17/2010,374.68,40407,2053
8/18/2010,386.78,40408,2054
8/19/2010,383.9,40409,2055
8/20/2010,385.46,40410,2056
8/23/2010,386.74,40413,2059
8/24/2010,386.78,40414,2060
8/25/2010,387.16,40415,2061
8/26/2010,391.27,40416,2062
8/27/2010,381.3,40417,2063
8/30/2010,371.8,40420,2066
8/31/2010,361.64,40421,2067
9/1/2010,364.99,40422,2068
9/2/2010,381.82,40423,2069
9/3/2010,380.12,40424,2070
9/6/2010,383.66,40427,2073
9/7/2010,379.88,40428,2074
9/8/2010,383.57,40429,2075
9/9/2010,387.68,40430,2076
9/10/2010,387.59,40431,2077
9/13/2010,388.11,40434,2080
9/14/2010,386.93,40435,2081
9/15/2010,399.69,40436,2082
9/16/2010,394.68,40437,2083
9/17/2010,396.33,40438,2084
9/20/2010,399.03,40441,2087
9/21/2010,404.89,40442,2088
9/22/2010,398.08,40443,2089
9/23/2010,389.01,40444,2090
9/24/2010,398.41,40445,2091
9/27/2010,394.82,40448,2094
9/28/2010,391.42,40449,2095
9/29/2010,394.39,40450,2096
9/30/2010,397.75,40451,2097
10/1/2010,407.34,40452,2098
10/4/2010,411.88,40455,2101
10/5/2010,409.38,40456,2102
10/6/2010,410.04,40457,2103
10/7/2010,406.3,40458,2104
10/8/2010,409.47,40459,2105
10/11/2010,407.2,40462,2108
10/12/2010,406.16,40463,2109
10/13/2010,419.96,40464,2110
10/14/2010,414.86,40465,2111
10/15/2010,407.82,40466,2112
10/18/2010,422.04,40469,2115
10/19/2010,415.24,40470,2116
10/20/2010,402.81,40471,2117
10/21/2010,400.44,40472,2118
10/22/2010,396.4,40473,2119
10/25/2010,403.72,40476,2122
10/26/2010,402.3,40477,2123
10/27/2010,396.83,40478,2124
10/28/2010,390.27,40479,2125
10/29/2010,383.99,40480,2126
11/1/2010,387.8,40483,2129
11/2/2010,386.13,40484,2130
11/3/2010,386.18,40485,2131
11/4/2010,391.84,40486,2132
11/5/2010,393.07,40487,2133
11/8/2010,385.75,40490,2136
11/9/2010,384.99,40491,2137
11/10/2010,385.13,40492,2138
11/11/2010,382.9,40493,2139
11/12/2010,382.71,40494,2140
11/15/2010,384.52,40497,2143
11/16/2010,373.1,40498,2144
11/17/2010,373.63,40499,2145
11/18/2010,374.15,40500,2146
11/19/2010,358.51,40501,2147
11/22/2010,371.11,40504,2150
11/23/2010,376.57,40505,2151
11/24/2010,371.34,40506,2152
11/25/2010,366.83,40507,2153
11/26/2010,372.77,40508,2154
11/29/2010,374.25,40511,2157
11/30/2010,383.94,40512,2158
12/1/2010,390.89,40513,2159
12/2/2010,398.68,40514,2160
12/3/2010,402.92,40515,2161
12/6/2010,405.25,40518,2164
12/7/2010,414.52,40519,2165
12/8/2010,411.81,40520,2166
12/9/2010,404.53,40521,2167
12/10/2010,410.62,40522,2168
12/13/2010,416.18,40525,2171
12/14/2010,421.74,40526,2172
12/15/2010,426.4,40527,2173
12/16/2010,426.98,40528,2174
12/17/2010,423.79,40529,2175
12/20/2010,427.12,40532,2178
12/21/2010,430.68,40533,2179
12/22/2010,429.4,40534,2180
12/23/2010,435.15,40535,2181
12/24/2010,432.73,40536,2182
12/27/2010,430.4,40539,2185
12/28/2010,436.96,40540,2186
12/29/2010,434.87,40541,2187
12/30/2010,436.91,40542,2188
12/31/2010,433.87,40543,2189
1/3/2011,431.87,40546,2192
1/4/2011,438.53,40547,2193
1/5/2011,449.18,40548,2194
1/6/2011,454.27,40549,2195
1/7/2011,442.43,40550,2196
1/10/2011,442.1,40553,2199
1/11/2011,451.98,40554,2200
1/12/2011,453.27,40555,2201
1/13/2011,441.95,40556,2202
1/14/2011,447.52,40557,2203
1/17/2011,453.03,40560,2206
1/18/2011,464.78,40561,2207
1/19/2011,483.13,40562,2208
1/20/2011,485.79,40563,2209
1/21/2011,475.05,40564,2210
1/24/2011,485.17,40567,2213
1/25/2011,485.5,40568,2214
1/26/2011,484.93,40569,2215
1/27/2011,482.68,40570,2216
1/28/2011,470.99,40571,2217
1/31/2011,468.55,40574,2220
2/1/2011,462.63,40575,2221
2/2/2011,475.67,40576,2222
2/3/2011,468.89,40577,2223
2/4/2011,458.62,40578,2224
2/7/2011,456.09,40581,2227
2/8/2011,444.4,40582,2228
2/9/2011,441.77,40583,2229
2/10/2011,448.5,40584,2230
2/11/2011,448.26,40585,2231
2/14/2011,460.44,40588,2234
2/15/2011,461.15,40589,2235
2/16/2011,452.32,40590,2236
2/17/2011,446.31,40591,2237
2/18/2011,436.9,40592,2238
2/21/2011,444.06,40595,2241
2/22/2011,439.19,40596,2242
2/23/2011,438.86,40597,2243
2/24/2011,420.96,40598,2244
2/25/2011,425.73,40599,2245
2/28/2011,422.44,40602,2248
3/1/2011,447.55,40603,2249
3/2/2011,447.02,40604,2250
3/3/2011,439.62,40605,2251
3/4/2011,441.91,40606,2252
3/7/2011,431.46,40609,2255
3/8/2011,443.01,40610,2256
3/9/2011,443.49,40611,2257
3/10/2011,436.28,40612,2258
3/11/2011,434.32,40613,2259
3/14/2011,443.59,40616,2262
3/15/2011,434.9,40617,2263
3/16/2011,443.2,40618,2264
3/17/2011,437.14,40619,2265
3/18/2011,429.93,40620,2266
3/21/2011,430.55,40623,2269
3/22/2011,431.6,40624,2270
3/23/2011,433.89,40625,2271
3/24/2011,439.58,40626,2272
3/25/2011,449.94,40627,2273
3/28/2011,455.28,40630,2276
3/29/2011,458.29,40631,2277
3/30/2011,454.76,40632,2278
3/31/2011,456.33,40633,2279
4/1/2011,446.02,40634,2280
4/4/2011,463.25,40637,2283
4/5/2011,464.78,40638,2284
4/6/2011,469.46,40639,2285
4/7/2011,475.33,40640,2286
4/8/2011,462.82,40641,2287
4/11/2011,469.08,40644,2290
4/12/2011,469.65,40645,2291
4/13/2011,474.81,40646,2292
4/14/2011,474.52,40647,2293
4/15/2011,460.87,40648,2294
4/18/2011,442.11,40651,2297
4/19/2011,455,40652,2298
4/20/2011,499.2,40653,2299
4/21/2011,495.53,40654,2300
4/22/2011,495.53,40655,2301
4/25/2011,493.7,40658,2304
4/26/2011,495.05,40659,2305
4/27/2011,494.61,40660,2306
4/28/2011,491.02,40661,2307
4/29/2011,499.55,40662,2308
5/2/2011,498.88,40665,2311
5/3/2011,493.61,40666,2312
5/4/2011,477.94,40667,2313
5/5/2011,475.83,40668,2314
5/6/2011,479.57,40669,2315
5/9/2011,478.66,40672,2318
5/10/2011,482.2,40673,2319
5/11/2011,484.36,40674,2320
5/12/2011,483.93,40675,2321
5/13/2011,483.78,40676,2322
5/16/2011,478.85,40679,2325
5/17/2011,482.2,40680,2326
5/18/2011,483.16,40681,2327
5/19/2011,485.8,40682,2328
5/20/2011,484.93,40683,2329
5/23/2011,473.15,40686,2332
5/24/2011,470.46,40687,2333
5/25/2011,470.94,40688,2334
5/26/2011,478.51,40689,2335
5/27/2011,487.62,40690,2336
5/30/2011,487.71,40693,2339
5/31/2011,493.42,40694,2340
6/1/2011,493.03,40695,2341
6/2/2011,492.36,40696,2342
6/3/2011,491.07,40697,2343
6/6/2011,488.34,40700,2346
6/7/2011,490.54,40701,2347
6/8/2011,489.73,40702,2348
6/9/2011,486.61,40703,2349
6/10/2011,481.96,40704,2350
6/13/2011,479.57,40707,2353
6/14/2011,486.52,40708,2354
6/15/2011,478.46,40709,2355
6/16/2011,468.74,40710,2356
6/17/2011,460.01,40711,2357
6/20/2011,445.78,40714,2360
6/21/2011,445.73,40715,2361
6/22/2011,444.15,40716,2362
6/23/2011,451.1,40717,2363
6/24/2011,472.33,40718,2364
6/27/2011,469.98,40721,2367
6/28/2011,469.5,40722,2368
6/29/2011,468.5,40723,2369
6/30/2011,474.2,40724,2370
7/1/2011,475.59,40725,2371
7/4/2011,478.18,40728,2374
7/5/2011,485.56,40729,2375
7/6/2011,482.49,40730,2376
7/7/2011,488.43,40731,2377
7/8/2011,481.39,40732,2378
7/11/2011,472.71,40735,2381
7/12/2011,471.13,40736,2382
7/13/2011,474.3,40737,2383
7/14/2011,471.76,40738,2384
7/15/2011,476.98,40739,2385
7/18/2011,483.3,40742,2388
7/19/2011,486.85,40743,2389
7/20/2011,478.85,40744,2390
7/21/2011,482.49,40745,2391
7/22/2011,483.93,40746,2392
7/25/2011,495.14,40749,2395
7/26/2011,493.75,40750,2396
7/27/2011,483.07,40751,2397
7/28/2011,470.61,40752,2398
7/29/2011,466.58,40753,2399
8/1/2011,465.86,40756,2402
8/2/2011,455.56,40757,2403
8/3/2011,452.97,40758,2404
8/4/2011,448.56,40759,2405
8/5/2011,425.03,40760,2406
8/8/2011,401.84,40763,2409
8/9/2011,395.99,40764,2410
8/10/2011,404.62,40765,2411
8/11/2011,395.51,40766,2412
8/12/2011,390.81,40767,2413
8/16/2011,394.79,40771,2417
8/17/2011,405.62,40772,2418
8/18/2011,380.32,40773,2419
8/19/2011,375.72,40774,2420
8/22/2011,371.07,40777,2423
8/23/2011,380.51,40778,2424
8/24/2011,371.12,40779,2425
8/25/2011,356.88,40780,2426
8/26/2011,347.73,40781,2427
8/29/2011,374.23,40784,2430
8/30/2011,395.89,40785,2431
9/2/2011,380.51,40788,2434
9/5/2011,368.1,40791,2437
9/6/2011,378.31,40792,2438
9/7/2011,389.66,40793,2439
9/8/2011,394.26,40794,2440
9/9/2011,389.14,40795,2441
9/12/2011,361.96,40798,2444
9/13/2011,363.74,40799,2445
9/14/2011,378.78,40800,2446
9/15/2011,386.4,40801,2447
9/16/2011,369.82,40802,2448
9/19/2011,376.05,40805,2451
9/20/2011,386.45,40806,2452
9/21/2011,388.27,40807,2453
9/22/2011,366.85,40808,2454
9/23/2011,371.93,40809,2455
9/26/2011,369.68,40812,2458
9/27/2011,377.01,40813,2459
9/28/2011,390.09,40814,2460
9/29/2011,393.11,40815,2461
9/30/2011,392.16,40816,2462
10/3/2011,384.15,40819,2465
10/4/2011,375.96,40820,2466
10/5/2011,378.93,40821,2467
10/7/2011,388.51,40823,2469
10/10/2011,396.71,40826,2472
10/11/2011,386.55,40827,2473
10/12/2011,401.79,40828,2474
10/13/2011,408.83,40829,2475
10/14/2011,422.11,40830,2476
10/17/2011,421.82,40833,2479
10/18/2011,384.92,40834,2480
10/19/2011,390.57,40835,2481
10/20/2011,394.6,40836,2482
10/21/2011,397.92,40837,2483
10/24/2011,409.24,40840,2486
10/25/2011,413.52,40841,2487
10/26/2011,413.67,40842,2488
10/28/2011,435.1,40844,2490
10/31/2011,427.39,40847,2493
11/1/2011,414.05,40848,2494
11/2/2011,422.14,40849,2495
11/3/2011,421.95,40850,2496
11/4/2011,422.58,40851,2497
11/8/2011,412.66,40855,2501
11/9/2011,410.88,40856,2502
11/11/2011,410.44,40858,2504
11/14/2011,413.48,40861,2507
11/15/2011,409.67,40862,2508
11/16/2011,395.75,40863,2509
11/17/2011,393.54,40864,2510
11/18/2011,389.35,40865,2511
11/21/2011,380.01,40868,2514
11/22/2011,377.31,40869,2515
11/23/2011,370.76,40870,2516
11/24/2011,378.95,40871,2517
11/25/2011,372.45,40872,2518
11/28/2011,375.87,40875,2521
11/29/2011,376.25,40876,2522
11/30/2011,369.65,40877,2523
12/1/2011,385.79,40878,2524
12/2/2011,401.44,40879,2525
12/5/2011,391.9,40882,2528
12/6/2011,391.9,40883,2529
12/7/2011,402.21,40884,2530
12/8/2011,402.35,40885,2531
12/9/2011,392.72,40886,2532
12/12/2011,398.31,40889,2535
12/13/2011,400.96,40890,2536
12/14/2011,396.48,40891,2537
12/15/2011,398.21,40892,2538
12/16/2011,397.15,40893,2539
12/19/2011,396.28,40896,2542
12/20/2011,376.88,40897,2543
12/21/2011,374.9,40898,2544
12/22/2011,374.13,40899,2545
12/23/2011,375.1,40900,2546
12/26/2011,373.89,40903,2549
12/27/2011,377.41,40904,2550
12/28/2011,377.41,40905,2551
12/29/2011,373.55,40906,2552
12/30/2011,373.65,40907,2553
1/2/2012,379.09,40910,2556
1/3/2012,388.34,40911,2557
1/4/2012,402.98,40912,2558
1/5/2012,399.46,40913,2559
1/6/2012,402.16,40914,2560
1/9/2012,399.66,40917,2563
1/10/2012,404.42,40918,2564
1/11/2012,399.99,40919,2565
1/12/2012,390.79,40920,2566
1/13/2012,383.09,40921,2567
1/16/2012,390.99,40924,2570
1/17/2012,409.72,40925,2571
1/18/2012,402.06,40926,2572
1/19/2012,403.51,40927,2573
1/20/2012,404.19,40928,2574
1/23/2012,406.7,40931,2577
1/24/2012,414.64,40932,2578
1/25/2012,407.23,40933,2579
1/26/2012,407.23,40934,2580
1/27/2012,414.2,40935,2581
1/30/2012,415.22,40938,2584
1/31/2012,423.54,40939,2585
2/1/2012,423.78,40940,2586
2/2/2012,446.57,40941,2587
2/3/2012,439.36,40942,2588
2/6/2012,447.83,40945,2591
2/7/2012,445.75,40946,2592
2/8/2012,452.14,40947,2593
2/9/2012,448.51,40948,2594
2/10/2012,453.59,40949,2595
2/13/2012,453.2,40952,2598
2/14/2012,453.15,40953,2599
2/15/2012,454.56,40954,2600
2/16/2012,460.7,40955,2601
2/17/2012,476.67,40956,2602
2/20/2012,476.67,40959,2605
2/21/2012,477.83,40960,2606
2/22/2012,476.24,40961,2607
2/23/2012,479.43,40962,2608
2/24/2012,476.96,40963,2609
2/27/2012,468.98,40966,2612
2/28/2012,466.75,40967,2613
2/29/2012,469.32,40968,2614
3/1/2012,466.46,40969,2615
3/2/2012,466.12,40970,2616
3/5/2012,465.35,40973,2619
3/6/2012,465.88,40974,2620
3/7/2012,478.95,40975,2621
3/8/2012,466.46,40976,2622
3/9/2012,490.56,40977,2623
3/12/2012,490.61,40980,2626
3/13/2012,488.82,40981,2627
3/14/2012,488.53,40982,2628
3/15/2012,480.2,40983,2629
3/16/2012,481.12,40984,2630
3/19/2012,482.86,40987,2633
3/20/2012,476.14,40988,2634
3/21/2012,475.99,40989,2635
3/22/2012,461.62,40990,2636
3/23/2012,469.32,40991,2637
3/26/2012,461.96,40994,2640
3/27/2012,455.62,40995,2641
3/28/2012,455.43,40996,2642
3/29/2012,456.93,40997,2643
3/30/2012,467.67,40998,2644
4/2/2012,485.09,41001,2647
4/3/2012,489.11,41002,2648
4/4/2012,492.64,41003,2649
4/5/2012,492.64,41004,2650
4/6/2012,492.64,41005,2651
4/9/2012,482.24,41008,2654
4/10/2012,475.17,41009,2655
4/11/2012,474.2,41010,2656
4/12/2012,478.46,41011,2657
4/13/2012,463.51,41012,2658
4/16/2012,469.17,41015,2661
4/17/2012,465.35,41016,2662
4/18/2012,478.36,41017,2663
4/19/2012,487.22,41018,2664
4/20/2012,489.06,41019,2665
4/23/2012,481.48,41022,2668
4/24/2012,495.71,41023,2669
4/25/2012,494.55,41024,2670
4/26/2012,486.73,41025,2671
4/27/2012,496.44,41026,2672
4/30/2012,497.51,41029,2675
5/1/2012,497.46,41030,2676
5/2/2012,503.73,41031,2677
5/3/2012,500.62,41032,2678
5/4/2012,498.63,41033,2679
5/7/2012,487.65,41036,2682
5/8/2012,465.11,41037,2683
5/9/2012,472.78,41038,2684
5/10/2012,477.35,41039,2685
5/11/2012,474.68,41040,2686
5/14/2012,471.28,41043,2689
5/15/2012,475.07,41044,2690
5/16/2012,472.1,41045,2691
5/17/2012,471.47,41046,2692
5/18/2012,469.67,41047,2693
5/21/2012,465.84,41050,2696
5/22/2012,473.8,41051,2697
5/23/2012,470.99,41052,2698
5/24/2012,471.91,41053,2699
5/25/2012,473.27,41054,2700
5/28/2012,477.59,41057,2703
5/29/2012,491,41058,2704
5/30/2012,494.74,41059,2705
5/31/2012,489.74,41060,2706
6/1/2012,473.27,41061,2707
6/4/2012,479.83,41064,2710
6/5/2012,481.29,41065,2711
6/6/2012,487.84,41066,2712
6/7/2012,484.88,41067,2713
6/8/2012,481.53,41068,2714
6/11/2012,468.8,41071,2717
6/12/2012,470.99,41072,2718
6/13/2012,476.86,41073,2719
6/14/2012,465.16,41074,2720
6/15/2012,472.15,41075,2721
6/18/2012,456.56,41078,2724
6/19/2012,458.55,41079,2725
6/20/2012,472.93,41080,2726
6/21/2012,468.17,41081,2727
6/22/2012,459.23,41082,2728
6/25/2012,451.65,41085,2731
6/26/2012,447.81,41086,2732
6/27/2012,456.41,41087,2733
6/28/2012,446.02,41088,2734
6/29/2012,462.92,41089,2735
7/2/2012,470.69,41092,2738
7/3/2012,470.79,41093,2739
7/4/2012,469.72,41094,2740
7/5/2012,478.47,41095,2741
7/6/2012,476.52,41096,2742
7/9/2012,473.08,41099,2745
7/10/2012,484.2,41100,2746
7/11/2012,478.81,41101,2747
7/12/2012,467.54,41102,2748
7/13/2012,469.87,41103,2749
7/16/2012,467.68,41106,2752
7/17/2012,465.16,41107,2753
7/18/2012,462.73,41108,2754
7/19/2012,465.89,41109,2755
7/20/2012,466.18,41110,2756
7/23/2012,464.23,41113,2759
7/24/2012,467.15,41114,2760
7/25/2012,498.97,41115,2761
7/26/2012,497.22,41116,2762
7/27/2012,503,41117,2763
7/30/2012,502.13,41120,2766
7/31/2012,503.83,41121,2767
8/1/2012,507.03,41122,2768
8/2/2012,510,41123,2769
8/3/2012,507.57,41124,2770
8/6/2012,508.34,41127,2773
8/7/2012,515.44,41128,2774
8/8/2012,522.09,41129,2775
8/9/2012,521.46,41130,2776
8/10/2012,521.56,41131,2777
8/13/2012,527.49,41134,2780
8/14/2012,534.92,41135,2781
8/15/2012,534.92,41136,2782
8/16/2012,542.21,41137,2783
8/17/2012,541.53,41138,2784
8/20/2012,541.53,41141,2787
8/21/2012,541.91,41142,2788
8/22/2012,537.4,41143,2789
8/23/2012,543.47,41144,2790
8/24/2012,541.57,41145,2791
8/27/2012,542.69,41148,2794
8/28/2012,541.67,41149,2795
8/29/2012,532,41150,2796
8/30/2012,531.03,41151,2797
8/31/2012,528.94,41152,2798
9/3/2012,539.78,41155,2801
9/4/2012,545.56,41156,2802
9/5/2012,546.09,41157,2803
9/6/2012,552.41,41158,2804
9/7/2012,560.62,41159,2805
9/10/2012,557.41,41162,2808
9/11/2012,560.57,41163,2809
9/12/2012,565.72,41164,2810
9/13/2012,571.11,41165,2811
9/14/2012,566.3,41166,2812
9/17/2012,551.53,41169,2815
9/18/2012,557.36,41170,2816
9/19/2012,557.36,41171,2817
9/20/2012,551.97,41172,2818
9/21/2012,553.67,41173,2819
9/24/2012,542.84,41176,2822
9/25/2012,549.25,41177,2823
9/26/2012,552.7,41178,2824
9/27/2012,566.88,41179,2825
9/28/2012,561.05,41180,2826
10/1/2012,564.65,41183,2829
10/2/2012,564.65,41184,2830
10/3/2012,574.56,41185,2831
10/4/2012,572.32,41186,2832
10/5/2012,557.27,41187,2833
10/8/2012,542.89,41190,2836
10/9/2012,544.83,41191,2837
10/10/2012,549.25,41192,2838
10/11/2012,560.47,41193,2839
10/12/2012,565.14,41194,2840
10/15/2012,567.13,41197,2843
10/16/2012,567.9,41198,2844
10/17/2012,564.07,41199,2845
10/18/2012,583.94,41200,2846
10/19/2012,592.1,41201,2847
10/22/2012,597.78,41204,2850
10/23/2012,595.38,41205,2851
10/24/2012,595.38,41206,2852
10/25/2012,595.92,41207,2853
10/26/2012,595.92,41208,2854
10/29/2012,596.65,41211,2857
10/30/2012,593.13,41212,2858
10/31/2012,594.69,41213,2859
11/1/2012,594.79,41214,2860
11/2/2012,600.76,41215,2861
11/5/2012,600.42,41218,2864
11/6/2012,595.09,41219,2865
11/7/2012,602.67,41220,2866
11/8/2012,604.97,41221,2867
11/9/2012,601.25,41222,2868
11/12/2012,606.43,41225,2871
11/13/2012,606.43,41226,2872
11/14/2012,606.43,41227,2873
11/15/2012,607.07,41228,2874
11/16/2012,594.45,41229,2875
11/19/2012,602.37,41232,2878
11/20/2012,600.22,41233,2879
11/21/2012,603.99,41234,2880
11/22/2012,613.57,41235,2881
11/23/2012,622.52,41236,2882
11/26/2012,625.95,41239,2885
11/27/2012,628.83,41240,2886
11/28/2012,628.83,41241,2887
11/29/2012,624.82,41242,2888
11/30/2012,642.13,41243,2889
12/3/2012,633.67,41246,2892
12/4/2012,634.02,41247,2893
12/5/2012,625.02,41248,2894
12/6/2012,611.76,41249,2895
12/7/2012,600.61,41250,2896
12/10/2012,607.75,41253,2899
12/11/2012,600.91,41254,2900
12/12/2012,602.81,41255,2901
12/13/2012,607.56,41256,2902
12/14/2012,617.09,41257,2903
12/17/2012,619.1,41260,2906
12/18/2012,618.9,41261,2907
12/19/2012,627.41,41262,2908
12/20/2012,625.51,41263,2909
12/21/2012,616.16,41264,2910
12/24/2012,622.52,41267,2913
12/25/2012,622.52,41268,2914
12/26/2012,620.57,41269,2915
12/27/2012,611.62,41270,2916
12/28/2012,612.59,41271,2917
12/31/2012,605.16,41274,2920
1/1/2013,608.54,41275,2921
1/2/2013,611.57,41276,2922
1/3/2013,612.25,41277,2923
1/4/2013,620.17,41278,2924
1/7/2013,614.16,41281,2927
1/8/2013,620.81,41282,2928
1/9/2013,621.94,41283,2929
1/10/2013,627.56,41284,2930
1/11/2013,630.74,41285,2931
1/14/2013,658.08,41288,2934
1/15/2013,649.57,41289,2935
1/16/2013,659.06,41290,2936
1/17/2013,688.59,41291,2937
1/18/2013,690.21,41292,2938
1/21/2013,701.54,41295,2941
1/22/2013,684.32,41296,2942
1/23/2013,663.48,41297,2943
1/24/2013,653.62,41298,2944
1/25/2013,668.04,41299,2945
1/28/2013,683.29,41302,2948
1/29/2013,678.68,41303,2949
1/30/2013,675.84,41304,2950
1/31/2013,674.86,41305,2951
2/1/2013,674.81,41306,2952
2/4/2013,669.17,41309,2955
2/5/2013,658.28,41310,2956
2/6/2013,657.25,41311,2957
2/7/2013,655.97,41312,2958
2/8/2013,657.4,41313,2959
2/11/2013,646.9,41316,2962
2/12/2013,665.54,41317,2963
2/13/2013,695.8,41318,2964
2/14/2013,694.72,41319,2965
2/15/2013,683.69,41320,2966
2/18/2013,678,41323,2969
2/19/2013,692.02,41324,2970
2/20/2013,709.04,41325,2971
2/21/2013,706.44,41326,2972
2/22/2013,706.49,41327,2973
2/25/2013,719.54,41330,2976
2/26/2013,712.82,41331,2977
2/27/2013,706.05,41332,2978
2/28/2013,709.58,41333,2979
3/1/2013,708.65,41334,2980
3/4/2013,701.78,41337,2983
3/5/2013,731.41,41338,2984
3/6/2013,741.85,41339,2985
3/7/2013,756.66,41340,2986
3/8/2013,758.38,41341,2987
3/11/2013,767.94,41344,2990
3/12/2013,758.67,41345,2991
3/13/2013,763.73,41346,2992
3/14/2013,776.43,41347,2993
3/15/2013,776.82,41348,2994
3/18/2013,786.73,41351,2997
3/19/2013,766.62,41352,2998
3/20/2013,759.41,41353,2999
3/21/2013,758.33,41354,3000
3/22/2013,753.28,41355,3001
3/25/2013,752.45,41358,3004
3/26/2013,760.59,41359,3005
3/27/2013,760.59,41360,3006
3/28/2013,779.81,41361,3007
3/29/2013,779.81,41362,3008
4/1/2013,773.44,41365,3011
4/2/2013,780.65,41366,3012
4/3/2013,765.64,41367,3013
4/4/2013,731.26,41368,3014
4/5/2013,742.49,41369,3015
4/8/2013,731.11,41372,3018
4/9/2013,726.35,41373,3019
4/10/2013,750.39,41374,3020
4/11/2013,775.6,41375,3021
4/12/2013,761.27,41376,3022
4/15/2013,750.34,41379,3025
4/16/2013,748.23,41380,3026
4/17/2013,736.95,41381,3027
4/18/2013,722.19,41382,3028
4/19/2013,722.19,41383,3029
4/22/2013,709.3,41386,3032
4/23/2013,720.12,41387,3033
4/24/2013,720.12,41388,3034
4/25/2013,707.24,41389,3035
4/26/2013,673.01,41390,3036
4/29/2013,689.28,41393,3039
4/30/2013,709.55,41394,3040
5/1/2013,709.55,41395,3041
5/2/2013,723.66,41396,3042
5/3/2013,738.12,41397,3043
5/6/2013,737.68,41400,3046
5/7/2013,741.12,41401,3047
5/8/2013,738.56,41402,3048
5/9/2013,757.5,41403,3049
5/10/2013,762.17,41404,3050
5/13/2013,745.94,41407,3053
5/14/2013,732.86,41408,3054
5/15/2013,733.3,41409,3055
5/16/2013,726.76,41410,3056
5/17/2013,708.12,41411,3057
5/20/2013,715.84,41414,3060
5/21/2013,724.55,41415,3061
5/22/2013,731.43,41416,3062
5/23/2013,724.74,41417,3063
5/24/2013,725.43,41418,3064
5/27/2013,729.51,41421,3067
5/28/2013,732.61,41422,3068
5/29/2013,735.22,41423,3069
5/30/2013,729.81,41424,3070
5/31/2013,732.61,41425,3071
6/3/2013,729.96,41428,3074
6/4/2013,723.51,41429,3075
6/5/2013,714.86,41430,3076
6/6/2013,735.37,41431,3077
6/7/2013,731.97,41432,3078
6/10/2013,741.07,41435,3081
6/11/2013,743.28,41436,3082
6/12/2013,751.1,41437,3083
6/13/2013,745.1,41438,3084
6/14/2013,751.15,41439,3085
6/17/2013,763.54,41442,3088
6/18/2013,766.99,41443,3089
6/19/2013,766.94,41444,3090
6/20/2013,747.36,41445,3091
6/21/2013,746.28,41446,3092
6/24/2013,748.25,41449,3095
6/25/2013,738.71,41450,3096
6/26/2013,754.45,41451,3097
6/27/2013,782.33,41452,3098
6/28/2013,763.25,41453,3099
7/1/2013,745.94,41456,3102
7/2/2013,753.51,41457,3103
7/3/2013,755.09,41458,3104
7/4/2013,786.61,41459,3105
7/5/2013,782.58,41460,3106
7/8/2013,805.35,41463,3109
7/9/2013,809.23,41464,3110
7/10/2013,825.8,41465,3111
7/11/2013,826.84,41466,3112
7/12/2013,848.43,41467,3113
7/15/2013,860.87,41470,3116
7/16/2013,862.59,41471,3117
7/17/2013,860.87,41472,3118
7/18/2013,844.74,41473,3119
7/19/2013,877.59,41474,3120
7/22/2013,875.62,41477,3123
7/23/2013,885.65,41478,3124
7/24/2013,885.31,41479,3125
7/25/2013,887.57,41480,3126
7/26/2013,888.95,41481,3127
7/29/2013,882.06,41484,3130
7/30/2013,890.77,41485,3131
7/31/2013,922.14,41486,3132
8/1/2013,915.41,41487,3133
8/2/2013,920.57,41488,3134
8/5/2013,934.05,41491,3137
8/6/2013,928.93,41492,3138
8/7/2013,891.7,41493,3139
8/8/2013,891.01,41494,3140
8/9/2013,891.01,41495,3141
8/12/2013,918.01,41498,3144
8/13/2013,925.14,41499,3145
8/14/2013,905.08,41500,3146
8/15/2013,905.08,41501,3147
8/16/2013,905.87,41502,3148
8/19/2013,916.15,41505,3151
8/20/2013,884.38,41506,3152
8/21/2013,871.34,41507,3153
8/22/2013,887.52,41508,3154
8/23/2013,930.8,41509,3155
8/26/2013,929.03,41512,3158
8/27/2013,932.13,41513,3159
8/28/2013,964.04,41514,3160
8/29/2013,1000.93,41515,3161
8/30/2013,1023.35,41516,3162
9/2/2013,1021.29,41519,3165
9/3/2013,1007.03,41520,3166
9/4/2013,1022.22,41521,3167
9/5/2013,1003.14,41522,3168
9/6/2013,1000.24,41523,3169
9/9/2013,1000.24,41526,3172
9/10/2013,1045.19,41527,3173
9/11/2013,1049.03,41528,3174
9/12/2013,1056.7,41529,3175
9/13/2013,1028.57,41530,3176
9/16/2013,980.03,41533,3179
9/17/2013,1020.11,41534,3180
9/18/2013,1011.9,41535,3181
9/19/2013,1007.17,41536,3182
9/20/2013,1044.35,41537,3183
9/23/2013,1073.07,41540,3186
9/24/2013,1054.98,41541,3187
9/25/2013,1045.53,41542,3188
9/26/2013,1034.96,41543,3189
9/27/2013,1055.12,41544,3190
9/30/2013,1069.34,41547,3193
10/1/2013,1053.5,41548,3194
10/2/2013,1053.5,41549,3195
10/3/2013,1086.45,41550,3196
10/4/2013,1078.78,41551,3197
10/7/2013,1100.96,41554,3200
10/8/2013,1088.47,41555,3201
10/9/2013,1093.53,41556,3202
10/10/2013,1099.29,41557,3203
10/11/2013,1138.43,41558,3204
10/14/2013,1140.79,41561,3207
10/15/2013,1142.07,41562,3208
10/16/2013,1142.07,41563,3209
10/17/2013,1065.25,41564,3210
10/18/2013,1084.48,41565,3211
10/21/2013,1066.29,41568,3214
10/22/2013,1092.7,41569,3215
10/23/2013,1090.48,41570,3216
10/24/2013,1039.24,41571,3217
10/25/2013,1062.99,41572,3218
10/28/2013,1047.32,41575,3221
10/29/2013,1064.81,41576,3222
10/30/2013,1070.08,41577,3223
10/31/2013,1079.34,41578,3224
11/1/2013,1086.98,41579,3225
11/4/2013,1086.98,41582,3228
11/5/2013,1084.91,41583,3229
11/6/2013,1067.22,41584,3230
11/7/2013,1086.98,41585,3231
11/8/2013,1098.02,41586,3232
11/11/2013,1085.9,41589,3235
11/12/2013,1081.36,41590,3236
11/13/2013,1080.13,41591,3237
11/14/2013,1068.75,41592,3238
11/15/2013,1068.75,41593,3239
11/18/2013,1080.28,41596,3242
11/19/2013,1086.59,41597,3243
11/20/2013,1071.02,41598,3244
11/21/2013,1046.38,41599,3245
11/22/2013,1034.9,41600,3246
11/25/2013,1037.61,41603,3249
11/26/2013,1044.26,41604,3250
11/27/2013,1043.08,41605,3251
11/28/2013,1046.63,41606,3252
11/29/2013,1070.13,41607,3253
12/2/2013,1116.2,41610,3256
12/3/2013,1102.06,41611,3257
12/4/2013,1100.28,41612,3258
12/5/2013,1092.5,41613,3259
12/6/2013,1110.14,41614,3260
12/9/2013,1126.69,41617,3263
12/10/2013,1137.97,41618,3264
12/11/2013,1159.21,41619,3265
12/12/2013,1163.5,41620,3266
12/13/2013,1163.89,41621,3267
12/16/2013,1168.37,41624,3270
12/17/2013,1153.25,41625,3271
12/18/2013,1186.03,41626,3272
12/19/2013,1224.26,41627,3273
12/20/2013,1225.9,41628,3274
12/23/2013,1228.82,41631,3277
12/24/2013,1225.95,41632,3278
12/25/2013,1225.95,41633,3279
12/26/2013,1233.03,41634,3280
12/27/2013,1234.17,41635,3281
12/30/2013,1234.81,41638,3284
12/31/2013,1250.51,41639,3285
1/1/2014,1246.5,41640,3286
1/2/2014,1239.12,41641,3287
1/3/2014,1247.74,41642,3288
1/6/2014,1238.72,41645,3291
1/7/2014,1244.37,41646,3292
1/8/2014,1234.51,41647,3293
1/9/2014,1272.99,41648,3294
1/10/2014,1285.82,41649,3295
1/13/2014,1330.54,41652,3298
1/14/2014,1308.4,41653,3299
1/15/2014,1317.66,41654,3300
1/16/2014,1377.44,41655,3301
1/17/2014,1366.49,41656,3302
1/20/2014,1416.96,41659,3305
1/21/2014,1426.42,41660,3306
1/22/2014,1434.96,41661,3307
1/23/2014,1402.13,41662,3308
1/24/2014,1402.28,41663,3309
1/27/2014,1414.85,41666,3312
1/28/2014,1402.88,41667,3313
1/29/2014,1412.66,41668,3314
1/30/2014,1424.48,41669,3315
1/31/2014,1452.29,41670,3316
2/3/2014,1443.05,41673,3319
2/4/2014,1392.4,41674,3320
2/5/2014,1384.21,41675,3321
2/6/2014,1399.15,41676,3322
2/7/2014,1390.56,41677,3323
2/10/2014,1406.55,41680,3326
2/11/2014,1463.12,41681,3327
2/12/2014,1480.7,41682,3328
2/13/2014,1479.11,41683,3329
2/14/2014,1487.2,41684,3330
2/17/2014,1492.22,41687,3333
2/18/2014,1476.58,41688,3334
2/19/2014,1484.22,41689,3335
2/20/2014,1462.92,41690,3336
2/21/2014,1527.78,41691,3337
2/24/2014,1519.83,41694,3340
2/25/2014,1538.45,41695,3341
2/26/2014,1561.99,41696,3342
2/27/2014,1561.99,41697,3343
2/28/2014,1564.87,41698,3344
3/3/2014,1494.45,41701,3347
3/4/2014,1471.36,41702,3348
3/5/2014,1452.54,41703,3349
3/6/2014,1481.74,41704,3350
3/7/2014,1477.82,41705,3351
3/10/2014,1431.28,41708,3354
3/11/2014,1444.69,41709,3355
3/12/2014,1450.35,41710,3356
3/13/2014,1449.31,41711,3357
3/14/2014,1407.25,41712,3358
3/17/2014,1407.25,41715,3361
3/18/2014,1403.47,41716,3362
3/19/2014,1394.09,41717,3363
3/20/2014,1397.81,41718,3364
3/21/2014,1416.63,41719,3365
3/24/2014,1404.76,41722,3368
3/25/2014,1388.23,41723,3369
3/26/2014,1387.63,41724,3370
3/27/2014,1379.74,41725,3371
3/28/2014,1396.27,41726,3372
3/31/2014,1381.28,41729,3375
4/1/2014,1408.84,41730,3376
4/2/2014,1416.04,41731,3377
4/3/2014,1414.65,41732,3378
4/4/2014,1388.43,41733,3379
4/7/2014,1396.92,41736,3382
4/8/2014,1396.92,41737,3383
4/9/2014,1370.9,41738,3384
4/10/2014,1348.2,41739,3385
4/11/2014,1391.16,41740,3386
4/14/2014,1391.16,41743,3389
4/15/2014,1415.14,41744,3390
4/16/2014,1402.93,41745,3391
4/17/2014,1415.09,41746,3392
4/18/2014,1415.09,41747,3393
4/21/2014,1429.94,41750,3396
4/22/2014,1446.83,41751,3397
4/23/2014,1432.68,41752,3398
4/24/2014,1432.68,41753,3399
4/25/2014,1443.59,41754,3400
4/28/2014,1413.91,41757,3403
4/29/2014,1408.78,41758,3404
4/30/2014,1397.27,41759,3405
5/1/2014,1397.27,41760,3406
5/2/2014,1419.04,41761,3407
5/5/2014,1376.26,41764,3410
5/6/2014,1377.01,41765,3411
5/7/2014,1315.5,41766,3412
5/8/2014,1334.43,41767,3413
5/9/2014,1365.2,41768,3414
5/12/2014,1388.81,41771,3417
5/13/2014,1427.15,41772,3418
5/14/2014,1405.74,41773,3419
5/15/2014,1400.16,41774,3420
5/16/2014,1359.68,41775,3421
5/19/2014,1301.96,41778,3424
5/20/2014,1303.25,41779,3425
5/21/2014,1330.69,41780,3426
5/22/2014,1318.54,41781,3427
5/23/2014,1335.67,41782,3428
5/26/2014,1380.64,41785,3431
5/27/2014,1377.95,41786,3432
5/28/2014,1434.67,41787,3433
5/29/2014,1394.14,41788,3434
5/30/2014,1412.86,41789,3435
6/2/2014,1377.26,41792,3438
6/3/2014,1342.89,41793,3439
6/4/2014,1303,41794,3440
6/5/2014,1327.56,41795,3441
6/6/2014,1322.38,41796,3442
6/9/2014,1363.51,41799,3445
6/10/2014,1392.64,41800,3446
6/11/2014,1400.16,41801,3447
6/12/2014,1401.11,41802,3448
6/13/2014,1433.18,41803,3449
6/16/2014,1416.75,41806,3452
6/17/2014,1448.62,41807,3453
6/18/2014,1431.09,41808,3454
6/19/2014,1452.75,41809,3455
6/20/2014,1438.16,41810,3456
6/23/2014,1413.36,41813,3459
6/24/2014,1410.27,41814,3460
6/25/2014,1413.21,41815,3461
6/26/2014,1428.35,41816,3462
6/27/2014,1475.51,41817,3463
6/30/2014,1494.13,41820,3466
7/1/2014,1491.55,41821,3467
7/2/2014,1474.36,41822,3468
7/3/2014,1460.57,41823,3469
7/4/2014,1474.41,41824,3470
7/7/2014,1502.45,41827,3473
7/8/2014,1472.22,41828,3474
7/9/2014,1467.29,41829,3475
7/10/2014,1466.5,41830,3476
7/11/2014,1495.38,41831,3477
7/14/2014,1443.14,41834,3480
7/15/2014,1456.64,41835,3481
7/16/2014,1463.76,41836,3482
7/17/2014,1460.92,41837,3483
7/18/2014,1494.23,41838,3484
7/21/2014,1502,41841,3487
7/22/2014,1522.77,41842,3488
7/23/2014,1536.81,41843,3489
7/24/2014,1576.15,41844,3490
7/25/2014,1576.01,41845,3491
7/28/2014,1607.88,41848,3494
7/29/2014,1607.88,41849,3495
7/30/2014,1591.14,41850,3496
7/31/2014,1548.86,41851,3497
8/1/2014,1509.17,41852,3498
8/4/2014,1548.76,41855,3501
8/5/2014,1538.26,41856,3502
8/6/2014,1541.44,41857,3503
8/7/2014,1512.16,41858,3504
8/8/2014,1526.65,41859,3505
8/11/2014,1509.22,41862,3508
8/12/2014,1511.07,41863,3509
8/13/2014,1553.89,41864,3510
8/14/2014,1531.83,41865,3511
8/15/2014,1531.83,41866,3512
8/18/2014,1516.94,41869,3515
8/19/2014,1532.58,41870,3516
8/20/2014,1552.3,41871,3517
8/21/2014,1549.31,41872,3518
8/22/2014,1588.36,41873,3519
8/25/2014,1591.29,41876,3522
8/26/2014,1595.18,41877,3523
8/27/2014,1643.28,41878,3524
8/28/2014,1624.21,41879,3525
8/29/2014,1624.21,41880,3526
9/1/2014,1630.83,41883,3529
9/2/2014,1641.39,41884,3530
9/3/2014,1651.35,41885,3531
9/4/2014,1654.39,41886,3532
9/5/2014,1657.63,41887,3533
9/8/2014,1659.57,41890,3536
9/9/2014,1634.22,41891,3537
9/10/2014,1628.44,41892,3538
9/11/2014,1631.13,41893,3539
9/12/2014,1614.5,41894,3540
9/15/2014,1603.25,41897,3543
9/16/2014,1599.11,41898,3544
9/17/2014,1620.03,41899,3545
9/18/2014,1630.34,41900,3546
9/19/2014,1666.84,41901,3547
9/22/2014,1692.54,41904,3550
9/23/2014,1717.54,41905,3551
9/24/2014,1702.55,41906,3552
9/25/2014,1701.6,41907,3553
9/26/2014,1707.13,41908,3554
9/29/2014,1699.16,41911,3557
9/30/2014,1707.87,41912,3558
10/1/2014,1733.17,41913,3559
10/2/2014,1733.17,41914,3560
10/3/2014,1733.17,41915,3561
10/6/2014,1733.17,41918,3564
10/7/2014,1722.27,41919,3565
10/8/2014,1666.39,41920,3566
10/9/2014,1688.7,41921,3567
10/10/2014,1730.53,41922,3568
10/13/2014,1748.76,41925,3571
10/14/2014,1716.09,41926,3572
10/15/2014,1716.09,41927,3573
10/16/2014,1649.21,41928,3574
10/17/2014,1499.46,41929,3575
10/20/2014,1490.35,41932,3578
10/21/2014,1505.1,41933,3579
10/22/2014,1513.25,41934,3580
10/23/2014,1513.25,41935,3581
10/24/2014,1513.25,41936,3582
