1/3/2005,901.45,38355.00,1.00
1/4/2005,888.9,38356.00,2.00
1/5/2005,872.93,38357.00,3.00
1/6/2005,869.21,38358.00,4.00
1/7/2005,872.21,38359.00,5.00
1/10/2005,848.43,38362.00,8.00
1/11/2005,838.54,38363.00,9.00
1/12/2005,810.73,38364.00,10.00
1/13/2005,837.14,38365.00,11.00
1/14/2005,839.54,38366.00,12.00
1/17/2005,849.62,38369.00,15.00
1/18/2005,835.89,38370.00,16.00
1/19/2005,833.14,38371.00,17.00
1/20/2005,835.61,38372.00,18.00
1/25/2005,813.54,38377.00,23.00
1/27/2005,830.23,38379.00,25.00
1/28/2005,866.62,38380.00,26.00
1/31/2005,879.79,38383.00,29.00
2/1/2005,876.87,38384.00,30.00
2/2/2005,881.14,38385.00,31.00
2/3/2005,893.71,38386.00,32.00
2/4/2005,886.92,38387.00,33.00
2/7/2005,863.34,38390.00,36.00
2/8/2005,869.15,38391.00,37.00
2/9/2005,869.74,38392.00,38.00
2/10/2005,869.49,38393.00,39.00
2/11/2005,894.66,38394.00,40.00
2/14/2005,922.75,38397.00,43.00
2/15/2005,927.96,38398.00,44.00
2/16/2005,928.7,38399.00,45.00
2/17/2005,924.58,38400.00,46.00
2/18/2005,920.65,38401.00,47.00
2/21/2005,911.8,38404.00,50.00
2/22/2005,919.08,38405.00,51.00
2/23/2005,910.4,38406.00,52.00
2/24/2005,920.48,38407.00,53.00
2/25/2005,926.92,38408.00,54.00
2/28/2005,952.72,38411.00,57.00
3/1/2005,927.68,38412.00,58.00
3/2/2005,930.16,38413.00,59.00
3/3/2005,941.8,38414.00,60.00
3/4/2005,950.21,38415.00,61.00
3/7/2005,957.82,38418.00,64.00
3/8/2005,962.92,38419.00,65.00
3/9/2005,957.74,38420.00,66.00
3/11/2005,941.89,38422.00,68.00
3/14/2005,946.78,38425.00,71.00
3/15/2005,940.26,38426.00,72.00
3/16/2005,932.73,38427.00,73.00
3/18/2005,935.64,38429.00,75.00
3/21/2005,951.21,38432.00,78.00
3/22/2005,945.77,38433.00,79.00
3/23/2005,919.67,38434.00,80.00
3/24/2005,918.27,38435.00,81.00
3/28/2005,929.71,38439.00,85.00
3/29/2005,921.46,38440.00,86.00
3/30/2005,923.03,38441.00,87.00
3/31/2005,959.99,38442.00,88.00
4/1/2005,950.91,38443.00,89.00
4/4/2005,947.84,38446.00,92.00
4/5/2005,944.78,38447.00,93.00
4/6/2005,951.1,38448.00,94.00
4/7/2005,930.69,38449.00,95.00
4/8/2005,905,38450.00,96.00
4/12/2005,900.6,38454.00,100.00
4/13/2005,893.77,38455.00,101.00
4/15/2005,832.36,38457.00,103.00
4/18/2005,814,38460.00,106.00
4/19/2005,813.43,38461.00,107.00
4/20/2005,828.49,38462.00,108.00
4/21/2005,827.13,38463.00,109.00
4/22/2005,850.28,38464.00,110.00
4/25/2005,845.67,38467.00,113.00
4/26/2005,832.99,38468.00,114.00
4/27/2005,814.09,38469.00,115.00
4/28/2005,810.45,38470.00,116.00
4/29/2005,802.46,38471.00,117.00
5/2/2005,814.52,38474.00,120.00
5/3/2005,808.69,38475.00,121.00
5/4/2005,824.06,38476.00,122.00
5/5/2005,848.54,38477.00,123.00
5/6/2005,859.77,38478.00,124.00
5/9/2005,891.69,38481.00,127.00
5/10/2005,875.78,38482.00,128.00
5/11/2005,878.65,38483.00,129.00
5/12/2005,876.61,38484.00,130.00
5/13/2005,864.59,38485.00,131.00
5/16/2005,883.73,38488.00,134.00
5/17/2005,877.8,38489.00,135.00
5/19/2005,891.75,38491.00,137.00
5/20/2005,910.36,38492.00,138.00
5/23/2005,907.83,38495.00,141.00
5/24/2005,916.74,38496.00,142.00
5/25/2005,923.41,38497.00,143.00
5/26/2005,937.87,38498.00,144.00
5/30/2005,947.57,38502.00,148.00
5/31/2005,957.11,38503.00,149.00
6/1/2005,950.51,38504.00,150.00
6/2/2005,941.68,38505.00,151.00
6/6/2005,948.13,38509.00,155.00
6/7/2005,955.16,38510.00,156.00
6/8/2005,982.27,38511.00,157.00
6/9/2005,956.82,38512.00,158.00
6/10/2005,946.33,38513.00,159.00
6/14/2005,956.13,38517.00,163.00
6/15/2005,965.33,38518.00,164.00
6/16/2005,975.51,38519.00,165.00
6/17/2005,978.79,38520.00,166.00
6/20/2005,1014.29,38523.00,169.00
6/21/2005,1023.87,38524.00,170.00
6/22/2005,1021.97,38525.00,171.00
6/23/2005,1002.8,38526.00,172.00
6/24/2005,989.46,38527.00,173.00
6/27/2005,1000.3,38530.00,176.00
6/28/2005,980.75,38531.00,177.00
6/29/2005,994.42,38532.00,178.00
6/30/2005,1008.79,38533.00,179.00
7/4/2005,1024.17,38537.00,183.00
7/5/2005,996.84,38538.00,184.00
7/6/2005,1003.4,38539.00,185.00
7/7/2005,992.39,38540.00,186.00
7/8/2005,998.82,38541.00,187.00
7/11/2005,990.63,38544.00,190.00
7/13/2005,943.41,38546.00,192.00
7/14/2005,913.66,38547.00,193.00
7/15/2005,939.34,38548.00,194.00
7/18/2005,971.9,38551.00,197.00
7/19/2005,965.23,38552.00,198.00
7/20/2005,955.34,38553.00,199.00
7/21/2005,944.95,38554.00,200.00
7/22/2005,957.68,38555.00,201.00
7/25/2005,953.46,38558.00,204.00
7/26/2005,952.39,38559.00,205.00
7/27/2005,954.19,38560.00,206.00
7/29/2005,970.38,38562.00,208.00
8/1/2005,968.72,38565.00,211.00
8/2/2005,983.53,38566.00,212.00
8/3/2005,1007.86,38567.00,213.00
8/4/2005,989.65,38568.00,214.00
8/5/2005,980.24,38569.00,215.00
8/8/2005,971.32,38572.00,218.00
8/9/2005,968.52,38573.00,219.00
8/10/2005,990.29,38574.00,220.00
8/11/2005,981.05,38575.00,221.00
8/12/2005,967.38,38576.00,222.00
8/16/2005,962.46,38580.00,226.00
8/17/2005,994.18,38581.00,227.00
8/18/2005,985.92,38582.00,228.00
8/19/2005,987.11,38583.00,229.00
8/22/2005,992.91,38586.00,232.00
8/24/2005,971.15,38588.00,234.00
8/25/2005,974.41,38589.00,235.00
8/26/2005,973.34,38590.00,236.00
8/29/2005,987.02,38593.00,239.00
8/30/2005,1006.62,38594.00,240.00
8/31/2005,1019.15,38595.00,241.00
9/1/2005,1040.4,38596.00,242.00
9/2/2005,1023.26,38597.00,243.00
9/5/2005,1009.99,38600.00,246.00
9/6/2005,1013.96,38601.00,247.00
9/8/2005,1039.01,38603.00,249.00
9/9/2005,1036.78,38604.00,250.00
9/12/2005,1039.24,38607.00,253.00
9/13/2005,1049.26,38608.00,254.00
9/14/2005,1049,38609.00,255.00
9/15/2005,1051.08,38610.00,256.00
9/16/2005,1049.53,38611.00,257.00
9/19/2005,1050.97,38614.00,260.00
9/20/2005,1073.83,38615.00,261.00
9/22/2005,1034.76,38617.00,263.00
9/23/2005,1028.78,38618.00,264.00
9/26/2005,1066.44,38621.00,267.00
9/27/2005,1062.77,38622.00,268.00
9/28/2005,1059.77,38623.00,269.00
9/29/2005,1083.53,38624.00,270.00
9/30/2005,1078.85,38625.00,271.00
10/3/2005,1095.05,38628.00,274.00
10/4/2005,1127.13,38629.00,275.00
10/5/2005,1132.31,38630.00,276.00
10/6/2005,1119.08,38631.00,277.00
10/7/2005,1103.36,38632.00,278.00
10/10/2005,1124.75,38635.00,281.00
10/11/2005,1150.74,38636.00,282.00
10/13/2005,1124.89,38638.00,284.00
10/14/2005,1115.82,38639.00,285.00
10/17/2005,1117.23,38642.00,288.00
10/18/2005,1090.85,38643.00,289.00
10/19/2005,1079.27,38644.00,290.00
10/20/2005,1094.31,38645.00,291.00
10/21/2005,1100.61,38646.00,292.00
10/24/2005,1082.55,38649.00,295.00
10/25/2005,1086.86,38650.00,296.00
10/26/2005,1082.05,38651.00,297.00
10/27/2005,1063.12,38652.00,298.00
10/28/2005,1041.21,38653.00,299.00
10/31/2005,1087.13,38656.00,302.00
11/2/2005,1114.96,38658.00,304.00
11/7/2005,1137.32,38663.00,309.00
11/8/2005,1139.66,38664.00,310.00
11/9/2005,1124.72,38665.00,311.00
11/10/2005,1144.03,38666.00,312.00
11/11/2005,1155.72,38667.00,313.00
11/14/2005,1143.5,38670.00,316.00
11/16/2005,1181.43,38672.00,318.00
11/17/2005,1166.93,38673.00,319.00
11/18/2005,1170.1,38674.00,320.00
11/21/2005,1153.97,38677.00,323.00
11/22/2005,1153.78,38678.00,324.00
11/23/2005,1156.62,38679.00,325.00
11/24/2005,1164.29,38680.00,326.00
11/25/2005,1181.35,38681.00,327.00
11/28/2005,1189.06,38684.00,330.00
11/29/2005,1179.41,38685.00,331.00
11/30/2005,1157.18,38686.00,332.00
12/1/2005,1193.16,38687.00,333.00
12/2/2005,1224.76,38688.00,334.00
12/5/2005,1201.56,38691.00,337.00
12/6/2005,1204.38,38692.00,338.00
12/7/2005,1207.8,38693.00,339.00
12/8/2005,1216.18,38694.00,340.00
12/9/2005,1238.71,38695.00,341.00
12/12/2005,1261.34,38698.00,344.00
12/13/2005,1270.34,38699.00,345.00
12/14/2005,1243.88,38700.00,346.00
12/15/2005,1257.71,38701.00,347.00
12/16/2005,1285.58,38702.00,348.00
12/19/2005,1303.45,38705.00,351.00
12/20/2005,1280.36,38706.00,352.00
12/21/2005,1282.06,38707.00,353.00
12/22/2005,1285.8,38708.00,354.00
12/23/2005,1285.08,38709.00,355.00
12/26/2005,1272.04,38712.00,358.00
12/27/2005,1290.8,38713.00,359.00
12/28/2005,1288.31,38714.00,360.00
12/29/2005,1287.8,38715.00,361.00
12/30/2005,1291.86,38716.00,362.00
1/2/2006,1284.31,38719.00,365.00
1/3/2006,1296.18,38720.00,366.00
1/4/2006,1317.05,38721.00,367.00
1/5/2006,1316.88,38722.00,368.00
1/6/2006,1316.14,38723.00,369.00
1/9/2006,1308.67,38726.00,372.00
1/10/2006,1282.49,38727.00,373.00
1/12/2006,1223.29,38729.00,375.00
1/13/2006,1226.22,38730.00,376.00
1/16/2006,1198.48,38733.00,379.00
1/18/2006,1181.09,38735.00,381.00
1/19/2006,1216.01,38736.00,382.00
1/23/2006,1183.13,38740.00,386.00
1/24/2006,1216.45,38741.00,387.00
1/25/2006,1219.01,38742.00,388.00
1/27/2006,1251.35,38744.00,390.00
1/30/2006,1234.09,38747.00,393.00
1/31/2006,1241.61,38748.00,394.00
2/1/2006,1239.78,38749.00,395.00
2/2/2006,1219.11,38750.00,396.00
2/3/2006,1201.31,38751.00,397.00
2/6/2006,1225.32,38754.00,400.00
2/7/2006,1238.29,38755.00,401.00
2/8/2006,1251.24,38756.00,402.00
2/10/2006,1234.74,38758.00,404.00
2/13/2006,1233.75,38761.00,407.00
2/14/2006,1216.44,38762.00,408.00
2/15/2006,1196.71,38763.00,409.00
2/16/2006,1198.85,38764.00,410.00
2/17/2006,1200.72,38765.00,411.00
2/20/2006,1219.24,38768.00,414.00
2/22/2006,1207.21,38770.00,416.00
2/23/2006,1204.65,38771.00,417.00
2/24/2006,1188.7,38772.00,418.00
2/27/2006,1228.79,38775.00,421.00
2/28/2006,1219.47,38776.00,422.00
3/1/2006,1252.32,38777.00,423.00
3/2/2006,1230.4,38778.00,424.00
3/3/2006,1217.5,38779.00,425.00
3/6/2006,1230.71,38782.00,428.00
3/7/2006,1215.4,38783.00,429.00
3/8/2006,1207.49,38784.00,430.00
3/9/2006,1225.53,38785.00,431.00
3/10/2006,1255.92,38786.00,432.00
3/13/2006,1265.28,38789.00,435.00
3/14/2006,1264.09,38790.00,436.00
3/16/2006,1259.5,38792.00,438.00
3/17/2006,1240.59,38793.00,439.00
3/20/2006,1278.94,38796.00,442.00
3/21/2006,1275.86,38797.00,443.00
3/22/2006,1258.72,38798.00,444.00
3/23/2006,1245.98,38799.00,445.00
3/24/2006,1248.53,38800.00,446.00
3/27/2006,1241.18,38803.00,449.00
3/28/2006,1275.97,38804.00,450.00
3/30/2006,1311.75,38806.00,452.00
3/31/2006,1285.19,38807.00,453.00
4/3/2006,1354.48,38810.00,456.00
4/4/2006,1359.03,38811.00,457.00
4/5/2006,1342.68,38812.00,458.00
4/7/2006,1365.2,38814.00,460.00
4/10/2006,1374.81,38817.00,463.00
4/13/2006,1301.34,38820.00,466.00
4/17/2006,1392.33,38824.00,470.00
4/18/2006,1438.05,38825.00,471.00
4/19/2006,1413.39,38826.00,472.00
4/20/2006,1412.44,38827.00,473.00
4/21/2006,1423.26,38828.00,474.00
4/24/2006,1381.49,38831.00,477.00
4/25/2006,1354.36,38832.00,478.00
4/26/2006,1390.18,38833.00,479.00
4/27/2006,1350.41,38834.00,480.00
5/2/2006,1364.01,38839.00,485.00
5/3/2006,1367.1,38840.00,486.00
5/4/2006,1384.3,38841.00,487.00
5/5/2006,1384.64,38842.00,488.00
5/8/2006,1391.6,38845.00,491.00
5/9/2006,1395.43,38846.00,492.00
5/10/2006,1403.67,38847.00,493.00
5/11/2006,1403.59,38848.00,494.00
5/12/2006,1397.66,38849.00,495.00
5/15/2006,1358.34,38852.00,498.00
5/16/2006,1357.9,38853.00,499.00
5/17/2006,1382.96,38854.00,500.00
5/18/2006,1307.84,38855.00,501.00
5/19/2006,1282.19,38856.00,502.00
5/22/2006,1217.21,38859.00,505.00
5/23/2006,1254.69,38860.00,506.00
5/24/2006,1233.27,38861.00,507.00
5/25/2006,1253.03,38862.00,508.00
5/26/2006,1299.85,38863.00,509.00
5/29/2006,1314.67,38866.00,512.00
5/30/2006,1340.72,38867.00,513.00
6/1/2006,1253.61,38869.00,515.00
6/2/2006,1278.48,38870.00,516.00
6/5/2006,1251.12,38873.00,519.00
6/6/2006,1225.05,38874.00,520.00
6/7/2006,1224.1,38875.00,521.00
6/8/2006,1197.76,38876.00,522.00
6/9/2006,1238.01,38877.00,523.00
6/12/2006,1224.08,38880.00,526.00
6/13/2006,1169.1,38881.00,527.00
6/14/2006,1100.93,38882.00,528.00
6/19/2006,1271.92,38887.00,533.00
6/20/2006,1259.87,38888.00,534.00
6/21/2006,1294.97,38889.00,535.00
6/22/2006,1307.65,38890.00,536.00
6/23/2006,1325.24,38891.00,537.00
6/26/2006,1284.77,38894.00,540.00
6/27/2006,1314.55,38895.00,541.00
6/28/2006,1317.68,38896.00,542.00
6/29/2006,1326.16,38897.00,543.00
6/30/2006,1363.95,38898.00,544.00
7/3/2006,1397.36,38901.00,547.00
7/4/2006,1395.27,38902.00,548.00
7/5/2006,1414.96,38903.00,549.00
7/6/2006,1401.57,38904.00,550.00
7/7/2006,1375.49,38905.00,551.00
7/10/2006,1412.29,38908.00,554.00
7/11/2006,1394.63,38909.00,555.00
7/12/2006,1499.81,38910.00,556.00
7/13/2006,1490.18,38911.00,557.00
7/14/2006,1460.77,38912.00,558.00
7/17/2006,1422.23,38915.00,561.00
7/18/2006,1443.76,38916.00,562.00
7/19/2006,1421.61,38917.00,563.00
7/20/2006,1459.97,38918.00,564.00
7/21/2006,1419.44,38919.00,565.00
7/24/2006,1427.59,38922.00,568.00
7/25/2006,1427.06,38923.00,569.00
7/26/2006,1458.69,38924.00,570.00
7/27/2006,1469.27,38925.00,571.00
7/28/2006,1444.33,38926.00,572.00
7/31/2006,1466.79,38929.00,575.00
8/1/2006,1468.96,38930.00,576.00
8/2/2006,1476.63,38931.00,577.00
8/4/2006,1489.03,38933.00,579.00
8/7/2006,1482.79,38936.00,582.00
8/8/2006,1492.22,38937.00,583.00
8/9/2006,1507.99,38938.00,584.00
8/10/2006,1513.8,38939.00,585.00
8/11/2006,1543.56,38940.00,586.00
8/14/2006,1555.35,38943.00,589.00
8/16/2006,1552.51,38945.00,591.00
8/17/2006,1557.21,38946.00,592.00
8/18/2006,1561.11,38947.00,593.00
8/21/2006,1593.09,38950.00,596.00
8/22/2006,1578.07,38951.00,597.00
8/23/2006,1566.33,38952.00,598.00
8/24/2006,1565.45,38953.00,599.00
8/25/2006,1565.27,38954.00,600.00
8/28/2006,1570.63,38957.00,603.00
8/29/2006,1599.91,38958.00,604.00
8/30/2006,1595.84,38959.00,605.00
8/31/2006,1600.44,38960.00,606.00
9/1/2006,1604.08,38961.00,607.00
9/4/2006,1637.04,38964.00,610.00
9/5/2006,1625.74,38965.00,611.00
9/6/2006,1625.7,38966.00,612.00
9/7/2006,1600.89,38967.00,613.00
9/8/2006,1585.38,38968.00,614.00
9/11/2006,1535.9,38971.00,617.00
9/12/2006,1569.57,38972.00,618.00
9/13/2006,1603.15,38973.00,619.00
9/14/2006,1622.51,38974.00,620.00
9/15/2006,1604.21,38975.00,621.00
9/18/2006,1610.15,38978.00,624.00
9/19/2006,1609.3,38979.00,625.00
9/20/2006,1621.75,38980.00,626.00
9/21/2006,1628.53,38981.00,627.00
9/22/2006,1621.35,38982.00,628.00
9/25/2006,1609.44,38985.00,631.00
9/26/2006,1630.08,38986.00,632.00
9/27/2006,1628.18,38987.00,633.00
9/28/2006,1646.29,38988.00,634.00
9/29/2006,1638.76,38989.00,635.00
10/3/2006,1610.9,38993.00,639.00
10/4/2006,1594.73,38994.00,640.00
10/5/2006,1652.54,38995.00,641.00
10/6/2006,1659.94,38996.00,642.00
10/9/2006,1679.96,38999.00,645.00
10/10/2006,1688.87,39000.00,646.00
10/11/2006,1754.25,39001.00,647.00
10/12/2006,1789.74,39002.00,648.00
10/13/2006,1850.87,39003.00,649.00
10/16/2006,1860.84,39006.00,652.00
10/17/2006,1834.61,39007.00,653.00
10/18/2006,1836.91,39008.00,654.00
10/19/2006,1837.09,39009.00,655.00
10/20/2006,1833.18,39010.00,656.00
10/23/2006,1813.16,39013.00,659.00
10/26/2006,1841.4,39016.00,662.00
10/27/2006,1858.45,39017.00,663.00
10/30/2006,1889.67,39020.00,666.00
10/31/2006,1861.07,39021.00,667.00
11/1/2006,1868.13,39022.00,668.00
11/2/2006,1851.52,39023.00,669.00
11/3/2006,1842.78,39024.00,670.00
11/6/2006,1838.42,39027.00,673.00
11/7/2006,1867.16,39028.00,674.00
11/8/2006,1888.03,39029.00,675.00
11/9/2006,1898.06,39030.00,676.00
11/10/2006,1900.42,39031.00,677.00
11/13/2006,1918.49,39034.00,680.00
11/14/2006,1963.25,39035.00,681.00
11/15/2006,1974,39036.00,682.00
11/16/2006,1953.84,39037.00,683.00
11/17/2006,1941.8,39038.00,684.00
11/20/2006,2001.66,39041.00,687.00
11/21/2006,2004.06,39042.00,688.00
11/22/2006,1976.57,39043.00,689.00
11/23/2006,1986.79,39044.00,690.00
11/24/2006,1985.41,39045.00,691.00
11/27/2006,1969.69,39048.00,694.00
11/28/2006,1922.71,39049.00,695.00
11/29/2006,1915.38,39050.00,696.00
11/30/2006,1935.85,39051.00,697.00
12/1/2006,1949.48,39052.00,698.00
12/4/2006,1960.32,39055.00,701.00
12/5/2006,1988.61,39056.00,702.00
12/6/2006,1997.31,39057.00,703.00
12/7/2006,1975.02,39058.00,704.00
12/8/2006,1949.93,39059.00,705.00
12/11/2006,1949.26,39062.00,708.00
12/12/2006,1922.13,39063.00,709.00
12/13/2006,1909.16,39064.00,710.00
12/14/2006,1950.42,39065.00,711.00
12/15/2006,1983.63,39066.00,712.00
12/18/2006,1975.64,39069.00,715.00
12/19/2006,1916.22,39070.00,716.00
12/20/2006,1927.86,39071.00,717.00
12/21/2006,1921.64,39072.00,718.00
12/22/2006,1930.61,39073.00,719.00
12/26/2006,1971.15,39077.00,723.00
12/27/2006,2000.64,39078.00,724.00
12/28/2006,1996.69,39079.00,725.00
12/29/2006,1991,39080.00,726.00
1/2/2007,2018.4,39084.00,730.00
1/3/2007,2052.77,39085.00,731.00
1/4/2007,2029.64,39086.00,732.00
1/5/2007,2020.53,39087.00,733.00
1/8/2007,1958.85,39090.00,736.00
1/9/2007,1945.09,39091.00,737.00
1/10/2007,1922.31,39092.00,738.00
1/11/2007,1938.78,39093.00,739.00
1/12/2007,1974.66,39094.00,740.00
1/15/2007,1992.03,39097.00,743.00
1/16/2007,1973.6,39098.00,744.00
1/17/2007,1958.72,39099.00,745.00
1/18/2007,1975.33,39100.00,746.00
1/19/2007,1955.97,39101.00,747.00
1/22/2007,2001.84,39104.00,750.00
1/23/2007,1985.1,39105.00,751.00
1/24/2007,1984.12,39106.00,752.00
1/25/2007,1990.29,39107.00,753.00
1/29/2007,1993.31,39111.00,757.00
1/31/2007,1995.89,39113.00,759.00
2/1/2007,2015.12,39114.00,760.00
2/2/2007,2012.1,39115.00,761.00
2/5/2007,2015.43,39118.00,764.00
2/6/2007,2018.67,39119.00,765.00
2/7/2007,2093.36,39120.00,766.00
2/8/2007,2108.15,39121.00,767.00
2/9/2007,2097.09,39122.00,768.00
2/12/2007,2088.21,39125.00,771.00
2/13/2007,2046.42,39126.00,772.00
2/14/2007,2029.06,39127.00,773.00
2/15/2007,2116.36,39128.00,774.00
2/19/2007,2110.28,39132.00,778.00
2/20/2007,2095.94,39133.00,779.00
2/21/2007,2052.37,39134.00,780.00
2/22/2007,2031.59,39135.00,781.00
2/23/2007,1987.36,39136.00,782.00
2/26/2007,1970,39139.00,785.00
2/27/2007,1942.33,39140.00,786.00
2/28/2007,1845.13,39141.00,787.00
3/1/2007,1917.6,39142.00,788.00
3/2/2007,1859.3,39143.00,789.00
3/5/2007,1782.61,39146.00,792.00
3/6/2007,1877.9,39147.00,793.00
3/7/2007,1852.06,39148.00,794.00
3/8/2007,1896.82,39149.00,795.00
3/9/2007,1883.67,39150.00,796.00
3/12/2007,1878.66,39153.00,799.00
3/13/2007,1869.55,39154.00,800.00
3/14/2007,1794.02,39155.00,801.00
3/15/2007,1846.77,39156.00,802.00
3/16/2007,1818.4,39157.00,803.00
3/19/2007,1853.74,39160.00,806.00
3/20/2007,1825.9,39161.00,807.00
3/21/2007,1859.69,39162.00,808.00
3/22/2007,1881.99,39163.00,809.00
3/23/2007,1858.5,39164.00,810.00
3/26/2007,1827.9,39167.00,813.00
3/28/2007,1769.19,39169.00,815.00
3/29/2007,1768,39170.00,816.00
3/30/2007,1792.82,39171.00,817.00
4/2/2007,1707.82,39174.00,820.00
4/3/2007,1744.86,39175.00,821.00
4/4/2007,1771.19,39176.00,822.00
4/5/2007,1769.42,39177.00,823.00
4/9/2007,1818.49,39181.00,827.00
4/10/2007,1775.23,39182.00,828.00
4/11/2007,1772.92,39183.00,829.00
4/12/2007,1816.98,39184.00,830.00
4/13/2007,1853.43,39185.00,831.00
4/16/2007,1890.56,39188.00,834.00
4/17/2007,1849.75,39189.00,835.00
4/18/2007,1844.02,39190.00,836.00
4/19/2007,1811.69,39191.00,837.00
4/20/2007,1825.19,39192.00,838.00
4/23/2007,1837.76,39195.00,841.00
4/24/2007,1827.68,39196.00,842.00
4/25/2007,1792.69,39197.00,843.00
4/26/2007,1793,39198.00,844.00
4/27/2007,1780.83,39199.00,845.00
4/30/2007,1821.42,39202.00,848.00
5/3/2007,1848.77,39205.00,851.00
5/4/2007,1840.11,39206.00,852.00
5/7/2007,1813.42,39209.00,855.00
5/8/2007,1778.25,39210.00,856.00
5/9/2007,1759.03,39211.00,857.00
5/10/2007,1753.34,39212.00,858.00
5/11/2007,1776.79,39213.00,859.00
5/14/2007,1777.94,39216.00,862.00
5/15/2007,1752.68,39217.00,863.00
5/16/2007,1733.36,39218.00,864.00
5/17/2007,1761.6,39219.00,865.00
5/18/2007,1760.18,39220.00,866.00
5/21/2007,1741.09,39223.00,869.00
5/22/2007,1728.96,39224.00,870.00
5/23/2007,1710.31,39225.00,871.00
5/24/2007,1720.3,39226.00,872.00
5/25/2007,1763.38,39227.00,873.00
5/28/2007,1750.99,39230.00,876.00
5/29/2007,1735.13,39231.00,877.00
5/30/2007,1692.9,39232.00,878.00
5/31/2007,1708.31,39233.00,879.00
6/4/2007,1701.92,39237.00,883.00
6/5/2007,1725.81,39238.00,884.00
6/6/2007,1727.28,39239.00,885.00
6/7/2007,1744.03,39240.00,886.00
6/8/2007,1738.42,39241.00,887.00
6/11/2007,1764.22,39244.00,890.00
6/12/2007,1772.86,39245.00,891.00
6/13/2007,1772.19,39246.00,892.00
6/14/2007,1799.33,39247.00,893.00
6/15/2007,1790.59,39248.00,894.00
6/18/2007,1772.82,39251.00,897.00
6/19/2007,1743.54,39252.00,898.00
6/20/2007,1741.4,39253.00,899.00
6/21/2007,1745.19,39254.00,900.00
6/22/2007,1738.37,39255.00,901.00
6/25/2007,1725.76,39258.00,904.00
6/26/2007,1712.84,39259.00,905.00
6/27/2007,1724.61,39260.00,906.00
6/28/2007,1715.43,39261.00,907.00
6/29/2007,1718.99,39262.00,908.00
7/2/2007,1732.18,39265.00,911.00
7/3/2007,1735.34,39266.00,912.00
7/4/2007,1720.77,39267.00,913.00
7/5/2007,1708.08,39268.00,914.00
7/6/2007,1757.09,39269.00,915.00
7/9/2007,1776.65,39272.00,918.00
7/10/2007,1800.48,39273.00,919.00
7/11/2007,1719.53,39274.00,920.00
7/12/2007,1712.89,39275.00,921.00
7/13/2007,1728.57,39276.00,922.00
7/16/2007,1725.05,39279.00,925.00
7/17/2007,1727.46,39280.00,926.00
7/18/2007,1732.8,39281.00,927.00
7/19/2007,1779.1,39282.00,928.00
7/20/2007,1769.96,39283.00,929.00
7/23/2007,1735.7,39286.00,932.00
7/24/2007,1760.03,39287.00,933.00
7/25/2007,1772.28,39288.00,934.00
7/26/2007,1812.83,39289.00,935.00
7/27/2007,1789.21,39290.00,936.00
7/30/2007,1770.1,39293.00,939.00
7/31/2007,1760.65,39294.00,940.00
8/1/2007,1719.39,39295.00,941.00
8/2/2007,1692.39,39296.00,942.00
8/3/2007,1707.94,39297.00,943.00
8/6/2007,1662.18,39300.00,946.00
8/7/2007,1673.9,39301.00,947.00
8/8/2007,1753.03,39302.00,948.00
8/9/2007,1723.63,39303.00,949.00
8/10/2007,1746.48,39304.00,950.00
8/13/2007,1728.97,39307.00,953.00
8/14/2007,1744.88,39308.00,954.00
8/16/2007,1706.7,39310.00,956.00
8/17/2007,1649.62,39311.00,957.00
8/20/2007,1629.84,39314.00,960.00
8/21/2007,1572.81,39315.00,961.00
8/22/2007,1596.87,39316.00,962.00
8/23/2007,1611.39,39317.00,963.00
8/24/2007,1619.14,39318.00,964.00
8/27/2007,1644.09,39321.00,967.00
8/28/2007,1666.37,39322.00,968.00
8/29/2007,1629.84,39323.00,969.00
8/30/2007,1657.46,39324.00,970.00
8/31/2007,1653.01,39325.00,971.00
9/3/2007,1658.58,39328.00,974.00
9/4/2007,1683.3,39329.00,975.00
9/5/2007,1683.13,39330.00,976.00
9/6/2007,1695.73,39331.00,977.00
9/7/2007,1703.8,39332.00,978.00
9/10/2007,1666.37,39335.00,981.00
9/11/2007,1628.05,39336.00,982.00
9/12/2007,1624.49,39337.00,983.00
9/13/2007,1635.18,39338.00,984.00
9/14/2007,1640.53,39339.00,985.00
9/17/2007,1599.54,39342.00,988.00
9/18/2007,1612.91,39343.00,989.00
9/19/2007,1653.9,39344.00,990.00
9/20/2007,1604,39345.00,991.00
9/21/2007,1633.67,39346.00,992.00
9/24/2007,1568.4,39349.00,995.00
9/25/2007,1579.04,39350.00,996.00
9/26/2007,1634.11,39351.00,997.00
9/27/2007,1693.11,39352.00,998.00
9/28/2007,1681.61,39353.00,999.00
10/1/2007,1688.65,39356.00,1002.00
10/3/2007,1783.15,39358.00,1004.00
10/4/2007,1782.22,39359.00,1005.00
10/5/2007,1764.39,39360.00,1006.00
10/8/2007,1782.22,39363.00,1009.00
10/9/2007,1825.88,39364.00,1010.00
10/10/2007,1898.06,39365.00,1011.00
10/11/2007,1752.68,39366.00,1012.00
10/12/2007,1725.19,39367.00,1013.00
10/15/2007,1719.84,39370.00,1016.00
10/16/2007,1657.46,39371.00,1017.00
10/17/2007,1666.37,39372.00,1018.00
10/18/2007,1681.57,39373.00,1019.00
10/19/2007,1707.41,39374.00,1020.00
10/22/2007,1672.54,39377.00,1023.00
10/23/2007,1685.24,39378.00,1024.00
10/24/2007,1649.39,39379.00,1025.00
10/25/2007,1640.45,39380.00,1026.00
10/26/2007,1653.86,39381.00,1027.00
10/29/2007,1663.24,39384.00,1030.00
10/30/2007,1656.54,39385.00,1031.00
10/31/2007,1644.92,39386.00,1032.00
11/1/2007,1680.68,39387.00,1033.00
11/2/2007,1698.56,39388.00,1034.00
11/5/2007,1667.27,39391.00,1037.00
11/6/2007,1655.64,39392.00,1038.00
11/7/2007,1556.41,39393.00,1039.00
11/8/2007,1535.9,39394.00,1040.00
11/9/2007,1517.08,39395.00,1041.00
11/12/2007,1470.59,39398.00,1044.00
11/13/2007,1454.28,39399.00,1045.00
11/14/2007,1519.76,39400.00,1046.00
11/15/2007,1475.37,39401.00,1047.00
11/16/2007,1451.82,39402.00,1048.00
11/19/2007,1446.45,39405.00,1051.00
11/20/2007,1392.01,39406.00,1052.00
11/21/2007,1376.72,39407.00,1053.00
11/22/2007,1366,39408.00,1054.00
11/23/2007,1390.04,39409.00,1055.00
11/26/2007,1409.8,39412.00,1058.00
11/27/2007,1404.88,39413.00,1059.00
11/28/2007,1408.01,39414.00,1060.00
11/29/2007,1398.98,39415.00,1061.00
11/30/2007,1434.83,39416.00,1062.00
12/3/2007,1432.11,39419.00,1065.00
12/4/2007,1443.68,39420.00,1066.00
12/5/2007,1435.73,39421.00,1067.00
12/6/2007,1464.33,39422.00,1068.00
12/7/2007,1529.59,39423.00,1069.00
12/10/2007,1559.68,39426.00,1072.00
12/11/2007,1558.2,39427.00,1073.00
12/12/2007,1500.09,39428.00,1074.00
12/13/2007,1485.79,39429.00,1075.00
12/14/2007,1467.91,39430.00,1076.00
12/17/2007,1452.13,39433.00,1079.00
12/18/2007,1447.35,39434.00,1080.00
12/19/2007,1462.55,39435.00,1081.00
12/20/2007,1524.23,39436.00,1082.00
12/24/2007,1620.78,39440.00,1086.00
12/26/2007,1631.55,39442.00,1088.00
12/27/2007,1613.63,39443.00,1089.00
12/28/2007,1600.22,39444.00,1090.00
12/31/2007,1577.87,39447.00,1093.00
1/1/2008,1560.88,39448.00,1094.00
1/2/2008,1568.93,39449.00,1095.00
1/3/2008,1535.85,39450.00,1096.00
1/4/2008,1515.29,39451.00,1097.00
1/7/2008,1466.43,39454.00,1100.00
1/8/2008,1490.21,39455.00,1101.00
1/9/2008,1475.06,39456.00,1102.00
1/10/2008,1449.94,39457.00,1103.00
1/11/2008,1414.45,39458.00,1104.00
1/14/2008,1369.48,39461.00,1107.00
1/15/2008,1342.75,39462.00,1108.00
1/16/2008,1334.71,39463.00,1109.00
1/17/2008,1333.81,39464.00,1110.00
1/18/2008,1299.66,39465.00,1111.00
1/21/2008,1242.67,39468.00,1114.00
1/22/2008,1287.33,39469.00,1115.00
1/23/2008,1269.45,39470.00,1116.00
1/24/2008,1247.1,39471.00,1117.00
1/25/2008,1365.28,39472.00,1118.00
1/28/2008,1294.48,39475.00,1121.00
1/29/2008,1334.84,39476.00,1122.00
1/30/2008,1332.03,39477.00,1123.00
1/31/2008,1358.84,39478.00,1124.00
2/1/2008,1421.42,39479.00,1125.00
2/4/2008,1470.59,39482.00,1128.00
2/5/2008,1444.67,39483.00,1129.00
2/6/2008,1358.84,39484.00,1130.00
2/7/2008,1326.66,39485.00,1131.00
2/8/2008,1384.77,39486.00,1132.00
2/11/2008,1403.5,39489.00,1135.00
2/12/2008,1380.3,39490.00,1136.00
2/13/2008,1390.13,39491.00,1137.00
2/14/2008,1391.03,39492.00,1138.00
2/15/2008,1400.86,39493.00,1139.00
2/18/2008,1390.13,39496.00,1142.00
2/19/2008,1403.72,39497.00,1143.00
2/20/2008,1401.09,39498.00,1144.00
2/21/2008,1465.23,39499.00,1145.00
2/22/2008,1409.98,39500.00,1146.00
2/25/2008,1450.92,39503.00,1149.00
2/26/2008,1479.53,39504.00,1150.00
2/27/2008,1446.45,39505.00,1151.00
2/28/2008,1430.09,39506.00,1152.00
2/29/2008,1367.65,39507.00,1153.00
3/3/2008,1304.31,39510.00,1156.00
3/4/2008,1269.94,39511.00,1157.00
3/5/2008,1305.21,39512.00,1158.00
3/7/2008,1286.43,39514.00,1160.00
3/10/2008,1274.81,39517.00,1163.00
3/11/2008,1271.41,39518.00,1164.00
3/12/2008,1235.48,39519.00,1165.00
3/13/2008,1187.2,39520.00,1166.00
3/14/2008,1228.23,39521.00,1167.00
3/17/2008,1188.99,39524.00,1170.00
3/18/2008,1164.85,39525.00,1171.00
3/19/2008,1205.97,39526.00,1172.00
3/24/2008,1234.58,39531.00,1177.00
3/25/2008,1333.81,39532.00,1178.00
3/26/2008,1343.65,39533.00,1179.00
3/27/2008,1291.8,39534.00,1180.00
3/28/2008,1367.78,39535.00,1181.00
3/31/2008,1281.52,39538.00,1184.00
4/1/2008,1270.34,39539.00,1185.00
4/2/2008,1325.77,39540.00,1186.00
4/3/2008,1366,39541.00,1187.00
4/4/2008,1321.3,39542.00,1188.00
4/7/2008,1340.97,39545.00,1191.00
4/8/2008,1307.89,39546.00,1192.00
4/9/2008,1321.16,39547.00,1193.00
4/10/2008,1291.8,39548.00,1194.00
4/11/2008,1273.87,39549.00,1195.00
4/15/2008,1350.89,39553.00,1199.00
4/16/2008,1429.47,39554.00,1200.00
4/17/2008,1484.14,39555.00,1201.00
4/21/2008,1474.35,39559.00,1205.00
4/22/2008,1433.04,39560.00,1206.00
4/23/2008,1477.79,39561.00,1207.00
4/24/2008,1509.03,39562.00,1208.00
4/25/2008,1505.46,39563.00,1209.00
4/28/2008,1484,39566.00,1212.00
4/29/2008,1563.57,39567.00,1213.00
4/30/2008,1568.04,39568.00,1214.00
5/2/2008,1599.19,39570.00,1216.00
5/5/2008,1602.01,39573.00,1219.00
5/6/2008,1651.18,39574.00,1220.00
5/7/2008,1649.39,39575.00,1221.00
5/8/2008,1591.28,39576.00,1222.00
5/9/2008,1555.43,39577.00,1223.00
5/12/2008,1584.13,39580.00,1226.00
5/13/2008,1551.05,39581.00,1227.00
5/14/2008,1635.89,39582.00,1228.00
5/15/2008,1688.5,39583.00,1229.00
5/16/2008,1670.84,39584.00,1230.00
5/20/2008,1687.83,39588.00,1234.00
5/21/2008,1673.52,39589.00,1235.00
5/22/2008,1669.05,39590.00,1236.00
5/23/2008,1633.52,39591.00,1237.00
5/26/2008,1687.18,39594.00,1240.00
5/27/2008,1682.43,39595.00,1241.00
5/28/2008,1707.23,39596.00,1242.00
5/29/2008,1711.9,39597.00,1243.00
5/30/2008,1793.35,39598.00,1244.00
6/2/2008,1764.3,39601.00,1247.00
6/3/2008,1747.77,39602.00,1248.00
6/4/2008,1707.09,39603.00,1249.00
6/5/2008,1792.9,39604.00,1250.00
6/6/2008,1810.61,39605.00,1251.00
6/9/2008,1740.51,39608.00,1254.00
6/10/2008,1701.64,39609.00,1255.00
6/11/2008,1725.16,39610.00,1256.00
6/12/2008,1705.18,39611.00,1257.00
6/13/2008,1699.83,39612.00,1258.00
6/16/2008,1737.28,39615.00,1261.00
6/17/2008,1744.5,39616.00,1262.00
6/18/2008,1692.24,39617.00,1263.00
6/19/2008,1687.34,39618.00,1264.00
6/20/2008,1666.23,39619.00,1265.00
6/23/2008,1676.99,39622.00,1268.00
6/24/2008,1607.89,39623.00,1269.00
6/25/2008,1591.5,39624.00,1270.00
6/26/2008,1616.29,39625.00,1271.00
6/27/2008,1548.19,39626.00,1272.00
6/30/2008,1567.25,39629.00,1275.00
7/1/2008,1551,39630.00,1276.00
7/2/2008,1666.37,39631.00,1277.00
7/3/2008,1578.15,39632.00,1278.00
7/4/2008,1589.05,39633.00,1279.00
7/7/2008,1637.04,39636.00,1282.00
7/8/2008,1578.15,39637.00,1283.00
7/9/2008,1657.51,39638.00,1284.00
7/10/2008,1643.8,39639.00,1285.00
7/11/2008,1513.68,39640.00,1286.00
7/14/2008,1412.89,39643.00,1289.00
7/15/2008,1396.68,39644.00,1290.00
7/16/2008,1413.8,39645.00,1291.00
7/17/2008,1436.5,39646.00,1292.00
7/18/2008,1414.71,39647.00,1293.00
7/21/2008,1416.52,39650.00,1296.00
7/22/2008,1434.68,39651.00,1297.00
7/23/2008,1443.76,39652.00,1298.00
7/24/2008,1411.98,39653.00,1299.00
7/25/2008,1410.17,39654.00,1300.00
7/28/2008,1395.64,39657.00,1303.00
7/29/2008,1400.63,39658.00,1304.00
7/30/2008,1451.75,39659.00,1305.00
7/31/2008,1434.68,39660.00,1306.00
8/1/2008,1487.62,39661.00,1307.00
8/4/2008,1503.65,39664.00,1310.00
8/5/2008,1528.07,39665.00,1311.00
8/6/2008,1541.88,39666.00,1312.00
8/7/2008,1566.62,39667.00,1313.00
8/8/2008,1523.67,39668.00,1314.00
8/11/2008,1514.59,39671.00,1317.00
8/12/2008,1456.48,39672.00,1318.00
8/13/2008,1475.63,39673.00,1319.00
8/14/2008,1539.11,39674.00,1320.00
8/18/2008,1546.37,39678.00,1324.00
8/19/2008,1541.06,39679.00,1325.00
8/20/2008,1543.65,39680.00,1326.00
8/21/2008,1503.15,39681.00,1327.00
8/22/2008,1538.2,39682.00,1328.00
8/25/2008,1550,39685.00,1331.00
8/26/2008,1540.74,39686.00,1332.00
8/27/2008,1550.91,39687.00,1333.00
8/28/2008,1543.55,39688.00,1334.00
8/29/2008,1589.05,39689.00,1335.00
9/1/2008,1569.07,39692.00,1338.00
9/2/2008,1616.29,39693.00,1339.00
9/4/2008,1620.01,39695.00,1341.00
9/5/2008,1558.08,39696.00,1342.00
9/8/2008,1588.18,39699.00,1345.00
9/9/2008,1590.86,39700.00,1346.00
9/10/2008,1596.77,39701.00,1347.00
9/11/2008,1586.32,39702.00,1348.00
9/12/2008,1493.84,39703.00,1349.00
9/15/2008,1436.5,39706.00,1352.00
9/16/2008,1434.68,39707.00,1353.00
9/17/2008,1443.04,39708.00,1354.00
9/18/2008,1387.42,39709.00,1355.00
9/19/2008,1471,39710.00,1356.00
9/22/2008,1479.27,39713.00,1359.00
9/23/2008,1409.17,39714.00,1360.00
9/24/2008,1388.83,39715.00,1361.00
9/25/2008,1362.27,39716.00,1362.00
9/26/2008,1314.91,39717.00,1363.00
9/29/2008,1253.17,39720.00,1366.00
9/30/2008,1274.87,39721.00,1367.00
10/1/2008,1319.36,39722.00,1368.00
10/3/2008,1267.61,39724.00,1370.00
10/6/2008,1199.82,39727.00,1373.00
10/7/2008,1188.61,39728.00,1374.00
10/8/2008,1153.24,39729.00,1375.00
10/10/2008,1107.79,39731.00,1377.00
10/13/2008,1189.52,39734.00,1380.00
10/14/2008,1265.79,39735.00,1381.00
10/15/2008,1225.84,39736.00,1382.00
10/16/2008,1147.16,39737.00,1383.00
10/17/2008,1097.76,39738.00,1384.00
10/20/2008,1194.64,39741.00,1387.00
10/21/2008,1221.26,39742.00,1388.00
10/22/2008,1191.07,39743.00,1389.00
10/23/2008,1166.37,39744.00,1390.00
10/24/2008,1134.08,39745.00,1391.00
10/27/2008,1143.73,39748.00,1394.00
10/28/2008,1171.86,39749.00,1395.00
10/29/2008,1211.2,39750.00,1396.00
10/31/2008,1267.23,39752.00,1398.00
11/3/2008,1253.28,39755.00,1401.00
11/4/2008,1219.3,39756.00,1402.00
11/5/2008,1202.14,39757.00,1403.00
11/6/2008,1129.78,39758.00,1404.00
11/7/2008,1167.29,39759.00,1405.00
11/10/2008,1230.41,39762.00,1408.00
11/11/2008,1151.78,39763.00,1409.00
11/12/2008,1149.91,39764.00,1410.00
11/14/2008,1116.2,39766.00,1412.00
11/17/2008,1135.27,39769.00,1415.00
11/18/2008,1084.04,39770.00,1416.00
11/19/2008,1070.32,39771.00,1417.00
11/20/2008,1034.78,39772.00,1418.00
11/21/2008,1075.21,39773.00,1419.00
11/24/2008,1087.7,39776.00,1422.00
11/25/2008,1079.47,39777.00,1423.00
11/26/2008,1087.24,39778.00,1424.00
11/28/2008,1138.93,39780.00,1426.00
12/1/2008,1120.36,39783.00,1429.00
12/2/2008,1110.57,39784.00,1430.00
12/3/2008,1056.6,39785.00,1431.00
12/4/2008,1088.62,39786.00,1432.00
12/5/2008,1040.18,39787.00,1433.00
12/8/2008,1063.92,39790.00,1436.00
12/10/2008,1070.32,39792.00,1438.00
12/11/2008,1037.48,39793.00,1439.00
12/12/2008,1011.77,39794.00,1440.00
12/15/2008,1005.37,39797.00,1443.00
12/16/2008,1032.81,39798.00,1444.00
12/17/2008,1043.84,39799.00,1445.00
12/18/2008,1075.63,39800.00,1446.00
12/19/2008,1089.53,39801.00,1447.00
12/22/2008,1086.83,39804.00,1450.00
12/23/2008,1078.23,39805.00,1451.00
12/24/2008,1070.32,39806.00,1452.00
12/25/2008,1070.32,39807.00,1453.00
12/26/2008,1015.43,39808.00,1454.00
12/29/2008,1023.66,39811.00,1457.00
12/30/2008,1030.98,39812.00,1458.00
12/31/2008,1021.01,39813.00,1459.00
1/1/2009,1051.11,39814.00,1460.00
1/2/2009,1031.62,39815.00,1461.00
1/5/2009,1072.15,39818.00,1464.00
1/6/2009,1079.51,39819.00,1465.00
1/7/2009,1086.37,39820.00,1466.00
1/8/2009,1086.37,39821.00,1467.00
1/9/2009,1087.15,39822.00,1468.00
1/12/2009,1058.15,39825.00,1471.00
1/13/2009,1127.04,39826.00,1472.00
1/14/2009,1197.39,39827.00,1473.00
1/15/2009,1148.08,39828.00,1474.00
1/16/2009,1162.62,39829.00,1475.00
1/19/2009,1155.03,39832.00,1478.00
1/20/2009,1144.14,39833.00,1479.00
1/21/2009,1116.06,39834.00,1480.00
1/22/2009,1125.21,39835.00,1481.00
1/23/2009,1104.17,39836.00,1482.00
1/27/2009,1146.25,39840.00,1486.00
1/28/2009,1175.66,39841.00,1487.00
1/29/2009,1190.62,39842.00,1488.00
1/30/2009,1195.1,39843.00,1489.00
2/2/2009,1166.37,39846.00,1492.00
2/3/2009,1169.76,39847.00,1493.00
2/4/2009,1173.19,39848.00,1494.00
2/5/2009,1153.48,39849.00,1495.00
2/6/2009,1182.43,39850.00,1496.00
2/9/2009,1202.14,39853.00,1499.00
2/10/2009,1197.48,39854.00,1500.00
2/11/2009,1189.84,39855.00,1501.00
2/12/2009,1149.91,39856.00,1502.00
2/13/2009,1147.25,39857.00,1503.00
2/16/2009,1117.89,39860.00,1506.00
2/17/2009,1077.18,39861.00,1507.00
2/18/2009,1080.7,39862.00,1508.00
2/19/2009,1105.54,39863.00,1509.00
2/20/2009,1079.93,39864.00,1510.00
2/24/2009,1078.55,39868.00,1514.00
2/25/2009,1111.49,39869.00,1515.00
2/26/2009,1120.5,39870.00,1516.00
2/27/2009,1122.46,39871.00,1517.00
3/2/2009,1107.83,39874.00,1520.00
3/3/2009,1093.74,39875.00,1521.00
3/4/2009,1095.93,39876.00,1522.00
3/5/2009,1080.38,39877.00,1523.00
3/6/2009,1116.06,39878.00,1524.00
3/9/2009,1100.23,39881.00,1527.00
3/12/2009,1123.01,39884.00,1530.00
3/13/2009,1188.33,39885.00,1531.00
3/16/2009,1180.1,39888.00,1534.00
3/17/2009,1157.96,39889.00,1535.00
3/18/2009,1164.54,39890.00,1536.00
3/19/2009,1186.96,39891.00,1537.00
3/20/2009,1185.31,39892.00,1538.00
3/23/2009,1224.01,39895.00,1541.00
3/24/2009,1202.97,39896.00,1542.00
3/25/2009,1225.2,39897.00,1543.00
3/26/2009,1253.23,39898.00,1544.00
3/27/2009,1225.2,39899.00,1545.00
3/30/2009,1191.07,39902.00,1548.00
3/31/2009,1213.03,39903.00,1549.00
4/1/2009,1259.68,39904.00,1550.00
4/2/2009,1301.76,39905.00,1551.00
4/6/2009,1298.11,39909.00,1555.00
4/7/2009,1298.11,39910.00,1556.00
4/8/2009,1296.46,39911.00,1557.00
4/9/2009,1303.59,39912.00,1558.00
4/10/2009,1303.59,39913.00,1559.00
4/13/2009,1289.87,39916.00,1562.00
4/14/2009,1289.87,39917.00,1563.00
4/15/2009,1252.37,39918.00,1564.00
4/16/2009,1231.33,39919.00,1565.00
4/17/2009,1277.07,39920.00,1566.00
4/20/2009,1283.29,39923.00,1569.00
4/21/2009,1244.27,39924.00,1570.00
4/22/2009,1267.14,39925.00,1571.00
4/23/2009,1331.04,39926.00,1572.00
4/24/2009,1327.38,39927.00,1573.00
4/27/2009,1318.23,39930.00,1576.00
4/28/2009,1310,39931.00,1577.00
4/29/2009,1365.8,39932.00,1578.00
4/30/2009,1365.8,39933.00,1579.00
5/1/2009,1365.8,39934.00,1580.00
5/4/2009,1488.7,39937.00,1583.00
5/5/2009,1434.64,39938.00,1584.00
5/6/2009,1434.55,39939.00,1585.00
5/7/2009,1424.35,39940.00,1586.00
5/8/2009,1390.5,39941.00,1587.00
5/11/2009,1384.6,39944.00,1590.00
5/12/2009,1459.11,39945.00,1591.00
5/13/2009,1436.79,39946.00,1592.00
5/14/2009,1433.73,39947.00,1593.00
5/15/2009,1456.37,39948.00,1594.00
5/18/2009,1646.74,39951.00,1597.00
5/19/2009,1433.5,39952.00,1598.00
5/20/2009,1407.24,39953.00,1599.00
5/21/2009,1376.78,39954.00,1600.00
5/22/2009,1397.64,39955.00,1601.00
5/25/2009,1374.95,39958.00,1604.00
5/26/2009,1413.37,39959.00,1605.00
5/27/2009,1454.54,39960.00,1606.00
5/28/2009,1431.67,39961.00,1607.00
5/29/2009,1463.64,39962.00,1608.00
6/1/2009,1537.6,39965.00,1611.00
6/2/2009,1541.53,39966.00,1612.00
6/3/2009,1544.42,39967.00,1613.00
6/4/2009,1503.15,39968.00,1614.00
6/5/2009,1568.07,39969.00,1615.00
6/8/2009,1599.98,39972.00,1618.00
6/9/2009,1647.93,39973.00,1619.00
6/10/2009,1668.4,39974.00,1620.00
6/11/2009,1617.82,39975.00,1621.00
6/12/2009,1595.37,39976.00,1622.00
6/15/2009,1601.82,39979.00,1625.00
6/16/2009,1587.16,39980.00,1626.00
6/17/2009,1571.48,39981.00,1627.00
6/18/2009,1592.78,39982.00,1628.00
6/19/2009,1633.18,39983.00,1629.00
6/22/2009,1626.77,39986.00,1632.00
6/23/2009,1607.03,39987.00,1633.00
6/24/2009,1618.56,39988.00,1634.00
6/25/2009,1619.71,39989.00,1635.00
6/26/2009,1671.91,39990.00,1636.00
6/29/2009,1650.97,39993.00,1639.00
6/30/2009,1639.31,39994.00,1640.00
7/1/2009,1650.93,39995.00,1641.00
7/2/2009,1656.51,39996.00,1642.00
7/3/2009,1655.95,39997.00,1643.00
7/6/2009,1623.26,40000.00,1646.00
7/7/2009,1607.36,40001.00,1647.00
7/8/2009,1576.92,40002.00,1648.00
7/9/2009,1558.48,40003.00,1649.00
7/10/2009,1583.38,40004.00,1650.00
7/13/2009,1630.96,40007.00,1653.00
7/14/2009,1672.83,40008.00,1654.00
7/15/2009,1653.46,40009.00,1655.00
7/16/2009,1658.07,40010.00,1656.00
7/17/2009,1719.86,40011.00,1657.00
7/20/2009,1815.77,40014.00,1660.00
7/21/2009,1790.04,40015.00,1661.00
7/22/2009,1765.28,40016.00,1662.00
7/23/2009,1813,40017.00,1663.00
7/24/2009,1846.2,40018.00,1664.00
7/27/2009,1864.73,40021.00,1667.00
7/28/2009,1834.58,40022.00,1668.00
7/29/2009,1830.52,40023.00,1669.00
7/30/2009,1853.07,40024.00,1670.00
7/31/2009,1901.11,40025.00,1671.00
8/3/2009,1913.52,40028.00,1674.00
8/4/2009,1890.28,40029.00,1675.00
8/5/2009,1936.57,40030.00,1676.00
8/6/2009,1897.47,40031.00,1677.00
8/7/2009,1878.24,40032.00,1678.00
8/10/2009,1909.37,40035.00,1681.00
8/11/2009,1927.35,40036.00,1682.00
8/12/2009,1886.59,40037.00,1683.00
8/13/2009,1906.23,40038.00,1684.00
8/14/2009,1878.01,40039.00,1685.00
8/17/2009,1830.52,40042.00,1688.00
8/18/2009,1830.52,40043.00,1689.00
8/19/2009,1830.52,40044.00,1690.00
8/20/2009,1830.52,40045.00,1691.00
8/21/2009,1830.52,40046.00,1692.00
8/24/2009,1908.91,40049.00,1695.00
8/25/2009,1932.88,40050.00,1696.00
8/26/2009,2010.07,40051.00,1697.00
8/27/2009,2031.37,40052.00,1698.00
8/28/2009,2016.85,40053.00,1699.00
8/31/2009,1964.24,40056.00,1702.00
9/1/2009,1970.79,40057.00,1703.00
9/2/2009,1996.1,40058.00,1704.00
9/3/2009,2017.72,40059.00,1705.00
9/4/2009,2027.87,40060.00,1706.00
9/7/2009,2052.77,40063.00,1709.00
9/8/2009,2033.12,40064.00,1710.00
9/9/2009,2023.26,40065.00,1711.00
9/10/2009,2060.14,40066.00,1712.00
9/11/2009,2093.67,40067.00,1713.00
9/14/2009,2078.59,40070.00,1716.00
9/15/2009,2091.5,40071.00,1717.00
9/16/2009,2141.39,40072.00,1718.00
9/17/2009,2170.85,40073.00,1719.00
9/18/2009,2175.14,40074.00,1720.00
9/21/2009,2175.14,40077.00,1723.00
9/22/2009,2214.15,40078.00,1724.00
9/23/2009,2186.48,40079.00,1725.00
9/24/2009,2113.77,40080.00,1726.00
9/25/2009,2070.29,40081.00,1727.00
9/28/2009,2070.29,40084.00,1730.00
9/29/2009,2113.17,40085.00,1731.00
9/30/2009,2124.6,40086.00,1732.00
10/1/2009,2158.82,40087.00,1733.00
10/2/2009,2158.82,40088.00,1734.00
10/5/2009,2148.63,40091.00,1737.00
10/6/2009,2128.39,40092.00,1738.00
10/7/2009,2076.74,40093.00,1739.00
10/8/2009,2038.66,40094.00,1740.00
10/9/2009,2011.31,40095.00,1741.00
10/12/2009,2061.07,40098.00,1744.00
10/13/2009,2061.07,40099.00,1745.00
10/14/2009,2084.12,40100.00,1746.00
10/15/2009,2056.61,40101.00,1747.00
10/16/2009,2033.18,40102.00,1748.00
10/19/2009,2033.18,40105.00,1751.00
10/20/2009,2028.54,40106.00,1752.00
10/21/2009,2051.7,40107.00,1753.00
10/22/2009,2056.33,40108.00,1754.00
10/23/2009,2089.26,40109.00,1755.00
10/26/2009,2099.5,40112.00,1758.00
10/27/2009,2076.71,40113.00,1759.00
10/28/2009,2094.68,40114.00,1760.00
10/29/2009,2046.98,40115.00,1761.00
10/30/2009,2051.42,40116.00,1762.00
11/2/2009,2051.42,40119.00,1765.00
11/3/2009,1977.6,40120.00,1766.00
11/4/2009,2071.15,40121.00,1767.00
11/5/2009,2054.48,40122.00,1768.00
11/6/2009,2060.41,40123.00,1769.00
11/9/2009,2068.7,40126.00,1772.00
11/10/2009,2063.74,40127.00,1773.00
11/11/2009,2137.66,40128.00,1774.00
11/12/2009,2162.53,40129.00,1775.00
11/13/2009,2182.58,40130.00,1776.00
11/16/2009,2179.34,40133.00,1779.00
11/17/2009,2218.43,40134.00,1780.00
11/18/2009,2254.56,40135.00,1781.00
11/19/2009,2221.21,40136.00,1782.00
11/20/2009,2246.22,40137.00,1783.00
11/23/2009,2234.18,40140.00,1786.00
11/24/2009,2248.16,40141.00,1787.00
11/25/2009,2259.19,40142.00,1788.00
11/26/2009,2203.61,40143.00,1789.00
11/27/2009,2155.44,40144.00,1790.00
11/30/2009,2208.47,40147.00,1793.00
12/1/2009,2214.4,40148.00,1794.00
12/2/2009,2227.69,40149.00,1795.00
12/3/2009,2202.68,40150.00,1796.00
12/4/2009,2210.74,40151.00,1797.00
12/7/2009,2209.17,40154.00,1800.00
12/8/2009,2269.79,40155.00,1801.00
12/9/2009,2274.01,40156.00,1802.00
12/10/2009,2274.93,40157.00,1803.00
12/11/2009,2272.62,40158.00,1804.00
12/14/2009,2311.06,40161.00,1807.00
12/15/2009,2321.99,40162.00,1808.00
12/16/2009,2365.71,40163.00,1809.00
12/17/2009,2369.23,40164.00,1810.00
12/18/2009,2345.33,40165.00,1811.00
12/21/2009,2317.91,40168.00,1814.00
12/22/2009,2322.82,40169.00,1815.00
12/23/2009,2394.75,40170.00,1816.00
12/24/2009,2406.19,40171.00,1817.00
12/25/2009,2406.19,40172.00,1818.00
12/28/2009,2406.19,40175.00,1821.00
12/29/2009,2386.83,40176.00,1822.00
12/30/2009,2386.09,40177.00,1823.00
12/31/2009,2412.67,40178.00,1824.00
1/1/2010,2412.67,40179.00,1825.00
1/4/2010,2419.25,40182.00,1828.00
1/5/2010,2424.99,40183.00,1829.00
1/6/2010,2389.79,40184.00,1830.00
1/7/2010,2335.14,40185.00,1831.00
1/8/2010,2283.27,40186.00,1832.00
1/11/2010,2312.59,40189.00,1835.00
1/12/2010,2391.18,40190.00,1836.00
1/13/2010,2481.49,40191.00,1837.00
1/14/2010,2490.94,40192.00,1838.00
1/15/2010,2477.79,40193.00,1839.00
1/18/2010,2488.3,40196.00,1842.00
1/19/2010,2440.74,40197.00,1843.00
1/20/2010,2466.21,40198.00,1844.00
1/21/2010,2431.47,40199.00,1845.00
1/22/2010,2379.56,40200.00,1846.00
1/25/2010,2352.74,40203.00,1849.00
1/26/2010,2440.74,40204.00,1850.00
1/27/2010,2317.91,40205.00,1851.00
1/28/2010,2313.84,40206.00,1852.00
1/29/2010,2315.69,40207.00,1853.00
2/1/2010,2343.48,40210.00,1856.00
2/2/2010,2254.74,40211.00,1857.00
2/3/2010,2286.88,40212.00,1858.00
2/4/2010,2244.51,40213.00,1859.00
2/5/2010,2179.25,40214.00,1860.00
2/8/2010,2226.4,40217.00,1863.00
2/9/2010,2291.42,40218.00,1864.00
2/10/2010,2285.08,40219.00,1865.00
2/11/2010,2314.25,40220.00,1866.00
2/15/2010,2314.44,40224.00,1870.00
2/16/2010,2354.08,40225.00,1871.00
2/17/2010,2332.96,40226.00,1872.00
2/18/2010,2346.86,40227.00,1873.00
2/19/2010,2345.7,40228.00,1874.00
2/22/2010,2379,40231.00,1877.00
2/23/2010,2391,40232.00,1878.00
2/24/2010,2386.36,40233.00,1879.00
2/25/2010,2424.39,40234.00,1880.00
2/26/2010,2410.12,40235.00,1881.00
3/2/2010,2446.29,40239.00,1885.00
3/3/2010,2469.68,40240.00,1886.00
3/4/2010,2430.36,40241.00,1887.00
3/5/2010,2441.39,40242.00,1888.00
3/8/2010,2463.48,40245.00,1891.00
3/9/2010,2486.08,40246.00,1892.00
3/10/2010,2463.2,40247.00,1893.00
3/11/2010,2485.15,40248.00,1894.00
3/12/2010,2476.17,40249.00,1895.00
3/15/2010,2502.1,40252.00,1898.00
3/16/2010,2530.91,40253.00,1899.00
3/17/2010,2536.42,40254.00,1900.00
3/18/2010,2582.09,40255.00,1901.00
3/19/2010,2567.96,40256.00,1902.00
3/22/2010,2554.11,40259.00,1905.00
3/23/2010,2570.88,40260.00,1906.00
3/25/2010,2606.49,40262.00,1908.00
3/26/2010,2570.28,40263.00,1909.00
3/29/2010,2516.37,40266.00,1912.00
3/30/2010,2449.17,40267.00,1913.00
3/31/2010,2423.09,40268.00,1914.00
4/1/2010,2473.57,40269.00,1915.00
4/5/2010,2480.52,40273.00,1919.00
4/6/2010,2455.79,40274.00,1920.00
4/7/2010,2448.84,40275.00,1921.00
4/8/2010,2467.37,40276.00,1922.00
4/9/2010,2478.9,40277.00,1923.00
4/12/2010,2485.29,40280.00,1926.00
4/13/2010,2572.27,40281.00,1927.00
4/15/2010,2595.05,40283.00,1929.00
4/16/2010,2583.01,40284.00,1930.00
4/19/2010,2549.02,40287.00,1933.00
4/20/2010,2526.23,40288.00,1934.00
4/21/2010,2512.48,40289.00,1935.00
4/22/2010,2517.99,40290.00,1936.00
4/23/2010,2525.91,40291.00,1937.00
4/26/2010,2537.02,40294.00,1940.00
4/27/2010,2535.63,40295.00,1941.00
4/28/2010,2500.48,40296.00,1942.00
4/29/2010,2509.42,40297.00,1943.00
4/30/2010,2536.28,40298.00,1944.00
5/3/2010,2496.22,40301.00,1947.00
5/4/2010,2469.59,40302.00,1948.00
5/5/2010,2494.46,40303.00,1949.00
5/6/2010,2462.18,40304.00,1950.00
5/7/2010,2423.93,40305.00,1951.00
5/10/2010,2478.44,40308.00,1954.00
5/11/2010,2464.59,40309.00,1955.00
5/12/2010,2483.99,40310.00,1956.00
5/13/2010,2506.64,40311.00,1957.00
5/14/2010,2456.39,40312.00,1958.00
5/17/2010,2423.46,40315.00,1961.00
5/18/2010,2435.36,40316.00,1962.00
5/19/2010,2410.96,40317.00,1963.00
5/20/2010,2409.01,40318.00,1964.00
5/21/2010,2391.41,40319.00,1965.00
5/24/2010,2408.69,40322.00,1968.00
5/25/2010,2346.63,40323.00,1969.00
5/26/2010,2442.28,40324.00,1970.00
5/27/2010,2463.05,40325.00,1971.00
5/28/2010,2494.83,40326.00,1972.00
5/31/2010,2476.71,40329.00,1975.00
6/1/2010,2445.35,40330.00,1976.00
6/2/2010,2460.17,40331.00,1977.00
6/3/2010,2513.98,40332.00,1978.00
6/4/2010,2542.82,40333.00,1979.00
6/7/2010,2489.42,40336.00,1982.00
6/8/2010,2473.44,40337.00,1983.00
6/9/2010,2445.91,40338.00,1984.00
6/10/2010,2465.1,40339.00,1985.00
6/11/2010,2451.31,40340.00,1986.00
6/14/2010,2559.08,40343.00,1989.00
6/15/2010,2548.17,40344.00,1990.00
6/16/2010,2580.51,40345.00,1991.00
6/17/2010,2576.27,40346.00,1992.00
6/18/2010,2596.16,40347.00,1993.00
6/21/2010,2609.77,40350.00,1996.00
6/22/2010,2578.36,40351.00,1997.00
6/23/2010,2606.92,40352.00,1998.00
6/24/2010,2630.17,40353.00,1999.00
6/25/2010,2588.24,40354.00,2000.00
6/28/2010,2617.41,40357.00,2003.00
6/29/2010,2603.01,40358.00,2004.00
6/30/2010,2600.63,40359.00,2005.00
7/1/2010,2578.32,40360.00,2006.00
7/2/2010,2541.47,40361.00,2007.00
7/5/2010,2556.33,40364.00,2010.00
7/6/2010,2595.14,40365.00,2011.00
7/7/2010,2592.01,40366.00,2012.00
7/8/2010,2635.58,40367.00,2013.00
7/9/2010,2677.79,40368.00,2014.00
7/12/2010,2698.38,40371.00,2017.00
7/13/2010,2605.99,40372.00,2018.00
7/14/2010,2555.81,40373.00,2019.00
7/15/2010,2571.38,40374.00,2020.00
7/16/2010,2587.59,40375.00,2021.00
7/19/2010,2581.49,40378.00,2024.00
7/20/2010,2571.42,40379.00,2025.00
7/21/2010,2582.6,40380.00,2026.00
7/22/2010,2566.62,40381.00,2027.00
7/23/2010,2596.39,40382.00,2028.00
7/26/2010,2613.17,40385.00,2031.00
7/27/2010,2635.86,40386.00,2032.00
7/28/2010,2638.93,40387.00,2033.00
7/29/2010,2639.91,40388.00,2034.00
7/30/2010,2598.21,40389.00,2035.00
8/2/2010,2606.18,40392.00,2038.00
8/3/2010,2594.39,40393.00,2039.00
8/4/2010,2678.44,40394.00,2040.00
8/5/2010,2673.55,40395.00,2041.00
8/6/2010,2668.47,40396.00,2042.00
8/9/2010,2678.58,40399.00,2045.00
8/10/2010,2636.09,40400.00,2046.00
8/11/2010,2619.18,40401.00,2047.00
8/12/2010,2583.58,40402.00,2048.00
8/13/2010,2587.82,40403.00,2049.00
8/16/2010,2573.52,40406.00,2052.00
8/17/2010,2562.9,40407.00,2053.00
8/18/2010,2615.78,40408.00,2054.00
8/19/2010,2613.31,40409.00,2055.00
8/20/2010,2580.69,40410.00,2056.00
8/23/2010,2611.96,40413.00,2059.00
8/24/2010,2576.64,40414.00,2060.00
8/25/2010,2581.9,40415.00,2061.00
8/26/2010,2577.01,40416.00,2062.00
8/27/2010,2525.07,40417.00,2063.00
8/30/2010,2516.26,40420.00,2066.00
8/31/2010,2528.75,40421.00,2067.00
9/1/2010,2586.8,40422.00,2068.00
9/2/2010,2565.23,40423.00,2069.00
9/3/2010,2588.01,40424.00,2070.00
9/6/2010,2638.51,40427.00,2073.00
9/7/2010,2669.54,40428.00,2074.00
9/8/2010,2683,40429.00,2075.00
9/9/2010,2697.54,40430.00,2076.00
9/13/2010,2736.58,40434.00,2080.00
9/14/2010,2772.64,40435.00,2081.00
9/15/2010,2844.62,40436.00,2082.00
9/16/2010,2763.65,40437.00,2083.00
9/17/2010,2767.56,40438.00,2084.00
9/20/2010,2803.39,40441.00,2087.00
9/21/2010,2850.49,40442.00,2088.00
9/22/2010,2808.7,40443.00,2089.00
9/23/2010,2816.72,40444.00,2090.00
9/24/2010,2841.13,40445.00,2091.00
9/27/2010,2825.76,40448.00,2094.00
9/28/2010,2810.85,40449.00,2095.00
9/29/2010,2824.31,40450.00,2096.00
9/30/2010,2842.43,40451.00,2097.00
10/1/2010,2890.56,40452.00,2098.00
10/4/2010,2868.48,40455.00,2101.00
10/5/2010,2874.3,40456.00,2102.00
10/6/2010,2892.1,40457.00,2103.00
10/7/2010,2845.18,40458.00,2104.00
10/8/2010,2866.47,40459.00,2105.00
10/11/2010,2864.75,40462.00,2108.00
10/12/2010,2865.45,40463.00,2109.00
10/13/2010,2937.8,40464.00,2110.00
10/14/2010,2967.99,40465.00,2111.00
10/15/2010,2866.47,40466.00,2112.00
10/18/2010,2895.13,40469.00,2115.00
10/19/2010,2804.88,40470.00,2116.00
10/20/2010,2812.71,40471.00,2117.00
10/21/2010,2836.88,40472.00,2118.00
10/22/2010,2854.36,40473.00,2119.00
10/25/2010,2822.57,40476.00,2122.00
10/26/2010,2817.62,40477.00,2123.00
10/27/2010,2786.16,40478.00,2124.00
10/28/2010,2777.42,40479.00,2125.00
10/29/2010,2778.21,40480.00,2126.00
11/1/2010,2806.21,40483.00,2129.00
11/2/2010,2829.96,40484.00,2130.00
11/3/2010,2827.43,40485.00,2131.00
11/4/2010,2876.8,40486.00,2132.00
11/5/2010,2878.43,40487.00,2133.00
11/8/2010,2819.53,40490.00,2136.00
11/9/2010,2860.58,40491.00,2137.00
11/10/2010,2881.94,40492.00,2138.00
11/11/2010,2855.76,40493.00,2139.00
11/12/2010,2802.66,40494.00,2140.00
11/15/2010,2832.76,40497.00,2143.00
11/16/2010,2777.51,40498.00,2144.00
11/18/2010,2808.36,40500.00,2146.00
11/19/2010,2770.83,40501.00,2147.00
11/22/2010,2845.52,40504.00,2150.00
11/23/2010,2815.98,40505.00,2151.00
11/24/2010,2800.84,40506.00,2152.00
11/25/2010,2864.83,40507.00,2153.00
11/26/2010,2843.98,40508.00,2154.00
11/29/2010,2864.46,40511.00,2157.00
11/30/2010,2852.35,40512.00,2158.00
12/1/2010,2853.66,40513.00,2159.00
12/2/2010,2896.76,40514.00,2160.00
12/3/2010,2921.53,40515.00,2161.00
12/6/2010,2938.73,40518.00,2164.00
12/7/2010,2971.64,40519.00,2165.00
12/8/2010,2927.28,40520.00,2166.00
12/9/2010,2946.26,40521.00,2167.00
12/10/2010,2939.53,40522.00,2168.00
12/13/2010,2940.51,40525.00,2171.00
12/14/2010,2952.99,40526.00,2172.00
12/15/2010,2994.87,40527.00,2173.00
12/16/2010,3078.87,40528.00,2174.00
12/20/2010,3131.83,40532.00,2178.00
12/21/2010,3112.48,40533.00,2179.00
12/22/2010,3115.52,40534.00,2180.00
12/23/2010,3148.62,40535.00,2181.00
12/24/2010,3150.72,40536.00,2182.00
12/27/2010,3157.03,40539.00,2185.00
12/28/2010,3162.41,40540.00,2186.00
12/29/2010,3183.21,40541.00,2187.00
12/30/2010,3222.52,40542.00,2188.00
12/31/2010,3218.59,40543.00,2189.00
1/3/2011,3233.18,40546.00,2192.00
1/4/2011,3254.77,40547.00,2193.00
1/5/2011,3234.35,40548.00,2194.00
1/6/2011,3251.69,40549.00,2195.00
1/7/2011,3151.28,40550.00,2196.00
1/10/2011,3174.65,40553.00,2199.00
1/11/2011,3109.16,40554.00,2200.00
1/12/2011,3157.4,40555.00,2201.00
1/13/2011,2996.51,40556.00,2202.00
1/14/2011,2995.67,40557.00,2203.00
1/17/2011,3055.97,40560.00,2206.00
1/18/2011,3106.64,40561.00,2207.00
1/19/2011,3038.02,40562.00,2208.00
1/20/2011,3081.3,40563.00,2209.00
1/21/2011,3032.64,40564.00,2210.00
1/24/2011,3070.79,40567.00,2213.00
1/25/2011,3047.41,40568.00,2214.00
1/27/2011,2988.75,40570.00,2216.00
1/28/2011,2961.87,40571.00,2217.00
1/31/2011,2914.71,40574.00,2220.00
2/1/2011,2888.06,40575.00,2221.00
2/2/2011,2888.11,40576.00,2222.00
2/3/2011,2914.61,40577.00,2223.00
2/4/2011,2849.45,40578.00,2224.00
2/7/2011,2886.43,40581.00,2227.00
2/8/2011,2894.98,40582.00,2228.00
2/9/2011,2926.86,40583.00,2229.00
2/10/2011,2854.41,40584.00,2230.00
2/11/2011,2842.86,40585.00,2231.00
2/14/2011,2902.41,40588.00,2234.00
2/15/2011,2904.28,40589.00,2235.00
2/16/2011,2900.96,40590.00,2236.00
2/17/2011,2910.64,40591.00,2237.00
2/18/2011,2898.44,40592.00,2238.00
2/21/2011,2959.16,40595.00,2241.00
2/22/2011,2937.28,40596.00,2242.00
2/23/2011,2878.34,40597.00,2243.00
2/24/2011,2812.9,40598.00,2244.00
2/25/2011,2811.49,40599.00,2245.00
2/28/2011,2801.96,40602.00,2248.00
3/1/2011,2881.7,40603.00,2249.00
3/3/2011,2829.07,40605.00,2251.00
3/4/2011,2862.82,40606.00,2252.00
3/7/2011,2844.59,40609.00,2255.00
3/8/2011,2913.4,40610.00,2256.00
3/9/2011,2893.95,40611.00,2257.00
3/10/2011,2889.04,40612.00,2258.00
3/11/2011,2855.06,40613.00,2259.00
3/14/2011,2898.91,40616.00,2262.00
3/15/2011,2832.86,40617.00,2263.00
3/16/2011,2833.56,40618.00,2264.00
3/17/2011,2784.76,40619.00,2265.00
3/18/2011,2749.61,40620.00,2266.00
3/21/2011,2732.03,40623.00,2269.00
3/22/2011,2751.43,40624.00,2270.00
3/23/2011,2798.45,40625.00,2271.00
3/24/2011,2807.29,40626.00,2272.00
3/25/2011,2957.1,40627.00,2273.00
3/28/2011,2935.13,40630.00,2276.00
3/29/2011,2966.73,40631.00,2277.00
3/30/2011,2964.44,40632.00,2278.00
3/31/2011,3030.26,40633.00,2279.00
4/1/2011,3008.62,40634.00,2280.00
4/4/2011,3069.38,40637.00,2283.00
4/5/2011,3069.48,40638.00,2284.00
4/6/2011,3061.9,40639.00,2285.00
4/7/2011,3034.56,40640.00,2286.00
4/8/2011,3017.17,40641.00,2287.00
4/11/2011,3030.54,40644.00,2290.00
4/13/2011,3090.93,40646.00,2292.00
4/15/2011,2794.85,40648.00,2294.00
4/18/2011,2716.88,40651.00,2297.00
4/19/2011,2699.35,40652.00,2298.00
4/20/2011,2718.01,40653.00,2299.00
4/21/2011,2720.53,40654.00,2300.00
4/25/2011,2749.79,40658.00,2304.00
4/26/2011,2750.77,40659.00,2305.00
4/27/2011,2760.87,40660.00,2306.00
4/28/2011,2738.43,40661.00,2307.00
4/29/2011,2717.02,40662.00,2308.00
5/2/2011,2732.26,40665.00,2311.00
5/3/2011,2721.51,40666.00,2312.00
5/4/2011,2682.9,40667.00,2313.00
5/5/2011,2663.03,40668.00,2314.00
5/6/2011,2704.64,40669.00,2315.00
5/9/2011,2719.17,40672.00,2318.00
5/10/2011,2692.53,40673.00,2319.00
5/11/2011,2716.84,40674.00,2320.00
5/12/2011,2693.65,40675.00,2321.00
5/13/2011,2690.94,40676.00,2322.00
5/16/2011,2664.81,40679.00,2325.00
5/17/2011,2658.97,40680.00,2326.00
5/18/2011,2657.42,40681.00,2327.00
5/19/2011,2661.12,40682.00,2328.00
5/20/2011,2664.3,40683.00,2329.00
5/23/2011,2652.33,40686.00,2332.00
5/24/2011,2659.29,40687.00,2333.00
5/25/2011,2607.08,40688.00,2334.00
5/26/2011,2614.52,40689.00,2335.00
5/27/2011,2624.83,40690.00,2336.00
5/30/2011,2618.33,40693.00,2339.00
5/31/2011,2623.09,40694.00,2340.00
6/1/2011,2647.48,40695.00,2341.00
6/2/2011,2639.47,40696.00,2342.00
6/3/2011,2651.86,40697.00,2343.00
6/6/2011,2672.29,40700.00,2346.00
6/7/2011,2723.75,40701.00,2347.00
6/8/2011,2704.12,40702.00,2348.00
6/9/2011,2694.51,40703.00,2349.00
6/10/2011,2695.31,40704.00,2350.00
6/13/2011,2709.67,40707.00,2353.00
6/14/2011,2704.68,40708.00,2354.00
6/15/2011,2670.12,40709.00,2355.00
6/16/2011,2636.88,40710.00,2356.00
6/17/2011,2608.02,40711.00,2357.00
6/20/2011,2551.43,40714.00,2360.00
6/21/2011,2568,40715.00,2361.00
6/22/2011,2594.27,40716.00,2362.00
6/23/2011,2616.92,40717.00,2363.00
6/24/2011,2693.05,40718.00,2364.00
6/27/2011,2703.51,40721.00,2367.00
6/28/2011,2698.09,40722.00,2368.00
6/29/2011,2713.58,40723.00,2369.00
6/30/2011,2740.61,40724.00,2370.00
7/1/2011,2762.92,40725.00,2371.00
7/4/2011,2767.44,40728.00,2374.00
7/5/2011,2783.92,40729.00,2375.00
7/6/2011,2781.33,40730.00,2376.00
7/7/2011,2820.88,40731.00,2377.00
7/8/2011,2802.85,40732.00,2378.00
7/11/2011,2750.68,40735.00,2381.00
7/12/2011,2628.64,40736.00,2382.00
7/13/2011,2615.23,40737.00,2383.00
7/14/2011,2580.43,40738.00,2384.00
7/15/2011,2571.96,40739.00,2385.00
7/18/2011,2555.06,40742.00,2388.00
7/19/2011,2589.99,40743.00,2389.00
7/20/2011,2591.83,40744.00,2390.00
7/21/2011,2606.56,40745.00,2391.00
7/22/2011,2663.2,40746.00,2392.00
7/25/2011,2643.9,40749.00,2395.00
7/26/2011,2638.3,40750.00,2396.00
7/27/2011,2633.45,40751.00,2397.00
7/28/2011,2590.56,40752.00,2398.00
7/29/2011,2613.91,40753.00,2399.00
8/1/2011,2650.82,40756.00,2402.00
8/2/2011,2590.41,40757.00,2403.00
8/3/2011,2573.13,40758.00,2404.00
8/4/2011,2551.05,40759.00,2405.00
8/5/2011,2439.99,40760.00,2406.00
8/8/2011,2326.33,40763.00,2409.00
8/9/2011,2235.98,40764.00,2410.00
8/10/2011,2304.3,40765.00,2411.00
8/11/2011,2298.18,40766.00,2412.00
8/12/2011,2236.59,40767.00,2413.00
8/16/2011,2259.29,40771.00,2417.00
8/17/2011,2306.04,40772.00,2418.00
8/18/2011,2216.72,40773.00,2419.00
8/19/2011,2094.87,40774.00,2420.00
8/22/2011,2066.53,40777.00,2423.00
8/23/2011,2144.07,40778.00,2424.00
8/24/2011,2119.55,40779.00,2425.00
8/25/2011,2055.98,40780.00,2426.00
8/26/2011,2074.02,40781.00,2427.00
8/29/2011,2162.25,40784.00,2430.00
8/30/2011,2206.22,40785.00,2431.00
9/2/2011,2183.86,40788.00,2434.00
9/5/2011,2132.92,40791.00,2437.00
9/6/2011,2168.18,40792.00,2438.00
9/7/2011,2157.73,40793.00,2439.00
9/8/2011,2201.99,40794.00,2440.00
9/9/2011,2141.58,40795.00,2441.00
9/12/2011,2070.16,40798.00,2444.00
9/13/2011,2092.38,40799.00,2445.00
9/14/2011,2214.42,40800.00,2446.00
9/15/2011,2269.27,40801.00,2447.00
9/16/2011,2255.38,40802.00,2448.00
9/19/2011,2224.77,40805.00,2451.00
9/20/2011,2294.36,40806.00,2452.00
9/21/2011,2293.51,40807.00,2453.00
9/22/2011,2215.31,40808.00,2454.00
9/23/2011,2202.32,40809.00,2455.00
9/26/2011,2217.57,40812.00,2458.00
9/27/2011,2301.52,40813.00,2459.00
9/28/2011,2326.09,40814.00,2460.00
9/29/2011,2402.23,40815.00,2461.00
9/30/2011,2385.23,40816.00,2462.00
10/3/2011,2331.41,40819.00,2465.00
10/4/2011,2296.2,40820.00,2466.00
10/5/2011,2304.15,40821.00,2467.00
10/7/2011,2362.3,40823.00,2469.00
10/10/2011,2438.81,40826.00,2472.00
10/11/2011,2358.39,40827.00,2473.00
10/12/2011,2522.99,40828.00,2474.00
10/13/2011,2539.33,40829.00,2475.00
10/14/2011,2583.63,40830.00,2476.00
10/17/2011,2586.27,40833.00,2479.00
10/18/2011,2543.9,40834.00,2480.00
10/19/2011,2568.57,40835.00,2481.00
10/20/2011,2601.52,40836.00,2482.00
10/21/2011,2577.94,40837.00,2483.00
10/24/2011,2620.22,40840.00,2486.00
10/25/2011,2706.76,40841.00,2487.00
10/26/2011,2687.78,40842.00,2488.00
10/28/2011,2706.71,40844.00,2490.00
10/31/2011,2724.61,40847.00,2493.00
11/1/2011,2685.84,40848.00,2494.00
11/2/2011,2683.75,40849.00,2495.00
11/3/2011,2653.17,40850.00,2496.00
11/4/2011,2675.75,40851.00,2497.00
11/8/2011,2691.04,40855.00,2501.00
11/9/2011,2684.6,40856.00,2502.00
11/11/2011,2628.17,40858.00,2504.00
11/14/2011,2659.51,40861.00,2507.00
11/15/2011,2649.57,40862.00,2508.00
11/16/2011,2630.63,40863.00,2509.00
11/17/2011,2607.15,40864.00,2510.00
11/18/2011,2595.13,40865.00,2511.00
11/21/2011,2528.18,40868.00,2514.00
11/22/2011,2579.22,40869.00,2515.00
11/23/2011,2511.66,40870.00,2516.00
11/24/2011,2524.49,40871.00,2517.00
11/25/2011,2461.53,40872.00,2518.00
11/28/2011,2496.04,40875.00,2521.00
11/29/2011,2459.87,40876.00,2522.00
11/30/2011,2468.3,40877.00,2523.00
12/1/2011,2514.22,40878.00,2524.00
12/2/2011,2550.96,40879.00,2525.00
12/5/2011,2557.58,40882.00,2528.00
12/6/2011,2557.58,40883.00,2529.00
12/7/2011,2612.31,40884.00,2530.00
12/8/2011,2578.7,40885.00,2531.00
12/9/2011,2566.25,40886.00,2532.00
12/12/2011,2594.61,40889.00,2535.00
12/13/2011,2605.92,40890.00,2536.00
12/14/2011,2594.61,40891.00,2537.00
12/15/2011,2571.98,40892.00,2538.00
12/16/2011,2579.69,40893.00,2539.00
12/19/2011,2534.15,40896.00,2542.00
12/20/2011,2526.91,40897.00,2543.00
12/21/2011,2597.21,40898.00,2544.00
12/22/2011,2576.24,40899.00,2545.00
12/23/2011,2551.52,40900.00,2546.00
12/26/2011,2628.31,40903.00,2549.00
12/27/2011,2612.74,40904.00,2550.00
12/28/2011,2634.14,40905.00,2551.00
12/29/2011,2596.36,40906.00,2552.00
12/30/2011,2620.55,40907.00,2553.00
1/2/2012,2659.65,40910.00,2556.00
1/3/2012,2712.06,40911.00,2557.00
1/4/2012,2702.69,40912.00,2558.00
1/5/2012,2689.2,40913.00,2559.00
1/6/2012,2681.62,40914.00,2560.00
1/9/2012,2685.79,40917.00,2563.00
1/10/2012,2711.4,40918.00,2564.00
1/11/2012,2676.37,40919.00,2565.00
1/12/2012,2450.68,40920.00,2566.00
1/13/2012,2446.85,40921.00,2567.00
1/16/2012,2499.83,40924.00,2570.00
1/17/2012,2520.56,40925.00,2571.00
1/18/2012,2473.22,40926.00,2572.00
1/19/2012,2456.79,40927.00,2573.00
1/20/2012,2451.21,40928.00,2574.00
1/23/2012,2462.09,40931.00,2577.00
1/24/2012,2481.5,40932.00,2578.00
1/25/2012,2524.11,40933.00,2579.00
1/26/2012,2524.11,40934.00,2580.00
1/27/2012,2580.17,40935.00,2581.00
1/30/2012,2568.14,40938.00,2584.00
1/31/2012,2600.05,40939.00,2585.00
2/1/2012,2596.93,40940.00,2586.00
2/2/2012,2610.47,40941.00,2587.00
2/3/2012,2635.32,40942.00,2588.00
2/6/2012,2629.5,40945.00,2591.00
2/7/2012,2582.53,40946.00,2592.00
2/8/2012,2621.97,40947.00,2593.00
2/9/2012,2660.55,40948.00,2594.00
2/10/2012,2642.09,40949.00,2595.00
2/13/2012,2640.2,40952.00,2598.00
2/14/2012,2652.17,40953.00,2599.00
2/15/2012,2711.87,40954.00,2600.00
2/16/2012,2754.34,40955.00,2601.00
2/17/2012,2791.13,40956.00,2602.00
2/20/2012,2791.13,40959.00,2605.00
2/21/2012,2782.08,40960.00,2606.00
2/22/2012,2795.34,40961.00,2607.00
2/23/2012,2777.25,40962.00,2608.00
2/24/2012,2791.36,40963.00,2609.00
2/27/2012,2730.1,40966.00,2612.00
2/28/2012,2719.73,40967.00,2613.00
2/29/2012,2730.2,40968.00,2614.00
3/1/2012,2704.82,40969.00,2615.00
3/2/2012,2694.45,40970.00,2616.00
3/5/2012,2660.51,40973.00,2619.00
3/6/2012,2700.84,40974.00,2620.00
3/7/2012,2730.57,40975.00,2621.00
3/8/2012,2704.82,40976.00,2622.00
3/9/2012,2703.54,40977.00,2623.00
3/12/2012,2667.66,40980.00,2626.00
3/13/2012,2707.8,40981.00,2627.00
3/14/2012,2725.84,40982.00,2628.00
3/15/2012,2728.73,40983.00,2629.00
3/16/2012,2712.68,40984.00,2630.00
3/19/2012,2686.69,40987.00,2633.00
3/20/2012,2680.86,40988.00,2634.00
3/21/2012,2714.9,40989.00,2635.00
3/22/2012,2677.98,40990.00,2636.00
3/23/2012,2720.02,40991.00,2637.00
3/26/2012,2680.3,40994.00,2640.00
3/27/2012,2723.05,40995.00,2641.00
3/28/2012,2691.99,40996.00,2642.00
3/29/2012,2643.61,40997.00,2643.00
3/30/2012,2713.96,40998.00,2644.00
4/2/2012,2698.71,41001.00,2647.00
4/3/2012,2706.52,41002.00,2648.00
4/4/2012,2699.56,41003.00,2649.00
4/5/2012,2699.56,41004.00,2650.00
4/6/2012,2699.56,41005.00,2651.00
4/9/2012,2672.72,41008.00,2654.00
4/10/2012,2624.1,41009.00,2655.00
4/11/2012,2655.35,41010.00,2656.00
4/12/2012,2604.45,41011.00,2657.00
4/13/2012,2274.85,41012.00,2658.00
4/16/2012,2238.87,41015.00,2661.00
4/17/2012,2254.17,41016.00,2662.00
4/18/2012,2245.22,41017.00,2663.00
4/19/2012,2277.55,41018.00,2664.00
4/20/2012,2279.45,41019.00,2665.00
4/23/2012,2188.08,41022.00,2668.00
4/24/2012,2224.67,41023.00,2669.00
4/25/2012,2225.05,41024.00,2670.00
4/26/2012,2230.97,41025.00,2671.00
4/27/2012,2263.92,41026.00,2672.00
4/30/2012,2331.24,41029.00,2675.00
5/1/2012,2328.21,41030.00,2676.00
5/2/2012,2340.61,41031.00,2677.00
5/3/2012,2350.93,41032.00,2678.00
5/4/2012,2312.16,41033.00,2679.00
5/7/2012,2308.04,41036.00,2682.00
5/8/2012,2266.66,41037.00,2683.00
5/9/2012,2240.48,41038.00,2684.00
5/10/2012,2219.61,41039.00,2685.00
5/11/2012,2188.45,41040.00,2686.00
5/14/2012,2214.64,41043.00,2689.00
5/15/2012,2286.83,41044.00,2690.00
5/16/2012,2242.57,41045.00,2691.00
5/17/2012,2244.56,41046.00,2692.00
5/18/2012,2256.2,41047.00,2693.00
5/21/2012,2216.06,41050.00,2696.00
5/22/2012,2216.67,41051.00,2697.00
5/23/2012,2223.39,41052.00,2698.00
5/24/2012,2275.58,41053.00,2699.00
5/25/2012,2267.98,41054.00,2700.00
5/28/2012,2280.36,41057.00,2703.00
5/29/2012,2303.01,41058.00,2704.00
5/30/2012,2324.8,41059.00,2705.00
5/31/2012,2321.98,41060.00,2706.00
6/1/2012,2283.61,41061.00,2707.00
6/4/2012,2280.17,41064.00,2710.00
6/5/2012,2283.27,41065.00,2711.00
6/6/2012,2308.75,41066.00,2712.00
6/7/2012,2344.54,41067.00,2713.00
6/8/2012,2312.33,41068.00,2714.00
6/11/2012,2318.45,41071.00,2717.00
6/12/2012,2349.42,41072.00,2718.00
6/13/2012,2360.93,41073.00,2719.00
6/14/2012,2387.89,41074.00,2720.00
6/15/2012,2411.07,41075.00,2721.00
6/18/2012,2400.7,41078.00,2724.00
6/19/2012,2367.53,41079.00,2725.00
6/20/2012,2360.93,41080.00,2726.00
6/21/2012,2381.2,41081.00,2727.00
6/22/2012,2365.09,41082.00,2728.00
6/25/2012,2359.07,41085.00,2731.00
6/26/2012,2332.55,41086.00,2732.00
6/27/2012,2359.02,41087.00,2733.00
6/28/2012,2363.99,41088.00,2734.00
6/29/2012,2398.31,41089.00,2735.00
7/2/2012,2388.94,41092.00,2738.00
7/3/2012,2380.48,41093.00,2739.00
7/4/2012,2369.82,41094.00,2740.00
7/5/2012,2370.64,41095.00,2741.00
7/6/2012,2336.61,41096.00,2742.00
7/9/2012,2330.2,41099.00,2745.00
7/10/2012,2350.71,41100.00,2746.00
7/11/2012,2361.79,41101.00,2747.00
7/12/2012,2164.32,41102.00,2748.00
7/13/2012,2131.25,41103.00,2749.00
7/16/2012,2075.34,41106.00,2752.00
7/17/2012,2075.29,41107.00,2753.00
7/18/2012,2082.6,41108.00,2754.00
7/19/2012,2145.97,41109.00,2755.00
7/20/2012,2120.69,41110.00,2756.00
7/23/2012,2092.35,41113.00,2759.00
7/24/2012,2072.81,41114.00,2760.00
7/25/2012,2072.71,41115.00,2761.00
7/26/2012,2029.94,41116.00,2762.00
7/27/2012,2053.69,41117.00,2763.00
7/30/2012,2112.04,41120.00,2766.00
7/31/2012,2128.53,41121.00,2767.00
8/1/2012,2120.5,41122.00,2768.00
8/2/2012,2108.27,41123.00,2769.00
8/3/2012,2110.9,41124.00,2770.00
8/6/2012,2118.83,41127.00,2773.00
8/7/2012,2153.72,41128.00,2774.00
8/8/2012,2182.68,41129.00,2775.00
8/9/2012,2181.19,41130.00,2776.00
8/10/2012,2210.82,41131.00,2777.00
8/13/2012,2217.56,41134.00,2780.00
8/14/2012,2226.4,41135.00,2781.00
8/15/2012,2226.4,41136.00,2782.00
8/16/2012,2213.12,41137.00,2783.00
8/17/2012,2247.15,41138.00,2784.00
8/20/2012,2247.15,41141.00,2787.00
8/21/2012,2302.53,41142.00,2788.00
8/22/2012,2326.05,41143.00,2789.00
8/23/2012,2367.72,41144.00,2790.00
8/24/2012,2336.75,41145.00,2791.00
8/27/2012,2305.31,41148.00,2794.00
8/28/2012,2314.15,41149.00,2795.00
8/29/2012,2282.75,41150.00,2796.00
8/30/2012,2286.95,41151.00,2797.00
8/31/2012,2257.28,41152.00,2798.00
9/3/2012,2260.57,41155.00,2801.00
9/4/2012,2256.46,41156.00,2802.00
9/5/2012,2236.06,41157.00,2803.00
9/6/2012,2314.96,41158.00,2804.00
9/7/2012,2377.33,41159.00,2805.00
9/10/2012,2401.32,41162.00,2808.00
9/11/2012,2417.71,41163.00,2809.00
9/12/2012,2427.46,41164.00,2810.00
9/13/2012,2442.13,41165.00,2811.00
9/14/2012,2515.77,41166.00,2812.00
9/17/2012,2451.16,41169.00,2815.00
9/18/2012,2485.86,41170.00,2816.00
9/19/2012,2485.86,41171.00,2817.00
9/20/2012,2501.53,41172.00,2818.00
9/21/2012,2478.69,41173.00,2819.00
9/24/2012,2485.24,41176.00,2822.00
9/25/2012,2483.23,41177.00,2823.00
9/26/2012,2474.87,41178.00,2824.00
9/27/2012,2436.68,41179.00,2825.00
9/28/2012,2422.92,41180.00,2826.00
10/1/2012,2494.32,41183.00,2829.00
10/2/2012,2494.32,41184.00,2830.00
10/3/2012,2464.3,41185.00,2831.00
10/4/2012,2461.82,41186.00,2832.00
10/5/2012,2415.18,41187.00,2833.00
10/8/2012,2378.23,41190.00,2836.00
10/9/2012,2424.16,41191.00,2837.00
10/10/2012,2393.48,41192.00,2838.00
10/11/2012,2421.25,41193.00,2839.00
10/12/2012,2289.49,41194.00,2840.00
10/15/2012,2261.05,41197.00,2843.00
10/16/2012,2251.59,41198.00,2844.00
10/17/2012,2265.4,41199.00,2845.00
10/18/2012,2287,41200.00,2846.00
10/19/2012,2292.53,41201.00,2847.00
10/22/2012,2294.64,41204.00,2850.00
10/23/2012,2263.43,41205.00,2851.00
10/24/2012,2263.43,41206.00,2852.00
10/25/2012,2255.4,41207.00,2853.00
10/26/2012,2255.4,41208.00,2854.00
10/29/2012,2246.5,41211.00,2857.00
10/30/2012,2268.48,41212.00,2858.00
10/31/2012,2272.95,41213.00,2859.00
11/1/2012,2274.54,41214.00,2860.00
11/2/2012,2297.1,41215.00,2861.00
11/5/2012,2287.81,41218.00,2864.00
11/6/2012,2290.89,41219.00,2865.00
11/7/2012,2312.77,41220.00,2866.00
11/8/2012,2284.78,41221.00,2867.00
11/9/2012,2259.2,41222.00,2868.00
11/12/2012,2269.06,41225.00,2871.00
11/13/2012,2269.06,41226.00,2872.00
11/14/2012,2269.06,41227.00,2873.00
11/15/2012,2208.79,41228.00,2874.00
11/16/2012,2254.05,41229.00,2875.00
11/19/2012,2268.67,41232.00,2878.00
11/20/2012,2236.16,41233.00,2879.00
11/21/2012,2260.3,41234.00,2880.00
11/22/2012,2291.81,41235.00,2881.00
11/23/2012,2286.95,41236.00,2882.00
11/26/2012,2325.28,41239.00,2885.00
11/27/2012,2376.5,41240.00,2886.00
11/28/2012,2376.5,41241.00,2887.00
11/29/2012,2352.07,41242.00,2888.00
11/30/2012,2343.99,41243.00,2889.00
12/3/2012,2346.2,41246.00,2892.00
12/4/2012,2344.56,41247.00,2893.00
12/5/2012,2291.71,41248.00,2894.00
12/6/2012,2249.19,41249.00,2895.00
12/7/2012,2232.7,41250.00,2896.00
12/10/2012,2225.39,41253.00,2899.00
12/11/2012,2206.63,41254.00,2900.00
12/12/2012,2210.24,41255.00,2901.00
12/13/2012,2196.53,41256.00,2902.00
12/14/2012,2191.96,41257.00,2903.00
12/17/2012,2179.89,41260.00,2906.00
12/18/2012,2184.46,41261.00,2907.00
12/19/2012,2208.65,41262.00,2908.00
12/20/2012,2211.97,41263.00,2909.00
12/21/2012,2209.32,41264.00,2910.00
12/24/2012,2233.8,41267.00,2913.00
12/25/2012,2233.8,41268.00,2914.00
12/26/2012,2227.02,41269.00,2915.00
12/27/2012,2200.57,41270.00,2916.00
12/28/2012,2234.67,41271.00,2917.00
12/31/2012,2230.34,41274.00,2920.00
1/1/2013,2220.87,41275.00,2921.00
1/2/2013,2221.2,41276.00,2922.00
1/3/2013,2248.81,41277.00,2923.00
1/4/2013,2260.01,41278.00,2924.00
1/7/2013,2284.3,41281.00,2927.00
1/8/2013,2254.68,41282.00,2928.00
1/9/2013,2242.17,41283.00,2929.00
1/10/2013,2233.8,41284.00,2930.00
1/11/2013,2608.75,41285.00,2931.00
1/14/2013,2699.55,41288.00,2934.00
1/15/2013,2680.84,41289.00,2935.00
1/16/2013,2661.99,41290.00,2936.00
1/17/2013,2691.33,41291.00,2937.00
1/18/2013,2681.8,41292.00,2938.00
1/21/2013,2689.74,41295.00,2941.00
1/22/2013,2677.48,41296.00,2942.00
1/23/2013,2683.3,41297.00,2943.00
1/24/2013,2691.57,41298.00,2944.00
1/25/2013,2707.39,41299.00,2945.00
1/28/2013,2703.54,41302.00,2948.00
1/29/2013,2692.34,41303.00,2949.00
1/30/2013,2684.31,41304.00,2950.00
1/31/2013,2683.2,41305.00,2951.00
2/1/2013,2665.36,41306.00,2952.00
2/4/2013,2662.13,41309.00,2955.00
2/5/2013,2650.88,41310.00,2956.00
2/6/2013,2670.21,41311.00,2957.00
2/7/2013,2683.2,41312.00,2958.00
2/8/2013,2683.15,41313.00,2959.00
2/11/2013,2685.65,41316.00,2962.00
2/12/2013,2650.25,41317.00,2963.00
2/13/2013,2683.25,41318.00,2964.00
2/14/2013,2705.56,41319.00,2965.00
2/15/2013,2682.33,41320.00,2966.00
2/18/2013,2674.16,41323.00,2969.00
2/19/2013,2712.97,41324.00,2970.00
2/20/2013,2712.01,41325.00,2971.00
2/21/2013,2700.8,41326.00,2972.00
2/22/2013,2732.3,41327.00,2973.00
2/25/2013,2806.61,41330.00,2976.00
2/26/2013,2847.01,41331.00,2977.00
2/27/2013,2799.64,41332.00,2978.00
2/28/2013,2796.22,41333.00,2979.00
3/1/2013,2802.76,41334.00,2980.00
3/4/2013,2792.81,41337.00,2983.00
3/5/2013,2809.98,41338.00,2984.00
3/6/2013,2856.92,41339.00,2985.00
3/7/2013,2889.86,41340.00,2986.00
3/8/2013,2857.06,41341.00,2987.00
3/11/2013,2833.49,41344.00,2990.00
3/12/2013,2806.9,41345.00,2991.00
3/13/2013,2754.33,41346.00,2992.00
3/14/2013,2764.58,41347.00,2993.00
3/15/2013,2768.57,41348.00,2994.00
3/18/2013,2751.73,41351.00,2997.00
3/19/2013,2747.17,41352.00,2998.00
3/20/2013,2756.45,41353.00,2999.00
3/21/2013,2763.32,41354.00,3000.00
3/22/2013,2754.09,41355.00,3001.00
3/25/2013,2744.04,41358.00,3004.00
3/26/2013,2745.77,41359.00,3005.00
3/27/2013,2745.77,41360.00,3006.00
3/28/2013,2779.24,41361.00,3007.00
3/29/2013,2779.24,41362.00,3008.00
4/1/2013,2832,41365.00,3011.00
4/2/2013,2855.91,41366.00,3012.00
4/3/2013,2855.33,41367.00,3013.00
4/4/2013,2769.96,41368.00,3014.00
4/5/2013,2756.64,41369.00,3015.00
4/8/2013,2723.98,41372.00,3018.00
4/9/2013,2660.93,41373.00,3019.00
4/10/2013,2708.35,41374.00,3020.00
4/11/2013,2807.14,41375.00,3021.00
4/12/2013,2209.13,41376.00,3022.00
4/15/2013,2249.91,41379.00,3025.00
4/16/2013,2208.75,41380.00,3026.00
4/17/2013,2196.82,41381.00,3027.00
4/18/2013,2208.22,41382.00,3028.00
4/19/2013,2208.22,41383.00,3029.00
4/22/2013,2159.02,41386.00,3032.00
4/23/2013,2176.04,41387.00,3033.00
4/24/2013,2176.04,41388.00,3034.00
4/25/2013,2142.81,41389.00,3035.00
4/26/2013,2127.71,41390.00,3036.00
4/29/2013,2144.35,41393.00,3039.00
4/30/2013,2150.26,41394.00,3040.00
5/1/2013,2150.26,41395.00,3041.00
5/2/2013,2199.56,41396.00,3042.00
5/3/2013,2220,41397.00,3043.00
5/6/2013,2251.89,41400.00,3046.00
5/7/2013,2259.29,41401.00,3047.00
5/8/2013,2265.35,41402.00,3048.00
5/9/2013,2271.41,41403.00,3049.00
5/10/2013,2281.18,41404.00,3050.00
5/13/2013,2250.44,41407.00,3053.00
5/14/2013,2260.5,41408.00,3054.00
5/15/2013,2270.5,41409.00,3055.00
5/16/2013,2243.71,41410.00,3056.00
5/17/2013,2262.13,41411.00,3057.00
5/20/2013,2281.66,41414.00,3060.00
5/21/2013,2306.23,41415.00,3061.00
5/22/2013,2294.4,41416.00,3062.00
5/23/2013,2269.92,41417.00,3063.00
5/24/2013,2258.43,41418.00,3064.00
5/27/2013,2282.28,41421.00,3067.00
5/28/2013,2276.03,41422.00,3068.00
5/29/2013,2262.76,41423.00,3069.00
5/30/2013,2278.37,41424.00,3070.00
5/31/2013,2346.73,41425.00,3071.00
6/3/2013,2446.37,41428.00,3074.00
6/4/2013,2428.66,41429.00,3075.00
6/5/2013,2394.95,41430.00,3076.00
6/6/2013,2364.2,41431.00,3077.00
6/7/2013,2380.89,41432.00,3078.00
6/10/2013,2419.76,41435.00,3081.00
6/11/2013,2408.81,41436.00,3082.00
6/12/2013,2356.12,41437.00,3083.00
6/13/2013,2315.79,41438.00,3084.00
6/14/2013,2330.43,41439.00,3085.00
6/17/2013,2357.34,41442.00,3088.00
6/18/2013,2380.64,41443.00,3089.00
6/19/2013,2372.66,41444.00,3090.00
6/20/2013,2305.28,41445.00,3091.00
6/21/2013,2353.59,41446.00,3092.00
6/24/2013,2316.27,41449.00,3095.00
6/25/2013,2309.95,41450.00,3096.00
6/26/2013,2334.76,41451.00,3097.00
6/27/2013,2415.92,41452.00,3098.00
6/28/2013,2431.53,41453.00,3099.00
7/1/2013,2384.97,41456.00,3102.00
7/2/2013,2339.19,41457.00,3103.00
7/3/2013,2339.73,41458.00,3104.00
7/4/2013,2401.51,41459.00,3105.00
7/5/2013,2390.03,41460.00,3106.00
7/8/2013,2401.66,41463.00,3109.00
7/9/2013,2430.9,41464.00,3110.00
7/10/2013,2433.77,41465.00,3111.00
7/11/2013,2460.24,41466.00,3112.00
7/12/2013,2728.66,41467.00,3113.00
7/15/2013,2668.81,41470.00,3116.00
7/16/2013,2655.29,41471.00,3117.00
7/17/2013,2676.75,41472.00,3118.00
7/18/2013,2725.3,41473.00,3119.00
7/19/2013,2770.74,41474.00,3120.00
7/22/2013,2799.25,41477.00,3123.00
7/23/2013,2823.77,41478.00,3124.00
7/24/2013,2830.25,41479.00,3125.00
7/25/2013,2836.76,41480.00,3126.00
7/26/2013,2834.82,41481.00,3127.00
7/29/2013,2842.51,41484.00,3130.00
7/30/2013,2876.08,41485.00,3131.00
7/31/2013,2889.65,41486.00,3132.00
8/1/2013,2894.52,41487.00,3133.00
8/2/2013,2927.75,41488.00,3134.00
8/5/2013,2927.99,41491.00,3137.00
8/6/2013,2906.87,41492.00,3138.00
8/7/2013,2883.52,41493.00,3139.00
8/8/2013,2884.69,41494.00,3140.00
8/9/2013,2884.69,41495.00,3141.00
8/12/2013,2924.44,41498.00,3144.00
8/13/2013,3000.53,41499.00,3145.00
8/14/2013,2986.96,41500.00,3146.00
8/15/2013,2986.96,41501.00,3147.00
8/16/2013,2898.16,41502.00,3148.00
8/19/2013,2924.05,41505.00,3151.00
8/20/2013,2925.65,41506.00,3152.00
8/21/2013,2879.04,41507.00,3153.00
8/22/2013,2938.84,41508.00,3154.00
8/23/2013,2919.86,41509.00,3155.00
8/26/2013,2949.06,41512.00,3158.00
8/27/2013,2973.72,41513.00,3159.00
8/28/2013,3032.3,41514.00,3160.00
8/29/2013,3020.97,41515.00,3161.00
8/30/2013,3022.18,41516.00,3162.00
9/2/2013,3002.77,41519.00,3165.00
9/3/2013,2951.98,41520.00,3166.00
9/4/2013,3028.85,41521.00,3167.00
9/5/2013,2923.85,41522.00,3168.00
9/6/2013,2947.45,41523.00,3169.00
9/9/2013,2947.45,41526.00,3172.00
9/10/2013,3073.8,41527.00,3173.00
9/11/2013,3035.07,41528.00,3174.00
9/12/2013,2983.26,41529.00,3175.00
9/13/2013,2946.48,41530.00,3176.00
9/16/2013,2912.76,41533.00,3179.00
9/17/2013,2941.17,41534.00,3180.00
9/18/2013,2935.87,41535.00,3181.00
9/19/2013,2937.67,41536.00,3182.00
9/20/2013,2914.46,41537.00,3183.00
9/23/2013,2938.06,41540.00,3186.00
9/24/2013,2933.88,41541.00,3187.00
9/25/2013,2928.57,41542.00,3188.00
9/26/2013,2931.15,41543.00,3189.00
9/27/2013,2925.61,41544.00,3190.00
9/30/2013,2931.83,41547.00,3193.00
10/1/2013,2933.78,41548.00,3194.00
10/2/2013,2933.78,41549.00,3195.00
10/3/2013,2955.33,41550.00,3196.00
10/4/2013,2935.14,41551.00,3197.00
10/7/2013,2940.44,41554.00,3200.00
10/8/2013,2952.41,41555.00,3201.00
10/9/2013,3026.07,41556.00,3202.00
10/10/2013,3043.35,41557.00,3203.00
10/11/2013,3186.29,41558.00,3204.00
10/14/2013,3234.8,41561.00,3207.00
10/15/2013,3264.43,41562.00,3208.00
10/16/2013,3264.43,41563.00,3209.00
10/17/2013,3199.52,41564.00,3210.00
10/18/2013,3244.6,41565.00,3211.00
10/21/2013,3265.06,41568.00,3214.00
10/22/2013,3271.82,41569.00,3215.00
10/23/2013,3254.64,41570.00,3216.00
10/24/2013,3238.92,41571.00,3217.00
10/25/2013,3261.24,41572.00,3218.00
10/28/2013,3253.31,41575.00,3221.00
10/29/2013,3265.21,41576.00,3222.00
10/30/2013,3253.75,41577.00,3223.00
10/31/2013,3240.05,41578.00,3224.00
11/1/2013,3207.55,41579.00,3225.00
11/4/2013,3207.55,41582.00,3228.00
11/5/2013,3196.93,41583.00,3229.00
11/6/2013,3236.38,41584.00,3230.00
11/7/2013,3286.74,41585.00,3231.00
11/8/2013,3289.14,41586.00,3232.00
11/11/2013,3291.64,41589.00,3235.00
11/12/2013,3266.43,41590.00,3236.00
11/13/2013,3261.73,41591.00,3237.00
11/14/2013,3283.46,41592.00,3238.00
11/15/2013,3283.46,41593.00,3239.00
11/18/2013,3332.26,41596.00,3242.00
11/19/2013,3370.29,41597.00,3243.00
11/20/2013,3330.4,41598.00,3244.00
11/21/2013,3273.77,41599.00,3245.00
11/22/2013,3276.96,41600.00,3246.00
11/25/2013,3255.81,41603.00,3249.00
11/26/2013,3246.22,41604.00,3250.00
11/27/2013,3223.8,41605.00,3251.00
11/28/2013,3257.57,41606.00,3252.00
11/29/2013,3283.76,41607.00,3253.00
12/2/2013,3268.24,41610.00,3256.00
12/3/2013,3278.08,41611.00,3257.00
12/4/2013,3294.33,41612.00,3258.00
12/5/2013,3280.58,41613.00,3259.00
12/6/2013,3255.62,41614.00,3260.00
12/9/2013,3268.34,41617.00,3263.00
12/10/2013,3299.71,41618.00,3264.00
12/11/2013,3303.14,41619.00,3265.00
12/12/2013,3292.86,41620.00,3266.00
12/13/2013,3302.65,41621.00,3267.00
12/16/2013,3379.4,41624.00,3270.00
12/17/2013,3383.41,41625.00,3271.00
12/18/2013,3384.49,41626.00,3272.00
12/19/2013,3438.13,41627.00,3273.00
12/20/2013,3476.41,41628.00,3274.00
12/23/2013,3395.25,41631.00,3277.00
12/24/2013,3412.83,41632.00,3278.00
12/25/2013,3412.83,41633.00,3279.00
12/26/2013,3446.35,41634.00,3280.00
12/27/2013,3486.15,41635.00,3281.00
12/30/2013,3428.44,41638.00,3284.00
12/31/2013,3412.09,41639.00,3285.00
1/1/2014,3394.81,41640.00,3286.00
1/2/2014,3407.1,41641.00,3287.00
1/3/2014,3489.91,41642.00,3288.00
1/6/2014,3443.66,41645.00,3291.00
1/7/2014,3384.19,41646.00,3292.00
1/8/2014,3355.76,41647.00,3293.00
1/9/2014,3377.98,41648.00,3294.00
1/10/2014,3476.31,41649.00,3295.00
1/13/2014,3587.66,41652.00,3298.00
1/14/2014,3608.95,41653.00,3299.00
1/15/2014,3633.71,41654.00,3300.00
1/16/2014,3646.44,41655.00,3301.00
1/17/2014,3651.04,41656.00,3302.00
1/20/2014,3670.18,41659.00,3305.00
1/21/2014,3679.04,41660.00,3306.00
1/22/2014,3686.43,41661.00,3307.00
1/23/2014,3712.47,41662.00,3308.00
1/24/2014,3678.84,41663.00,3309.00
1/27/2014,3653.44,41666.00,3312.00
1/28/2014,3597.54,41667.00,3313.00
1/29/2014,3639.34,41668.00,3314.00
1/30/2014,3626.08,41669.00,3315.00
1/31/2014,3623,41670.00,3316.00
2/3/2014,3552.56,41673.00,3319.00
2/4/2014,3485.95,41674.00,3320.00
2/5/2014,3505.67,41675.00,3321.00
2/6/2014,3488.49,41676.00,3322.00
2/7/2014,3491.28,41677.00,3323.00
2/10/2014,3498.38,41680.00,3326.00
2/11/2014,3520.36,41681.00,3327.00
2/12/2014,3524.13,41682.00,3328.00
2/13/2014,3510.13,41683.00,3329.00
2/14/2014,3567.39,41684.00,3330.00
2/17/2014,3580.95,41687.00,3333.00
2/18/2014,3604.3,41688.00,3334.00
2/19/2014,3674.19,41689.00,3335.00
2/20/2014,3632.93,41690.00,3336.00
2/21/2014,3671.55,41691.00,3337.00
2/24/2014,3670.77,41694.00,3340.00
2/25/2014,3703.07,41695.00,3341.00
2/26/2014,3727.15,41696.00,3342.00
2/27/2014,3727.15,41697.00,3343.00
2/28/2014,3744.13,41698.00,3344.00
3/3/2014,3718.09,41701.00,3347.00
3/4/2014,3719.37,41702.00,3348.00
3/5/2014,3741.05,41703.00,3349.00
3/6/2014,3751.03,41704.00,3350.00
3/7/2014,3661.37,41705.00,3351.00
3/10/2014,3594.12,41708.00,3354.00
3/11/2014,3597.79,41709.00,3355.00
3/12/2014,3593.82,41710.00,3356.00
3/13/2014,3286.74,41711.00,3357.00
3/14/2014,3322.52,41712.00,3358.00
3/17/2014,3322.52,41715.00,3361.00
3/18/2014,3279.84,41716.00,3362.00
3/19/2014,3202.71,41717.00,3363.00
3/20/2014,3233.35,41718.00,3364.00
3/21/2014,3235.89,41719.00,3365.00
3/24/2014,3206.67,41722.00,3368.00
3/25/2014,3185.72,41723.00,3369.00
3/26/2014,3180.34,41724.00,3370.00
3/27/2014,3162.86,41725.00,3371.00
3/28/2014,3193.75,41726.00,3372.00
3/31/2014,3213.52,41729.00,3375.00
4/1/2014,3244.01,41730.00,3376.00
4/2/2014,3251.94,41731.00,3377.00
4/3/2014,3267.7,41732.00,3378.00
4/4/2014,3246.07,41733.00,3379.00
4/7/2014,3223.9,41736.00,3382.00
4/8/2014,3223.9,41737.00,3383.00
4/9/2014,3185.87,41738.00,3384.00
4/10/2014,3133.64,41739.00,3385.00
4/11/2014,3166.88,41740.00,3386.00
4/14/2014,3166.88,41743.00,3389.00
4/15/2014,3191.01,41744.00,3390.00
4/16/2014,3090.67,41745.00,3391.00
4/17/2014,3124.69,41746.00,3392.00
4/18/2014,3124.69,41747.00,3393.00
4/21/2014,3115.78,41750.00,3396.00
4/22/2014,3084.16,41751.00,3397.00
4/23/2014,3105.7,41752.00,3398.00
4/24/2014,3105.7,41753.00,3399.00
4/25/2014,3108.58,41754.00,3400.00
4/28/2014,3110.98,41757.00,3403.00
4/29/2014,3110.69,41758.00,3404.00
4/30/2014,3113.67,41759.00,3405.00
5/1/2014,3113.67,41760.00,3406.00
5/2/2014,3151.75,41761.00,3407.00
5/5/2014,3109.86,41764.00,3410.00
5/6/2014,3098.36,41765.00,3411.00
5/7/2014,3002.62,41766.00,3412.00
5/8/2014,3000.61,41767.00,3413.00
5/9/2014,3045.79,41768.00,3414.00
5/12/2014,3108.1,41771.00,3417.00
5/13/2014,3196.34,41772.00,3418.00
5/14/2014,3185.43,41773.00,3419.00
5/15/2014,3203.39,41774.00,3420.00
5/16/2014,3110.49,41775.00,3421.00
5/19/2014,2951.42,41778.00,3424.00
5/20/2014,3056.31,41779.00,3425.00
5/21/2014,3090.48,41780.00,3426.00
5/22/2014,3048.19,41781.00,3427.00
5/23/2014,3004.77,41782.00,3428.00
5/26/2014,3029.54,41785.00,3431.00
5/27/2014,3067.91,41786.00,3432.00
5/28/2014,3106.33,41787.00,3433.00
5/29/2014,2902.11,41788.00,3434.00
5/30/2014,2916.89,41789.00,3435.00
6/2/2014,2970.23,41792.00,3438.00
6/3/2014,2994.1,41793.00,3439.00
6/4/2014,2961.65,41794.00,3440.00
6/5/2014,3017.87,41795.00,3441.00
6/6/2014,2980.06,41796.00,3442.00
6/9/2014,2962.59,41799.00,3445.00
6/10/2014,3051.61,41800.00,3446.00
6/11/2014,3168.9,41801.00,3447.00
6/12/2014,3150.74,41802.00,3448.00
6/13/2014,3162.6,41803.00,3449.00
6/16/2014,3219.31,41806.00,3452.00
6/17/2014,3221.99,41807.00,3453.00
6/18/2014,3215.69,41808.00,3454.00
6/19/2014,3286.54,41809.00,3455.00
6/20/2014,3291.21,41810.00,3456.00
6/23/2014,3207.8,41813.00,3459.00
6/24/2014,3179.27,41814.00,3460.00
6/25/2014,3186.66,41815.00,3461.00
6/26/2014,3158.13,41816.00,3462.00
6/27/2014,3198.72,41817.00,3463.00
6/30/2014,3230.62,41820.00,3466.00
7/1/2014,3196.39,41821.00,3467.00
7/2/2014,3190.68,41822.00,3468.00
7/3/2014,3186.12,41823.00,3469.00
7/4/2014,3221.1,41824.00,3470.00
7/7/2014,3319.84,41827.00,3473.00
7/8/2014,3316.56,41828.00,3474.00
7/9/2014,3285,41829.00,3475.00
7/10/2014,3267.49,41830.00,3476.00
7/11/2014,3301.18,41831.00,3477.00
7/14/2014,3200.56,41834.00,3480.00
7/15/2014,3200.95,41835.00,3481.00
7/16/2014,3204.87,41836.00,3482.00
7/17/2014,3214.5,41837.00,3483.00
7/18/2014,3226.65,41838.00,3484.00
7/21/2014,3176.19,41841.00,3487.00
7/22/2014,3208.94,41842.00,3488.00
7/23/2014,3323.66,41843.00,3489.00
7/24/2014,3356.35,41844.00,3490.00
7/25/2014,3326.53,41845.00,3491.00
7/28/2014,3345.29,41848.00,3494.00
7/29/2014,3345.29,41849.00,3495.00
7/30/2014,3346.38,41850.00,3496.00
7/31/2014,3341.87,41851.00,3497.00
8/1/2014,3315.72,41852.00,3498.00
8/4/2014,3439.02,41855.00,3501.00
8/5/2014,3486.1,41856.00,3502.00
8/6/2014,3548.47,41857.00,3503.00
8/7/2014,3480.5,41858.00,3504.00
8/8/2014,3455.99,41859.00,3505.00
8/11/2014,3546.14,41862.00,3508.00
8/12/2014,3549.41,41863.00,3509.00
8/13/2014,3580.77,41864.00,3510.00
8/14/2014,3584.89,41865.00,3511.00
8/15/2014,3584.89,41866.00,3512.00
8/18/2014,3532.54,41869.00,3515.00
8/19/2014,3520.64,41870.00,3516.00
8/20/2014,3527.34,41871.00,3517.00
8/21/2014,3521.78,41872.00,3518.00
8/22/2014,3573.43,41873.00,3519.00
8/25/2014,3600.02,41876.00,3522.00
8/26/2014,3596.4,41877.00,3523.00
8/27/2014,3602.75,41878.00,3524.00
8/28/2014,3571.25,41879.00,3525.00
8/29/2014,3571.25,41880.00,3526.00
9/1/2014,3572.09,41883.00,3529.00
9/2/2014,3586.08,41884.00,3530.00
9/3/2014,3705.66,41885.00,3531.00
9/4/2014,3680.35,41886.00,3532.00
9/5/2014,3702.19,41887.00,3533.00
9/8/2014,3752.7,41890.00,3536.00
9/9/2014,3707.45,41891.00,3537.00
9/10/2014,3639.22,41892.00,3538.00
9/11/2014,3655.94,41893.00,3539.00
9/12/2014,3641.8,41894.00,3540.00
9/15/2014,3613.42,41897.00,3543.00
9/16/2014,3623.29,41898.00,3544.00
9/17/2014,3712.41,41899.00,3545.00
9/18/2014,3668.69,41900.00,3546.00
9/19/2014,3673.71,41901.00,3547.00
9/22/2014,3622.65,41904.00,3550.00
9/23/2014,3579.48,41905.00,3551.00
9/24/2014,3616.89,41906.00,3552.00
9/25/2014,3662.74,41907.00,3553.00
9/26/2014,3651.97,41908.00,3554.00
9/29/2014,3720.35,41911.00,3557.00
9/30/2014,3719.06,41912.00,3558.00
10/1/2014,3817.84,41913.00,3559.00
10/2/2014,3817.84,41914.00,3560.00
10/3/2014,3817.84,41915.00,3561.00
10/6/2014,3817.84,41918.00,3564.00
10/7/2014,3801.97,41919.00,3565.00
10/8/2014,3622.2,41920.00,3566.00
10/9/2014,3618.88,41921.00,3567.00
10/10/2014,3858.88,41922.00,3568.00
10/13/2014,3912.36,41925.00,3571.00
10/14/2014,3888.3,41926.00,3572.00
10/15/2014,3888.3,41927.00,3573.00
10/16/2014,3865.3,41928.00,3574.00
10/17/2014,3851.65,41929.00,3575.00
10/20/2014,3812.35,41932.00,3578.00
10/21/2014,3772.95,41933.00,3579.00
10/22/2014,3796.05,41934.00,3580.00
10/23/2014,3796.05,41935.00,3581.00
10/24/2014,3796.05,41936.00,3582.00
