1/3/2005,292.02,38355,1
1/4/2005,289.43,38356,2
1/5/2005,285.92,38357,3
1/6/2005,284.94,38358,4
1/7/2005,289.15,38359,5
1/10/2005,286.45,38362,8
1/11/2005,283.5,38363,9
1/12/2005,280.11,38364,10
1/13/2005,279,38365,11
1/14/2005,279.75,38366,12
1/17/2005,272.6,38369,15
1/18/2005,272.73,38370,16
1/19/2005,270.91,38371,17
1/20/2005,268.38,38372,18
1/25/2005,266.6,38377,23
1/27/2005,267.7,38379,25
1/28/2005,278.2,38380,26
1/31/2005,280.62,38383,29
2/1/2005,283.82,38384,30
2/2/2005,282.46,38385,31
2/3/2005,282.93,38386,32
2/4/2005,281.92,38387,33
2/7/2005,283.5,38390,36
2/8/2005,283.98,38391,37
2/9/2005,287.61,38392,38
2/10/2005,287.58,38393,39
2/11/2005,298.17,38394,40
2/14/2005,304.19,38397,43
2/15/2005,298.08,38398,44
2/16/2005,295.24,38399,45
2/17/2005,298.19,38400,46
2/18/2005,296.71,38401,47
2/21/2005,294.68,38404,50
2/22/2005,294.22,38405,51
2/23/2005,296.7,38406,52
2/24/2005,295.19,38407,53
2/25/2005,294.35,38408,54
2/28/2005,297.99,38411,57
3/1/2005,292.93,38412,58
3/2/2005,295.2,38413,59
3/3/2005,299.85,38414,60
3/4/2005,300.44,38415,61
3/7/2005,302.15,38418,64
3/8/2005,305.12,38419,65
3/9/2005,303.73,38420,66
3/11/2005,308.03,38422,68
3/14/2005,313.3,38425,71
3/15/2005,311.31,38426,72
3/16/2005,313.34,38427,73
3/18/2005,316.93,38429,75
3/21/2005,314.29,38432,78
3/22/2005,311.51,38433,79
3/23/2005,306.69,38434,80
3/24/2005,298.73,38435,81
3/28/2005,300.47,38439,85
3/29/2005,295.83,38440,86
3/30/2005,300.07,38441,87
3/31/2005,309.03,38442,88
4/1/2005,313.1,38443,89
4/4/2005,308.1,38446,92
4/5/2005,307.6,38447,93
4/6/2005,311.03,38448,94
4/7/2005,307.55,38449,95
4/8/2005,300.72,38450,96
4/12/2005,298.23,38454,100
4/13/2005,302.45,38455,101
4/15/2005,284.63,38457,103
4/18/2005,284.56,38460,106
4/19/2005,260.83,38461,107
4/20/2005,240.87,38462,108
4/21/2005,246.52,38463,109
4/22/2005,251.78,38464,110
4/25/2005,249.66,38467,113
4/26/2005,245.29,38468,114
4/27/2005,240.75,38469,115
4/28/2005,240.57,38470,116
4/29/2005,244.08,38471,117
5/2/2005,243.61,38474,120
5/3/2005,239.23,38475,121
5/4/2005,241.87,38476,122
5/5/2005,245.32,38477,123
5/6/2005,251.94,38478,124
5/9/2005,253.61,38481,127
5/10/2005,248.7,38482,128
5/11/2005,247.97,38483,129
5/12/2005,247.46,38484,130
5/13/2005,247.86,38485,131
5/16/2005,249.09,38488,134
5/17/2005,248.28,38489,135
5/19/2005,250.86,38491,137
5/20/2005,252.4,38492,138
5/23/2005,264.09,38495,141
5/24/2005,266.47,38496,142
5/25/2005,272.02,38497,143
5/26/2005,278.38,38498,144
5/30/2005,284.65,38502,148
5/31/2005,287.92,38503,149
6/1/2005,281.5,38504,150
6/2/2005,273.74,38505,151
6/6/2005,276.3,38509,155
6/7/2005,275.71,38510,156
6/8/2005,278.83,38511,157
6/9/2005,275.63,38512,158
6/10/2005,273.23,38513,159
6/14/2005,273.2,38517,163
6/15/2005,274.52,38518,164
6/16/2005,275.72,38519,165
6/17/2005,273.55,38520,166
6/20/2005,279.65,38523,169
6/21/2005,281.63,38524,170
6/22/2005,287.73,38525,171
6/23/2005,282.13,38526,172
6/24/2005,286.09,38527,173
6/27/2005,284.08,38530,176
6/28/2005,285.61,38531,177
6/29/2005,287.55,38532,178
6/30/2005,293.07,38533,179
7/4/2005,293.27,38537,183
7/5/2005,284.89,38538,184
7/6/2005,285.51,38539,185
7/7/2005,282.61,38540,186
7/8/2005,282.93,38541,187
7/11/2005,286.15,38544,190
7/13/2005,274.22,38546,192
7/14/2005,264.35,38547,193
7/15/2005,269.41,38548,194
7/18/2005,285.32,38551,197
7/19/2005,284.66,38552,198
7/20/2005,282.31,38553,199
7/21/2005,278.44,38554,200
7/22/2005,279.22,38555,201
7/25/2005,277.15,38558,204
7/26/2005,273.03,38559,205
7/27/2005,277.19,38560,206
7/29/2005,273.8,38562,208
8/1/2005,270.22,38565,211
8/2/2005,278.44,38566,212
8/3/2005,280.69,38567,213
8/4/2005,279.5,38568,214
8/5/2005,277.38,38569,215
8/8/2005,276.87,38572,218
8/9/2005,277.16,38573,219
8/10/2005,283.35,38574,220
8/11/2005,283.3,38575,221
8/12/2005,276.83,38576,222
8/16/2005,273.85,38580,226
8/17/2005,280.35,38581,227
8/18/2005,283.49,38582,228
8/19/2005,286,38583,229
8/22/2005,284.38,38586,232
8/24/2005,279.6,38588,234
8/25/2005,285.63,38589,235
8/26/2005,294.5,38590,236
8/29/2005,292.47,38593,239
8/30/2005,298.73,38594,240
8/31/2005,303.16,38595,241
9/1/2005,307.34,38596,242
9/2/2005,307.98,38597,243
9/5/2005,304.32,38600,246
9/6/2005,301.77,38601,247
9/8/2005,303.43,38603,249
9/9/2005,300.37,38604,250
9/12/2005,308.63,38607,253
9/13/2005,306.94,38608,254
9/14/2005,302.14,38609,255
9/15/2005,312.88,38610,256
9/16/2005,314.54,38611,257
9/19/2005,313.79,38614,260
9/20/2005,317.31,38615,261
9/22/2005,302.42,38617,263
9/23/2005,304.8,38618,264
9/26/2005,316.33,38621,267
9/27/2005,315.55,38622,268
9/28/2005,317.11,38623,269
9/29/2005,317.83,38624,270
9/30/2005,319.88,38625,271
10/3/2005,323.24,38628,274
10/4/2005,321.48,38629,275
10/5/2005,317.21,38630,276
10/6/2005,307.43,38631,277
10/7/2005,311.78,38632,278
10/10/2005,312.58,38635,281
10/11/2005,316.73,38636,282
10/13/2005,311.02,38638,284
10/14/2005,307.3,38639,285
10/17/2005,309.48,38642,288
10/18/2005,310.95,38643,289
10/19/2005,302.45,38644,290
10/20/2005,305.64,38645,291
10/21/2005,308.21,38646,292
10/24/2005,303.73,38649,295
10/25/2005,310.74,38650,296
10/26/2005,306.91,38651,297
10/27/2005,302.39,38652,298
10/28/2005,293.94,38653,299
10/31/2005,302.38,38656,302
11/2/2005,308.37,38658,304
11/7/2005,316.08,38663,309
11/8/2005,318.73,38664,310
11/9/2005,314.37,38665,311
11/10/2005,317.16,38666,312
11/11/2005,319.95,38667,313
11/14/2005,325.91,38670,316
11/16/2005,326.21,38672,318
11/17/2005,325.34,38673,319
11/18/2005,329.5,38674,320
11/21/2005,327.71,38677,323
11/22/2005,323.66,38678,324
11/23/2005,327.28,38679,325
11/24/2005,328.92,38680,326
11/25/2005,330.96,38681,327
11/28/2005,333.97,38684,330
11/29/2005,333.47,38685,331
11/30/2005,328.24,38686,332
12/1/2005,334.5,38687,333
12/2/2005,334.48,38688,334
12/5/2005,330.45,38691,337
12/6/2005,335.34,38692,338
12/7/2005,344.31,38693,339
12/8/2005,348.84,38694,340
12/9/2005,363.11,38695,341
12/12/2005,356.1,38698,344
12/13/2005,359.86,38699,345
12/14/2005,363.37,38700,346
12/15/2005,363.14,38701,347
12/16/2005,369.95,38702,348
12/19/2005,374.3,38705,351
12/20/2005,365.44,38706,352
12/21/2005,363.85,38707,353
12/22/2005,363.55,38708,354
12/23/2005,360.75,38709,355
12/26/2005,358.84,38712,358
12/27/2005,366.45,38713,359
12/28/2005,363.75,38714,360
12/29/2005,369.02,38715,361
12/30/2005,367.46,38716,362
1/2/2006,364.17,38719,365
1/3/2006,374.01,38720,366
1/4/2006,376.15,38721,367
1/5/2006,373.83,38722,368
1/6/2006,368.06,38723,369
1/9/2006,364.46,38726,372
1/10/2006,360.91,38727,373
1/12/2006,361.17,38729,375
1/13/2006,356.44,38730,376
1/16/2006,347.16,38733,379
1/18/2006,349.49,38735,381
1/19/2006,356.13,38736,382
1/23/2006,350.05,38740,386
1/24/2006,354.46,38741,387
1/25/2006,356.32,38742,388
1/27/2006,358.03,38744,390
1/30/2006,357.98,38747,393
1/31/2006,360.46,38748,394
2/1/2006,359.65,38749,395
2/2/2006,353.21,38750,396
2/3/2006,351.91,38751,397
2/6/2006,362.33,38754,400
2/7/2006,361.26,38755,401
2/8/2006,358.75,38756,402
2/10/2006,360.29,38758,404
2/13/2006,356.27,38761,407
2/14/2006,349.27,38762,408
2/15/2006,349.44,38763,409
2/16/2006,351.56,38764,410
2/17/2006,350.66,38765,411
2/20/2006,356.02,38768,414
2/22/2006,358.61,38770,416
2/23/2006,360.49,38771,417
2/24/2006,360.38,38772,418
2/27/2006,364.76,38775,421
2/28/2006,367.02,38776,422
3/1/2006,375.52,38777,423
3/2/2006,375.87,38778,424
3/3/2006,368.09,38779,425
3/6/2006,376.41,38782,428
3/7/2006,372.18,38783,429
3/8/2006,371.71,38784,430
3/9/2006,372.21,38785,431
3/10/2006,380.58,38786,432
3/13/2006,394.6,38789,435
3/14/2006,389.11,38790,436
3/16/2006,396.07,38792,438
3/17/2006,401.59,38793,439
3/20/2006,411.73,38796,442
3/21/2006,413.29,38797,443
3/22/2006,408.57,38798,444
3/23/2006,404.44,38799,445
3/24/2006,408.16,38800,446
3/27/2006,408.05,38803,449
3/28/2006,407.33,38804,450
3/30/2006,424.7,38806,452
3/31/2006,413.35,38807,453
4/3/2006,420.96,38810,456
4/4/2006,420.48,38811,457
4/5/2006,416.92,38812,458
4/7/2006,407.69,38814,460
4/10/2006,408.73,38817,463
4/13/2006,387.81,38820,466
4/17/2006,411.42,38824,470
4/18/2006,433.63,38825,471
4/19/2006,434.34,38826,472
4/20/2006,429.41,38827,473
4/21/2006,431.38,38828,474
4/24/2006,427.11,38831,477
4/25/2006,415.82,38832,478
4/26/2006,419.14,38833,479
4/27/2006,419.9,38834,480
5/2/2006,434.42,38839,485
5/3/2006,438.39,38840,486
5/4/2006,441.01,38841,487
5/5/2006,433.02,38842,488
5/8/2006,435.78,38845,491
5/9/2006,436.95,38846,492
5/10/2006,436.27,38847,493
5/11/2006,435.62,38848,494
5/12/2006,430.75,38849,495
5/15/2006,423.15,38852,498
5/16/2006,426.13,38853,499
5/17/2006,435.16,38854,500
5/18/2006,415.54,38855,501
5/19/2006,408.35,38856,502
5/22/2006,384.22,38859,505
5/23/2006,394.94,38860,506
5/24/2006,386.41,38861,507
5/25/2006,405.03,38862,508
5/26/2006,402.74,38863,509
5/29/2006,399.34,38866,512
5/30/2006,401.45,38867,513
6/1/2006,368.86,38869,515
6/2/2006,387.13,38870,516
6/5/2006,381.43,38873,519
6/6/2006,377.4,38874,520
6/7/2006,367.7,38875,521
6/8/2006,355.6,38876,522
6/9/2006,360.62,38877,523
6/12/2006,353.63,38880,526
6/13/2006,338.87,38881,527
6/14/2006,320.16,38882,528
6/19/2006,360.02,38887,533
6/20/2006,346.85,38888,534
6/21/2006,354.18,38889,535
6/22/2006,361.83,38890,536
6/23/2006,365.74,38891,537
6/26/2006,352.5,38894,540
6/27/2006,354.88,38895,541
6/28/2006,366.55,38896,542
6/29/2006,362.7,38897,543
6/30/2006,375.21,38898,544
7/3/2006,388.47,38901,547
7/4/2006,391.68,38902,548
7/5/2006,397.62,38903,549
7/6/2006,389.35,38904,550
7/7/2006,376.92,38905,551
7/10/2006,388.07,38908,554
7/11/2006,381.94,38909,555
7/12/2006,407.91,38910,556
7/13/2006,402.96,38911,557
7/14/2006,404.46,38912,558
7/17/2006,401.16,38915,561
7/18/2006,395.87,38916,562
7/19/2006,379.27,38917,563
7/20/2006,389.75,38918,564
7/21/2006,381.42,38919,565
7/24/2006,392.32,38922,568
7/25/2006,398.63,38923,569
7/26/2006,407.59,38924,570
7/27/2006,409.94,38925,571
7/28/2006,400.7,38926,572
7/31/2006,404.03,38929,575
8/1/2006,402.24,38930,576
8/2/2006,405.78,38931,577
8/4/2006,409.38,38933,579
8/7/2006,404.01,38936,582
8/8/2006,412.08,38937,583
8/9/2006,416.95,38938,584
8/10/2006,416.8,38939,585
8/11/2006,417.6,38940,586
8/14/2006,416.33,38943,589
8/16/2006,419.59,38945,591
8/17/2006,414.39,38946,592
8/18/2006,418.51,38947,593
8/21/2006,418.34,38950,596
8/22/2006,420.97,38951,597
8/23/2006,415.66,38952,598
8/24/2006,418.81,38953,599
8/25/2006,420.54,38954,600
8/28/2006,423.43,38957,603
8/29/2006,427.31,38958,604
8/30/2006,424.59,38959,605
8/31/2006,430.74,38960,606
9/1/2006,431.26,38961,607
9/4/2006,438.99,38964,610
9/5/2006,434.09,38965,611
9/6/2006,428.82,38966,612
9/7/2006,425.84,38967,613
9/8/2006,427.7,38968,614
9/11/2006,411.49,38971,617
9/12/2006,422.05,38972,618
9/13/2006,431.56,38973,619
9/14/2006,437.37,38974,620
9/15/2006,432.75,38975,621
9/18/2006,429.92,38978,624
9/19/2006,435.92,38979,625
9/20/2006,444.55,38980,626
9/21/2006,454.46,38981,627
9/22/2006,448.65,38982,628
9/25/2006,442.63,38985,631
9/26/2006,450.7,38986,632
9/27/2006,449.99,38987,633
9/28/2006,440.41,38988,634
9/29/2006,441.1,38989,635
10/2/2006,441.1,38992,638
10/3/2006,437.76,38993,639
10/4/2006,426.15,38994,640
10/5/2006,431.48,38995,641
10/6/2006,429.08,38996,642
10/9/2006,432.51,38999,645
10/10/2006,436.55,39000,646
10/11/2006,450.9,39001,647
10/12/2006,467.21,39002,648
10/13/2006,476.3,39003,649
10/16/2006,487.56,39006,652
10/17/2006,482.04,39007,653
10/18/2006,477.44,39008,654
10/19/2006,471.46,39009,655
10/20/2006,470.25,39010,656
10/23/2006,466.15,39013,659
10/24/2006,466.15,39014,660
10/25/2006,466.15,39015,661
10/26/2006,465.79,39016,662
10/27/2006,463.8,39017,663
10/30/2006,465.83,39020,666
10/31/2006,469.18,39021,667
11/1/2006,467.49,39022,668
11/2/2006,466.13,39023,669
11/3/2006,460.48,39024,670
11/6/2006,457.22,39027,673
11/7/2006,459.7,39028,674
11/8/2006,458.9,39029,675
11/9/2006,459.03,39030,676
11/10/2006,461.23,39031,677
11/13/2006,464.28,39034,680
11/14/2006,477.44,39035,681
11/15/2006,473.36,39036,682
11/16/2006,469.28,39037,683
11/17/2006,472.65,39038,684
11/20/2006,482.45,39041,687
11/21/2006,495.7,39042,688
11/22/2006,495.5,39043,689
11/23/2006,493.8,39044,690
11/24/2006,496.32,39045,691
11/27/2006,500.98,39048,694
11/28/2006,496.26,39049,695
11/29/2006,502.6,39050,696
11/30/2006,517.38,39051,697
12/1/2006,513.31,39052,698
12/4/2006,514.62,39055,701
12/5/2006,514.41,39056,702
12/6/2006,517.3,39057,703
12/7/2006,515.44,39058,704
12/8/2006,507.93,39059,705
12/11/2006,506.44,39062,708
12/12/2006,483.59,39063,709
12/13/2006,483.74,39064,710
12/14/2006,496.15,39065,711
12/15/2006,500.72,39066,712
12/18/2006,509.81,39069,715
12/19/2006,492.81,39070,716
12/20/2006,487.15,39071,717
12/21/2006,490.69,39072,718
12/22/2006,498.03,39073,719
12/25/2006,498.03,39076,722
12/26/2006,514.19,39077,723
12/27/2006,516.18,39078,724
12/28/2006,523.04,39079,725
12/29/2006,527.4,39080,726
1/1/2007,527.4,39083,729
1/2/2007,538.83,39084,730
1/3/2007,552.49,39085,731
1/4/2007,543.39,39086,732
1/5/2007,545.09,39087,733
1/8/2007,536.81,39090,736
1/9/2007,542.24,39091,737
1/10/2007,533.18,39092,738
1/11/2007,551.41,39093,739
1/12/2007,571.4,39094,740
1/15/2007,572.43,39097,743
1/16/2007,571.46,39098,744
1/17/2007,563.07,39099,745
1/18/2007,567.73,39100,746
1/19/2007,560.26,39101,747
1/22/2007,566.87,39104,750
1/23/2007,562.23,39105,751
1/24/2007,564.15,39106,752
1/25/2007,567.73,39107,753
1/26/2007,567.73,39108,754
1/29/2007,560.09,39111,757
1/30/2007,560.09,39112,758
1/31/2007,551.52,39113,759
2/1/2007,557.63,39114,760
2/2/2007,561.28,39115,761
2/5/2007,563.56,39118,764
2/6/2007,560.37,39119,765
2/7/2007,563.78,39120,766
2/8/2007,563,39121,767
2/9/2007,555.62,39122,768
2/12/2007,541.98,39125,771
2/13/2007,540.73,39126,772
2/14/2007,544.12,39127,773
2/15/2007,557.72,39128,774
2/16/2007,557.72,39129,775
2/19/2007,565.29,39132,778
2/20/2007,560.87,39133,779
2/21/2007,554.09,39134,780
2/22/2007,558.6,39135,781
2/23/2007,551.28,39136,782
2/26/2007,555.06,39139,785
2/27/2007,545.59,39140,786
2/28/2007,515.05,39141,787
3/1/2007,541.49,39142,788
3/2/2007,521.59,39143,789
3/5/2007,498.72,39146,792
3/6/2007,516.71,39147,793
3/7/2007,514.36,39148,794
3/8/2007,525.84,39149,795
3/9/2007,523.15,39150,796
3/12/2007,533.01,39153,799
3/13/2007,546.13,39154,800
3/14/2007,523.75,39155,801
3/15/2007,532.71,39156,802
3/16/2007,534.15,39157,803
3/19/2007,544.19,39160,806
3/20/2007,540.78,39161,807
3/21/2007,546.82,39162,808
3/22/2007,562.38,39163,809
3/23/2007,555.97,39164,810
3/26/2007,544.38,39167,813
3/27/2007,544.38,39168,814
3/28/2007,518.33,39169,815
3/29/2007,538.77,39170,816
3/30/2007,532.51,39171,817
4/2/2007,513.24,39174,820
4/3/2007,519.05,39175,821
4/4/2007,517.21,39176,822
4/5/2007,515.4,39177,823
4/6/2007,515.4,39178,824
4/9/2007,525.33,39181,827
4/10/2007,516.76,39182,828
4/11/2007,513.82,39183,829
4/12/2007,518.31,39184,830
4/13/2007,544.66,39185,831
4/16/2007,552.54,39188,834
4/17/2007,539.59,39189,835
4/18/2007,538.4,39190,836
4/19/2007,536.42,39191,837
4/20/2007,542.78,39192,838
4/23/2007,538.53,39195,841
4/24/2007,528.63,39196,842
4/25/2007,527.12,39197,843
4/26/2007,535.34,39198,844
4/27/2007,532.79,39199,845
4/30/2007,546.39,39202,848
5/2/2007,546.39,39204,850
5/3/2007,556.83,39205,851
5/4/2007,549.43,39206,852
5/7/2007,549.36,39209,855
5/8/2007,546.62,39210,856
5/9/2007,534.95,39211,857
5/10/2007,530.72,39212,858
5/11/2007,540.58,39213,859
5/14/2007,539.59,39216,862
5/15/2007,534.32,39217,863
5/16/2007,528.35,39218,864
5/17/2007,539.48,39219,865
5/18/2007,540.71,39220,866
5/21/2007,533.89,39223,869
5/22/2007,531.13,39224,870
5/23/2007,532.32,39225,871
5/24/2007,528.58,39226,872
5/25/2007,530.83,39227,873
5/28/2007,528.91,39230,876
5/29/2007,531.35,39231,877
5/30/2007,524.66,39232,878
5/31/2007,521.51,39233,879
6/1/2007,521.51,39234,880
6/4/2007,521.4,39237,883
6/5/2007,521.38,39238,884
6/6/2007,518.05,39239,885
6/7/2007,520.92,39240,886
6/8/2007,526.58,39241,887
6/11/2007,527.12,39244,890
6/12/2007,525.39,39245,891
6/13/2007,519.3,39246,892
6/14/2007,519.87,39247,893
6/15/2007,511.17,39248,894
6/18/2007,501.76,39251,897
6/19/2007,500.64,39252,898
6/20/2007,495.03,39253,899
6/21/2007,494.42,39254,900
6/22/2007,491.99,39255,901
6/25/2007,485.86,39258,904
6/26/2007,484.13,39259,905
6/27/2007,489.05,39260,906
6/28/2007,490.65,39261,907
6/29/2007,496.04,39262,908
7/2/2007,489.61,39265,911
7/3/2007,486.66,39266,912
7/4/2007,482.36,39267,913
7/5/2007,479.77,39268,914
7/6/2007,500.06,39269,915
7/9/2007,507.87,39272,918
7/10/2007,510.63,39273,919
7/11/2007,495.85,39274,920
7/12/2007,501.74,39275,921
7/13/2007,490.28,39276,922
7/16/2007,486.96,39279,925
7/17/2007,498.8,39280,926
7/18/2007,503.51,39281,927
7/19/2007,510.22,39282,928
7/20/2007,507.5,39283,929
7/23/2007,514,39286,932
7/24/2007,505.77,39287,933
7/25/2007,495.55,39288,934
7/26/2007,513.2,39289,935
7/27/2007,497.62,39290,936
7/30/2007,490.47,39293,939
7/31/2007,499.04,39294,940
8/1/2007,481.28,39295,941
8/2/2007,472.65,39296,942
8/3/2007,473.41,39297,943
8/6/2007,474.51,39300,946
8/7/2007,478.76,39301,947
8/8/2007,497.44,39302,948
8/9/2007,494.47,39303,949
8/10/2007,493.95,39304,950
8/13/2007,489.96,39307,953
8/14/2007,488.62,39308,954
8/15/2007,489.96,39309,955
8/16/2007,468.96,39310,956
8/17/2007,456.19,39311,957
8/20/2007,454.5,39314,960
8/21/2007,437.63,39315,961
8/22/2007,441.94,39316,962
8/23/2007,437,39317,963
8/24/2007,438.84,39318,964
8/27/2007,442.37,39321,967
8/28/2007,443.02,39322,968
8/29/2007,445.4,39323,969
8/30/2007,453.62,39324,970
8/31/2007,456.19,39325,971
9/3/2007,457.48,39328,974
9/4/2007,458.34,39329,975
9/5/2007,462.77,39330,976
9/6/2007,463.09,39331,977
9/7/2007,465.46,39332,978
9/10/2007,452.65,39335,981
9/11/2007,442.37,39336,982
9/12/2007,438.58,39337,983
9/13/2007,444.53,39338,984
9/14/2007,441.08,39339,985
9/17/2007,430.66,39342,988
9/18/2007,432.75,39343,989
9/19/2007,443.24,39344,990
9/20/2007,432.51,39345,991
9/21/2007,440.17,39346,992
9/24/2007,434.41,39349,995
9/25/2007,432.88,39350,996
9/26/2007,451.91,39351,997
9/27/2007,458.56,39352,998
9/28/2007,454.93,39353,999
10/1/2007,447.99,39356,1002
10/2/2007,447.99,39357,1003
10/3/2007,467.41,39358,1004
10/4/2007,464.39,39359,1005
10/5/2007,462.23,39360,1006
10/8/2007,463.98,39363,1009
10/9/2007,468.27,39364,1010
10/10/2007,487.69,39365,1011
10/11/2007,462.57,39366,1012
10/12/2007,463.95,39367,1013
10/15/2007,463.95,39370,1016
10/16/2007,461.36,39371,1017
10/17/2007,472.46,39372,1018
10/18/2007,485.58,39373,1019
10/19/2007,478.2,39374,1020
10/22/2007,462.29,39377,1023
10/23/2007,457.48,39378,1024
10/24/2007,451.46,39379,1025
10/25/2007,451.87,39380,1026
10/26/2007,462.01,39381,1027
10/29/2007,460.93,39384,1030
10/30/2007,453.16,39385,1031
10/31/2007,449.28,39386,1032
11/1/2007,440.22,39387,1033
11/2/2007,440.22,39388,1034
11/5/2007,437.2,39391,1037
11/6/2007,433.74,39392,1038
11/7/2007,429.69,39393,1039
11/8/2007,430.27,39394,1040
11/9/2007,424.72,39395,1041
11/12/2007,415.18,39398,1044
11/13/2007,407.89,39399,1045
11/14/2007,424.05,39400,1046
11/15/2007,421.68,39401,1047
11/16/2007,424.68,39402,1048
11/19/2007,428.13,39405,1051
11/20/2007,414.36,39406,1052
11/21/2007,404.83,39407,1053
11/22/2007,416.44,39408,1054
11/23/2007,412.16,39409,1055
11/26/2007,424.81,39412,1058
11/27/2007,429.43,39413,1059
11/28/2007,420.8,39414,1060
11/29/2007,419.5,39415,1061
11/30/2007,434.26,39416,1062
12/3/2007,452.73,39419,1065
12/4/2007,444.06,39420,1066
12/5/2007,450.14,39421,1067
12/6/2007,448.24,39422,1068
12/7/2007,461.8,39423,1069
12/10/2007,446.69,39426,1072
12/11/2007,449.5,39427,1073
12/12/2007,452.73,39428,1074
12/13/2007,444.53,39429,1075
12/14/2007,446.78,39430,1076
12/17/2007,436.94,39433,1079
12/18/2007,433.7,39434,1080
12/19/2007,441.51,39435,1081
12/20/2007,454.87,39436,1082
12/21/2007,454.87,39437,1083
12/24/2007,482.99,39440,1086
12/25/2007,482.99,39441,1087
12/26/2007,474.4,39442,1088
12/27/2007,479.92,39443,1089
12/28/2007,466.13,39444,1090
12/31/2007,457.05,39447,1093
1/1/2008,454.46,39448,1094
1/2/2008,453.16,39449,1095
1/3/2008,438.77,39450,1096
1/4/2008,433.4,39451,1097
1/7/2008,421.44,39454,1100
1/8/2008,426.84,39455,1101
1/9/2008,429.86,39456,1102
1/10/2008,423.38,39457,1103
1/11/2008,427.27,39458,1104
1/14/2008,414.69,39461,1107
1/15/2008,404.83,39462,1108
1/16/2008,407.16,39463,1109
1/17/2008,397.49,39464,1110
1/18/2008,390.15,39465,1111
1/21/2008,360.37,39468,1114
1/22/2008,345.38,39469,1115
1/23/2008,370.49,39470,1116
1/24/2008,366.14,39471,1117
1/25/2008,387.88,39472,1118
1/28/2008,373.95,39475,1121
1/29/2008,378.32,39476,1122
1/30/2008,375.71,39477,1123
1/31/2008,384.84,39478,1124
2/1/2008,404.41,39479,1125
2/4/2008,421.36,39482,1128
2/5/2008,417.89,39483,1129
2/6/2008,394.75,39484,1130
2/7/2008,383.1,39485,1131
2/8/2008,395.71,39486,1132
2/11/2008,391.36,39489,1135
2/12/2008,377.45,39490,1136
2/13/2008,382.1,39491,1137
2/14/2008,376.92,39492,1138
2/15/2008,379.36,39493,1139
2/18/2008,370.71,39496,1142
2/19/2008,382.66,39497,1143
2/20/2008,384.62,39498,1144
2/21/2008,402.67,39499,1145
2/22/2008,390.06,39500,1146
2/25/2008,389.19,39503,1149
2/26/2008,389.19,39504,1150
2/27/2008,381.88,39505,1151
2/28/2008,383.53,39506,1152
2/29/2008,377.45,39507,1153
3/3/2008,365.27,39510,1156
3/4/2008,374.45,39511,1157
3/5/2008,379.62,39512,1158
3/6/2008,379.62,39513,1159
3/7/2008,367.44,39514,1160
3/10/2008,360.99,39517,1163
3/11/2008,358.31,39518,1164
3/12/2008,358.83,39519,1165
3/13/2008,332.66,39520,1166
3/14/2008,352.22,39521,1167
3/17/2008,344.27,39524,1170
3/18/2008,355.27,39525,1171
3/19/2008,351.79,39526,1172
3/20/2008,351.79,39527,1173
3/21/2008,351.79,39528,1174
3/24/2008,359.6,39531,1177
3/25/2008,382.66,39532,1178
3/26/2008,384.34,39533,1179
3/27/2008,370.1,39534,1180
3/28/2008,377.88,39535,1181
3/31/2008,347.44,39538,1184
4/1/2008,365.27,39539,1185
4/2/2008,370.49,39540,1186
4/3/2008,384.4,39541,1187
4/4/2008,381.36,39542,1188
4/7/2008,393.86,39545,1191
4/8/2008,386.14,39546,1192
4/9/2008,382.62,39547,1193
4/10/2008,393.1,39548,1194
4/11/2008,395.71,39549,1195
4/14/2008,395.71,39552,1198
4/15/2008,427.45,39553,1199
4/16/2008,425.71,39554,1200
4/17/2008,432.3,39555,1201
4/18/2008,432.3,39556,1202
4/21/2008,432.67,39559,1205
4/22/2008,384.4,39560,1206
4/23/2008,387.88,39561,1207
4/24/2008,387.66,39562,1208
4/25/2008,387.45,39563,1209
4/28/2008,383.64,39566,1212
4/29/2008,395.71,39567,1213
4/30/2008,400.12,39568,1214
5/1/2008,400.12,39569,1215
5/2/2008,410.62,39570,1216
5/5/2008,402.8,39573,1219
5/6/2008,413.1,39574,1220
5/7/2008,420.06,39575,1221
5/8/2008,410.49,39576,1222
5/9/2008,395.8,39577,1223
5/12/2008,402.8,39580,1226
5/13/2008,389.75,39581,1227
5/14/2008,420.93,39582,1228
5/15/2008,428.71,39583,1229
5/16/2008,425.28,39584,1230
5/19/2008,425.28,39587,1233
5/20/2008,416.58,39588,1234
5/21/2008,420.89,39589,1235
5/22/2008,416.63,39590,1236
5/23/2008,406.65,39591,1237
5/26/2008,417.23,39594,1240
5/27/2008,421.71,39595,1241
5/28/2008,437.5,39596,1242
5/29/2008,433.98,39597,1243
5/30/2008,449.2,39598,1244
6/2/2008,420.5,39601,1247
6/3/2008,424.41,39602,1248
6/4/2008,418.41,39603,1249
6/5/2008,421.8,39604,1250
6/6/2008,421.15,39605,1251
6/9/2008,397.88,39608,1254
6/10/2008,382.66,39609,1255
6/11/2008,387.45,39610,1256
6/12/2008,386.14,39611,1257
6/13/2008,393.53,39612,1258
6/16/2008,395.86,39615,1261
6/17/2008,400.45,39616,1262
6/18/2008,395.66,39617,1263
6/19/2008,389.48,39618,1264
6/20/2008,380.49,39619,1265
6/23/2008,377.65,39622,1268
6/24/2008,372.8,39623,1269
6/25/2008,386.86,39624,1270
6/26/2008,393.42,39625,1271
6/27/2008,377.85,39626,1272
6/30/2008,378.73,39629,1275
7/1/2008,367.83,39630,1276
7/2/2008,385.99,39631,1277
7/3/2008,376.31,39632,1278
7/4/2008,369.28,39633,1279
7/7/2008,373.68,39636,1282
7/8/2008,369.28,39637,1283
7/9/2008,386.07,39638,1284
7/10/2008,382.97,39639,1285
7/11/2008,352.05,39640,1286
7/14/2008,337.85,39643,1289
7/15/2008,326.15,39644,1290
7/16/2008,320.04,39645,1291
7/17/2008,343.78,39646,1292
7/18/2008,348.84,39647,1293
7/21/2008,357.87,39650,1296
7/22/2008,367.08,39651,1297
7/23/2008,380.18,39652,1298
7/24/2008,354.07,39653,1299
7/25/2008,353.45,39654,1300
7/28/2008,355.21,39657,1303
7/29/2008,353.94,39658,1304
7/30/2008,370.16,39659,1305
7/31/2008,367.46,39660,1306
8/1/2008,369.72,39661,1307
8/4/2008,360.88,39664,1310
8/5/2008,369.1,39665,1311
8/6/2008,378.57,39666,1312
8/7/2008,374.14,39667,1313
8/8/2008,373.26,39668,1314
8/11/2008,367.66,39671,1317
8/12/2008,362.32,39672,1318
8/13/2008,368.83,39673,1319
8/14/2008,367.5,39674,1320
8/15/2008,367.5,39675,1321
8/18/2008,371.11,39678,1324
8/19/2008,372.37,39679,1325
8/20/2008,373.04,39680,1326
8/21/2008,362.19,39681,1327
8/22/2008,361.75,39682,1328
8/25/2008,361.3,39685,1331
8/26/2008,369.32,39686,1332
8/27/2008,362.65,39687,1333
8/28/2008,350.23,39688,1334
8/29/2008,359.31,39689,1335
9/1/2008,360.42,39692,1338
9/2/2008,376.58,39693,1339
9/3/2008,376.58,39694,1340
9/4/2008,374.37,39695,1341
9/5/2008,371.27,39696,1342
9/8/2008,379.17,39699,1345
9/9/2008,382.78,39700,1346
9/10/2008,375.92,39701,1347
9/11/2008,370.6,39702,1348
9/12/2008,356.88,39703,1349
9/15/2008,336.77,39706,1352
9/16/2008,330.69,39707,1353
9/17/2008,322.36,39708,1354
9/18/2008,322.56,39709,1355
9/19/2008,343.02,39710,1356
9/22/2008,339.16,39713,1359
9/23/2008,318.8,39714,1360
9/24/2008,320.02,39715,1361
9/25/2008,305.51,39716,1362
9/26/2008,296.66,39717,1363
9/29/2008,273.19,39720,1366
9/30/2008,290.9,39721,1367
10/1/2008,297.1,39722,1368
10/2/2008,297.1,39723,1369
10/3/2008,293.07,39724,1370
10/6/2008,281.16,39727,1373
10/7/2008,255.48,39728,1374
10/8/2008,244.85,39729,1375
10/9/2008,244.85,39730,1376
10/10/2008,231.64,39731,1377
10/13/2008,259.55,39734,1380
10/14/2008,260.06,39735,1381
10/15/2008,238.66,39736,1382
10/16/2008,218.29,39737,1383
10/17/2008,197.39,39738,1384
10/20/2008,221.39,39741,1387
10/21/2008,247.95,39742,1388
10/22/2008,241.22,39743,1389
10/23/2008,235.56,39744,1390
10/24/2008,219.17,39745,1391
10/27/2008,222.18,39748,1394
10/28/2008,242.2,39749,1395
10/29/2008,242.96,39750,1396
10/30/2008,242.96,39751,1397
10/31/2008,240.41,39752,1398
11/3/2008,248.49,39755,1401
11/4/2008,225.41,39756,1402
11/5/2008,226.06,39757,1403
11/6/2008,223.78,39758,1404
11/7/2008,237.23,39759,1405
11/10/2008,245.78,39762,1408
11/11/2008,233.83,39763,1409
11/12/2008,237.27,39764,1410
11/13/2008,237.27,39765,1411
11/14/2008,239.51,39766,1412
11/17/2008,231.45,39769,1415
11/18/2008,215,39770,1416
11/19/2008,215.47,39771,1417
11/20/2008,211.75,39772,1418
11/21/2008,225.63,39773,1419
11/24/2008,231.61,39776,1422
11/25/2008,225.19,39777,1423
11/26/2008,234.81,39778,1424
11/27/2008,234.81,39779,1425
11/28/2008,251.6,39780,1426
12/1/2008,253.9,39783,1429
12/2/2008,239.96,39784,1430
12/3/2008,236.38,39785,1431
12/4/2008,246.23,39786,1432
12/5/2008,232.8,39787,1433
12/8/2008,235.12,39790,1436
12/9/2008,235.12,39791,1437
12/10/2008,240.41,39792,1438
12/11/2008,227.38,39793,1439
12/12/2008,216.23,39794,1440
12/15/2008,210.1,39797,1443
12/16/2008,216.1,39798,1444
12/17/2008,212.65,39799,1445
12/18/2008,227.42,39800,1446
12/19/2008,229.66,39801,1447
12/22/2008,229.21,39804,1450
12/23/2008,223.84,39805,1451
12/24/2008,215.05,39806,1452
12/25/2008,215.05,39807,1453
12/26/2008,212.65,39808,1454
12/29/2008,213.1,39811,1457
12/30/2008,214.44,39812,1458
12/31/2008,213.48,39813,1459
1/1/2009,222.45,39814,1460
1/2/2009,222.95,39815,1461
1/5/2009,232.8,39818,1464
1/6/2009,224.65,39819,1465
1/7/2009,226.08,39820,1466
1/8/2009,226.08,39821,1467
1/9/2009,240.41,39822,1468
1/12/2009,227.02,39825,1471
1/13/2009,236.38,39826,1472
1/14/2009,238.62,39827,1473
1/15/2009,228.32,39828,1474
1/16/2009,225.07,39829,1475
1/19/2009,223.8,39832,1478
1/20/2009,221.83,39833,1479
1/21/2009,218.51,39834,1480
1/22/2009,222.01,39835,1481
1/23/2009,218.02,39836,1482
1/26/2009,218.02,39839,1485
1/27/2009,223.06,39840,1486
1/28/2009,229.67,39841,1487
1/29/2009,232.91,39842,1488
1/30/2009,231.1,39843,1489
2/2/2009,222.63,39846,1492
2/3/2009,226.3,39847,1493
2/4/2009,225.8,39848,1494
2/5/2009,218.23,39849,1495
2/6/2009,228.41,39850,1496
2/9/2009,235.91,39853,1499
2/10/2009,238.58,39854,1500
2/11/2009,233.37,39855,1501
2/12/2009,231.87,39856,1502
2/13/2009,232.24,39857,1503
2/16/2009,226.12,39860,1506
2/17/2009,220.45,39861,1507
2/18/2009,217.85,39862,1508
2/19/2009,221.99,39863,1509
2/20/2009,215.83,39864,1510
2/23/2009,215.83,39867,1513
2/24/2009,211.71,39868,1514
2/25/2009,218.87,39869,1515
2/26/2009,220.23,39870,1516
2/27/2009,219.34,39871,1517
3/2/2009,206.5,39874,1520
3/3/2009,202.1,39875,1521
3/4/2009,209.53,39876,1522
3/5/2009,209.8,39877,1523
3/6/2009,217.51,39878,1524
3/9/2009,208.94,39881,1527
3/10/2009,208.94,39882,1528
3/11/2009,208.94,39883,1529
3/12/2009,213.68,39884,1530
3/13/2009,229.86,39885,1531
3/16/2009,234.27,39888,1534
3/17/2009,224.31,39889,1535
3/18/2009,227.48,39890,1536
3/19/2009,233.82,39891,1537
3/20/2009,231.24,39892,1538
3/23/2009,235.54,39895,1541
3/24/2009,233.75,39896,1542
3/25/2009,238.4,39897,1543
3/26/2009,249.23,39898,1544
3/27/2009,260.31,39899,1545
3/30/2009,237.92,39902,1548
3/31/2009,242.43,39903,1549
4/1/2009,246.51,39904,1550
4/2/2009,259.65,39905,1551
4/3/2009,259.65,39906,1552
4/6/2009,264.18,39909,1555
4/7/2009,264.18,39910,1556
4/8/2009,271.93,39911,1557
4/9/2009,274.6,39912,1558
4/10/2009,274.6,39913,1559
4/13/2009,268.26,39916,1562
4/14/2009,268.26,39917,1563
4/15/2009,262.82,39918,1564
4/16/2009,258.74,39919,1565
4/17/2009,259.17,39920,1566
4/20/2009,253.69,39923,1569
4/21/2009,247.37,39924,1570
4/22/2009,247.23,39925,1571
4/23/2009,258.38,39926,1572
4/24/2009,264.97,39927,1573
4/27/2009,273.29,39930,1576
4/28/2009,271.66,39931,1577
4/29/2009,281.9,39932,1578
4/30/2009,281.9,39933,1579
5/1/2009,281.9,39934,1580
5/4/2009,298.17,39937,1583
5/5/2009,294.11,39938,1584
5/6/2009,286.91,39939,1585
5/7/2009,284.6,39940,1586
5/8/2009,285.57,39941,1587
5/11/2009,276.87,39944,1590
5/12/2009,290.87,39945,1591
5/13/2009,283.21,39946,1592
5/14/2009,280.97,39947,1593
5/15/2009,294.09,39948,1594
5/18/2009,337.07,39951,1597
5/19/2009,302.25,39952,1598
5/20/2009,308.5,39953,1599
5/21/2009,294.09,39954,1600
5/22/2009,287.25,39955,1601
5/25/2009,286.43,39958,1604
5/26/2009,281.47,39959,1605
5/27/2009,292.28,39960,1606
5/28/2009,296.49,39961,1607
5/29/2009,316,39962,1608
6/1/2009,318.31,39965,1611
6/2/2009,313.73,39966,1612
6/3/2009,316.52,39967,1613
6/4/2009,320.85,39968,1614
6/5/2009,324.9,39969,1615
6/8/2009,333.51,39972,1618
6/9/2009,353.45,39973,1619
6/10/2009,355.72,39974,1620
6/11/2009,351.41,39975,1621
6/12/2009,347.85,39976,1622
6/15/2009,352.54,39979,1625
6/16/2009,359.84,39980,1626
6/17/2009,348.09,39981,1627
6/18/2009,346.12,39982,1628
6/19/2009,345.15,39983,1629
6/22/2009,338.77,39986,1632
6/23/2009,335.74,39987,1633
6/24/2009,350.71,39988,1634
6/25/2009,349.79,39989,1635
6/26/2009,363.38,39990,1636
6/29/2009,353.46,39993,1639
6/30/2009,358.51,39994,1640
7/1/2009,361.22,39995,1641
7/2/2009,357.13,39996,1642
7/3/2009,358.92,39997,1643
7/6/2009,350.85,40000,1646
7/7/2009,355.8,40001,1647
7/8/2009,348.87,40002,1648
7/9/2009,356.22,40003,1649
7/10/2009,362.64,40004,1650
7/13/2009,365.54,40007,1653
7/14/2009,375.27,40008,1654
7/15/2009,388.62,40009,1655
7/16/2009,388.35,40010,1656
7/17/2009,397.81,40011,1657
7/20/2009,459.59,40014,1660
7/21/2009,436.04,40015,1661
7/22/2009,427.6,40016,1662
7/23/2009,436.87,40017,1663
7/24/2009,444.86,40018,1664
7/27/2009,441.58,40021,1667
7/28/2009,443.89,40022,1668
7/29/2009,460.48,40023,1669
7/30/2009,492.1,40024,1670
7/31/2009,483.72,40025,1671
8/3/2009,492.38,40028,1674
8/4/2009,489.06,40029,1675
8/5/2009,488.6,40030,1676
8/6/2009,476.62,40031,1677
8/7/2009,468.83,40032,1678
8/10/2009,494.13,40035,1681
8/11/2009,500.72,40036,1682
8/12/2009,478.92,40037,1683
8/13/2009,485.84,40038,1684
8/14/2009,481.27,40039,1685
8/17/2009,471.55,40042,1688
8/18/2009,471.55,40043,1689
8/19/2009,471.55,40044,1690
8/20/2009,471.55,40045,1691
8/21/2009,471.55,40046,1692
8/24/2009,480.3,40049,1695
8/25/2009,485.28,40050,1696
8/26/2009,506.58,40051,1697
8/27/2009,506.76,40052,1698
8/28/2009,498.19,40053,1699
8/31/2009,489.29,40056,1702
9/1/2009,485.47,40057,1703
9/2/2009,494.69,40058,1704
9/3/2009,491.37,40059,1705
9/4/2009,490.35,40060,1706
9/7/2009,508.42,40063,1709
9/8/2009,508.88,40064,1710
9/9/2009,516.67,40065,1711
9/10/2009,511.65,40066,1712
9/11/2009,515.98,40067,1713
9/14/2009,518.1,40070,1716
9/15/2009,526.86,40071,1717
9/16/2009,525.8,40072,1718
9/17/2009,535.62,40073,1719
9/18/2009,539.3,40074,1720
9/21/2009,539.3,40077,1723
9/22/2009,553.69,40078,1724
9/23/2009,542.39,40079,1725
9/24/2009,550.64,40080,1726
9/25/2009,540.6,40081,1727
9/28/2009,540.6,40084,1730
9/29/2009,562.4,40085,1731
9/30/2009,571.39,40086,1732
10/1/2009,578.16,40087,1733
10/2/2009,578.16,40088,1734
10/5/2009,569.22,40091,1737
10/6/2009,561.52,40092,1738
10/7/2009,545.76,40093,1739
10/8/2009,526.44,40094,1740
10/9/2009,518.56,40095,1741
10/12/2009,535.62,40098,1744
10/13/2009,535.62,40099,1745
10/14/2009,548.52,40100,1746
10/15/2009,537.18,40101,1747
10/16/2009,554.61,40102,1748
10/19/2009,554.61,40105,1751
10/20/2009,572.49,40106,1752
10/21/2009,584.48,40107,1753
10/22/2009,578.3,40108,1754
10/23/2009,590.05,40109,1755
10/26/2009,593.7,40112,1758
10/27/2009,592.13,40113,1759
10/28/2009,595.6,40114,1760
10/29/2009,585.61,40115,1761
10/30/2009,583.71,40116,1762
11/2/2009,583.71,40119,1765
11/3/2009,558.56,40120,1766
11/4/2009,578.44,40121,1767
11/5/2009,577.06,40122,1768
11/6/2009,577.98,40123,1769
11/9/2009,575.25,40126,1772
11/10/2009,577.06,40127,1773
11/11/2009,596.48,40128,1774
11/12/2009,605.72,40129,1775
11/13/2009,619.36,40130,1776
11/16/2009,615.85,40133,1779
11/17/2009,637.17,40134,1780
11/18/2009,634.02,40135,1781
11/19/2009,628.57,40136,1782
11/20/2009,642.76,40137,1783
11/23/2009,642.07,40140,1786
11/24/2009,645.49,40141,1787
11/25/2009,649.88,40142,1788
11/26/2009,633.7,40143,1789
11/27/2009,618.67,40144,1790
11/30/2009,637.17,40147,1793
12/1/2009,635.32,40148,1794
12/2/2009,633.93,40149,1795
12/3/2009,638.92,40150,1796
12/4/2009,643.78,40151,1797
12/7/2009,643.18,40154,1800
12/8/2009,645.49,40155,1801
12/9/2009,653.03,40156,1802
12/10/2009,651.96,40157,1803
12/11/2009,650.71,40158,1804
12/14/2009,651.08,40161,1807
12/15/2009,646.32,40162,1808
12/16/2009,660.28,40163,1809
12/17/2009,670.36,40164,1810
12/18/2009,674.99,40165,1811
12/21/2009,680.49,40168,1814
12/22/2009,670.97,40169,1815
12/23/2009,693.07,40170,1816
12/24/2009,690.62,40171,1817
12/25/2009,690.62,40172,1818
12/28/2009,690.62,40175,1821
12/29/2009,686.64,40176,1822
12/30/2009,684.51,40177,1823
12/31/2009,692.47,40178,1824
1/1/2010,692.47,40179,1825
1/4/2010,695.66,40182,1828
1/5/2010,692.37,40183,1829
1/6/2010,681.55,40184,1830
1/7/2010,658.3,40185,1831
1/8/2010,644.1,40186,1832
1/11/2010,663.98,40189,1835
1/12/2010,691.73,40190,1836
1/13/2010,729.46,40191,1837
1/14/2010,721.78,40192,1838
1/15/2010,735.24,40193,1839
1/18/2010,740.37,40196,1842
1/19/2010,722.52,40197,1843
1/20/2010,722.52,40198,1844
1/21/2010,722.52,40199,1845
1/22/2010,722.52,40200,1846
1/25/2010,722.52,40203,1849
1/26/2010,722.52,40204,1850
1/27/2010,724.38,40205,1851
1/28/2010,724.38,40206,1852
1/29/2010,724.38,40207,1853
2/1/2010,724.38,40210,1856
2/2/2010,724.38,40211,1857
2/3/2010,724.38,40212,1858
2/4/2010,724.38,40213,1859
2/5/2010,670.79,40214,1860
2/8/2010,671.39,40217,1863
2/9/2010,681.59,40218,1864
2/10/2010,678.95,40219,1865
2/11/2010,688.59,40220,1866
2/12/2010,688.4,40221,1867
2/15/2010,691.79,40224,1870
2/16/2010,702.91,40225,1871
2/17/2010,703.38,40226,1872
2/18/2010,703.52,40227,1873
2/19/2010,695.87,40228,1874
2/22/2010,702.08,40231,1877
2/23/2010,706.57,40232,1878
2/24/2010,709.59,40233,1879
2/25/2010,710.42,40234,1880
2/26/2010,706.3,40235,1881
3/1/2010,704.81,40238,1884
3/2/2010,707.59,40239,1885
3/3/2010,712.74,40240,1886
3/4/2010,708.24,40241,1887
3/5/2010,707.04,40242,1888
3/8/2010,707.13,40245,1891
3/9/2010,712.69,40246,1892
3/10/2010,723.22,40247,1893
3/11/2010,733.93,40248,1894
3/12/2010,738.89,40249,1895
3/15/2010,758.4,40252,1898
3/16/2010,768.6,40253,1899
3/17/2010,779.45,40254,1900
3/18/2010,765.68,40255,1901
3/19/2010,761.09,40256,1902
3/22/2010,767.3,40259,1905
3/23/2010,768.28,40260,1906
3/24/2010,767.95,40261,1907
3/25/2010,769.34,40262,1908
3/26/2010,764.94,40263,1909
3/29/2010,752.79,40266,1912
3/30/2010,741.71,40267,1913
3/31/2010,723.77,40268,1914
4/1/2010,748.95,40269,1915
4/2/2010,749.13,40270,1916
4/5/2010,744.82,40273,1919
4/6/2010,738.05,40274,1920
4/7/2010,739.91,40275,1921
4/8/2010,741.2,40276,1922
4/9/2010,733.93,40277,1923
4/12/2010,739.95,40280,1926
4/13/2010,760.91,40281,1927
4/14/2010,760.91,40282,1928
4/15/2010,761.83,40283,1929
4/16/2010,755.71,40284,1930
4/19/2010,752.79,40287,1933
4/20/2010,731.98,40288,1934
4/21/2010,727.81,40289,1935
4/22/2010,728.69,40290,1936
4/23/2010,723.36,40291,1937
4/26/2010,727.9,40294,1940
4/27/2010,729.94,40295,1941
4/28/2010,714.18,40296,1942
4/29/2010,704.4,40297,1943
4/30/2010,709.63,40298,1944
5/3/2010,710.93,40301,1947
5/4/2010,705.55,40302,1948
5/5/2010,709.96,40303,1949
5/6/2010,711.21,40304,1950
5/7/2010,687.38,40305,1951
5/10/2010,714.13,40308,1954
5/11/2010,701.2,40309,1955
5/12/2010,704.12,40310,1956
5/13/2010,709.82,40311,1957
5/14/2010,708.2,40312,1958
5/17/2010,691.42,40315,1961
5/18/2010,681.54,40316,1962
5/19/2010,668.93,40317,1963
5/20/2010,676.81,40318,1964
5/21/2010,666.34,40319,1965
5/24/2010,665.32,40322,1968
5/25/2010,648.58,40323,1969
5/26/2010,684.23,40324,1970
5/27/2010,687.8,40325,1971
5/28/2010,696.1,40326,1972
5/31/2010,688.91,40329,1975
6/1/2010,685.34,40330,1976
6/2/2010,699.3,40331,1977
6/3/2010,709.68,40332,1978
6/4/2010,709.59,40333,1979
6/7/2010,698.37,40336,1982
6/8/2010,695.54,40337,1983
6/9/2010,679.64,40338,1984
6/10/2010,695.82,40339,1985
6/11/2010,703.79,40340,1986
6/14/2010,724.1,40343,1989
6/15/2010,719.5,40344,1990
6/16/2010,727.67,40345,1991
6/17/2010,728.14,40346,1992
6/18/2010,735.56,40347,1993
6/21/2010,739.78,40350,1996
6/22/2010,731.28,40351,1997
6/23/2010,738.47,40352,1998
6/24/2010,726.4,40353,1999
6/25/2010,712.36,40354,2000
6/28/2010,718.23,40357,2003
6/29/2010,707.94,40358,2004
6/30/2010,705.31,40359,2005
7/1/2010,687.47,40360,2006
7/2/2010,698.55,40361,2007
7/5/2010,694.04,40364,2010
7/6/2010,712.97,40365,2011
7/7/2010,718.09,40366,2012
7/8/2010,729.54,40367,2013
7/9/2010,727.34,40368,2014
7/12/2010,743.54,40371,2017
7/13/2010,727.53,40372,2018
7/14/2010,727.53,40373,2019
7/15/2010,734.52,40374,2020
7/16/2010,782.94,40375,2021
7/19/2010,776.41,40378,2024
7/20/2010,776.93,40379,2025
7/21/2010,791.72,40380,2026
7/22/2010,792.38,40381,2027
7/23/2010,788.24,40382,2028
7/26/2010,797.59,40385,2031
7/27/2010,797.49,40386,2032
7/28/2010,802.47,40387,2033
7/29/2010,800.16,40388,2034
7/30/2010,790.56,40389,2035
8/2/2010,789.15,40392,2038
8/3/2010,783.27,40393,2039
8/4/2010,817.86,40394,2040
8/5/2010,826.38,40395,2041
8/6/2010,814,40396,2042
8/9/2010,828.26,40399,2045
8/10/2010,813.81,40400,2046
8/11/2010,807.84,40401,2047
8/12/2010,803.41,40402,2048
8/13/2010,804.31,40403,2049
8/16/2010,804.02,40406,2052
8/17/2010,800.35,40407,2053
8/18/2010,820.03,40408,2054
8/19/2010,820.92,40409,2055
8/20/2010,818,40410,2056
8/23/2010,819.37,40413,2059
8/24/2010,819.65,40414,2060
8/25/2010,820.12,40415,2061
8/26/2010,825.11,40416,2062
8/27/2010,805.86,40417,2063
8/30/2010,796.07,40420,2066
8/31/2010,794.28,40421,2067
9/1/2010,808.07,40422,2068
9/2/2010,794.61,40423,2069
9/3/2010,788.21,40424,2070
9/6/2010,805.2,40427,2073
9/7/2010,820.26,40428,2074
9/8/2010,827.51,40429,2075
9/9/2010,823.42,40430,2076
9/10/2010,824.64,40431,2077
9/13/2010,828.17,40434,2080
9/14/2010,842.86,40435,2081
9/15/2010,861.17,40436,2082
9/16/2010,842.9,40437,2083
9/17/2010,860.22,40438,2084
9/20/2010,858.77,40441,2087
9/21/2010,898.02,40442,2088
9/22/2010,880.42,40443,2089
9/23/2010,876.75,40444,2090
9/24/2010,877.31,40445,2091
9/27/2010,873.22,40448,2094
9/28/2010,865.73,40449,2095
9/29/2010,866.39,40450,2096
9/30/2010,872.6,40451,2097
10/1/2010,905.22,40452,2098
10/4/2010,899.76,40455,2101
10/5/2010,894.54,40456,2102
10/6/2010,903.39,40457,2103
10/7/2010,893.17,40458,2104
10/8/2010,887.34,40459,2105
10/11/2010,885.74,40462,2108
10/12/2010,894.96,40463,2109
10/13/2010,934.64,40464,2110
10/14/2010,928.24,40465,2111
10/15/2010,894.58,40466,2112
10/18/2010,923.72,40469,2115
10/19/2010,911.01,40470,2116
10/20/2010,906.77,40471,2117
10/21/2010,928.38,40472,2118
10/22/2010,979.21,40473,2119
10/25/2010,1004.4,40476,2122
10/26/2010,1000.3,40477,2123
10/27/2010,986.74,40478,2124
10/28/2010,991.17,40479,2125
10/29/2010,991.17,40480,2126
11/1/2010,993.53,40483,2129
11/2/2010,989.8,40484,2130
11/3/2010,992.96,40485,2131
11/4/2010,1008.38,40486,2132
11/5/2010,1017.11,40487,2133
11/8/2010,1007.44,40490,2136
11/9/2010,1029.08,40491,2137
11/10/2010,1030.22,40492,2138
11/11/2010,1004.23,40493,2139
11/12/2010,995.88,40494,2140
11/15/2010,1005.41,40497,2143
11/16/2010,989.28,40498,2144
11/17/2010,992.21,40499,2145
11/18/2010,983.53,40500,2146
11/19/2010,957.69,40501,2147
11/22/2010,980.04,40504,2150
11/23/2010,971.5,40505,2151
11/24/2010,947.64,40506,2152
11/25/2010,963.72,40507,2153
11/26/2010,987.73,40508,2154
11/29/2010,1010.41,40511,2157
11/30/2010,1014.84,40512,2158
12/1/2010,1020.41,40513,2159
12/2/2010,1033.52,40514,2160
12/3/2010,1034.98,40515,2161
12/6/2010,1039.08,40518,2164
12/7/2010,1025.69,40519,2165
12/8/2010,1017.81,40520,2166
12/9/2010,1011.64,40521,2167
12/10/2010,1013.8,40522,2168
12/13/2010,1014.94,40525,2171
12/14/2010,1019.51,40526,2172
12/15/2010,1040.92,40527,2173
12/16/2010,1075.86,40528,2174
12/17/2010,1078.03,40529,2175
12/20/2010,1100.39,40532,2178
12/21/2010,1094.82,40533,2179
12/22/2010,1084.4,40534,2180
12/23/2010,1075.2,40535,2181
12/24/2010,1076.24,40536,2182
12/27/2010,1076.34,40539,2185
12/28/2010,1081.19,40540,2186
12/29/2010,1091.19,40541,2187
12/30/2010,1103.69,40542,2188
12/31/2010,1099.4,40543,2189
1/3/2011,1092.23,40546,2192
1/4/2011,1079.68,40547,2193
1/5/2011,1093.08,40548,2194
1/6/2011,1105.1,40549,2195
1/7/2011,1077.7,40550,2196
1/10/2011,1066.62,40553,2199
1/11/2011,1036.06,40554,2200
1/12/2011,1071.38,40555,2201
1/13/2011,1060.35,40556,2202
1/14/2011,1056.48,40557,2203
1/17/2011,1072.75,40560,2206
1/18/2011,1134.2,40561,2207
1/19/2011,1125.19,40562,2208
1/20/2011,1143.3,40563,2209
1/21/2011,1142.78,40564,2210
1/24/2011,1140.47,40567,2213
1/25/2011,1121,40568,2214
1/26/2011,1129.91,40569,2215
1/27/2011,1133.12,40570,2216
1/28/2011,1116.07,40571,2217
1/31/2011,1095.42,40574,2220
2/1/2011,1086.59,40575,2221
2/2/2011,1117.11,40576,2222
2/3/2011,1118.29,40577,2223
2/4/2011,1085.32,40578,2224
2/7/2011,1068.64,40581,2227
2/8/2011,1062.93,40582,2228
2/9/2011,1037.61,40583,2229
2/10/2011,1030.47,40584,2230
2/11/2011,1029.39,40585,2231
2/14/2011,1050.83,40588,2234
2/15/2011,1037.04,40589,2235
2/16/2011,1035.91,40590,2236
2/17/2011,1047.9,40591,2237
2/18/2011,1029.48,40592,2238
2/21/2011,1075.68,40595,2241
2/22/2011,1075.82,40596,2242
2/23/2011,1063.35,40597,2243
2/24/2011,1050.36,40598,2244
2/25/2011,1048.71,40599,2245
2/28/2011,1048.9,40602,2248
3/1/2011,1062.36,40603,2249
3/2/2011,1057.97,40604,2250
3/3/2011,1086.64,40605,2251
3/4/2011,1072.8,40606,2252
3/7/2011,1047.01,40609,2255
3/8/2011,1055.93,40610,2256
3/9/2011,1064.44,40611,2257
3/10/2011,1047.29,40612,2258
3/11/2011,1017.53,40613,2259
3/14/2011,1036.9,40616,2262
3/15/2011,1029.58,40617,2263
3/16/2011,1053.24,40618,2264
3/17/2011,1037.32,40619,2265
3/18/2011,1022.92,40620,2266
3/21/2011,1011.63,40623,2269
3/22/2011,1010.4,40624,2270
3/23/2011,1005.53,40625,2271
3/24/2011,1032.98,40626,2272
3/25/2011,1057.78,40627,2273
3/28/2011,1058.01,40630,2276
3/29/2011,1075.77,40631,2277
3/30/2011,1088.29,40632,2278
3/31/2011,1118.48,40633,2279
4/1/2011,1114.93,40634,2280
4/4/2011,1146.16,40637,2283
4/5/2011,1171.33,40638,2284
4/6/2011,1154.33,40639,2285
4/7/2011,1132.93,40640,2286
4/8/2011,1129.91,40641,2287
4/11/2011,1113.28,40644,2290
4/12/2011,1113.56,40645,2291
4/13/2011,1143.23,40646,2292
4/14/2011,1137.09,40647,2293
4/15/2011,1125.56,40648,2294
4/18/2011,1081.35,40651,2297
4/19/2011,1100.34,40652,2298
4/20/2011,1151.35,40653,2299
4/21/2011,1126.22,40654,2300
4/22/2011,1119.66,40655,2301
4/25/2011,1131.66,40658,2304
4/26/2011,1123.29,40659,2305
4/27/2011,1115.36,40660,2306
4/28/2011,1094.62,40661,2307
4/29/2011,1101.24,40662,2308
5/2/2011,1094.43,40665,2311
5/3/2011,1075.54,40666,2312
5/4/2011,1074.22,40667,2313
5/5/2011,1053.38,40668,2314
5/6/2011,1085.46,40669,2315
5/9/2011,1072.8,40672,2318
5/10/2011,1076.91,40673,2319
5/11/2011,1077.24,40674,2320
5/12/2011,1050.31,40675,2321
5/13/2011,1064.82,40676,2322
5/16/2011,1068.59,40679,2325
5/17/2011,1078.61,40680,2326
5/18/2011,1091.22,40681,2327
5/19/2011,1100.48,40682,2328
5/20/2011,1110.07,40683,2329
5/23/2011,1102.09,40686,2332
5/24/2011,1086.36,40687,2333
5/25/2011,1066.23,40688,2334
5/26/2011,1072.99,40689,2335
5/27/2011,1081.3,40690,2336
5/30/2011,1088.29,40693,2339
5/31/2011,1093.2,40694,2340
6/1/2011,1110.45,40695,2341
6/2/2011,1103.22,40696,2342
6/3/2011,1088.43,40697,2343
6/6/2011,1100.01,40700,2346
6/7/2011,1114.13,40701,2347
6/8/2011,1123.74,40702,2348
6/9/2011,1128.45,40703,2349
6/10/2011,1131.16,40704,2350
6/13/2011,1117.94,40707,2353
6/14/2011,1132.92,40708,2354
6/15/2011,1126.45,40709,2355
6/16/2011,1094.96,40710,2356
6/17/2011,1055.06,40711,2357
6/20/2011,1017.11,40714,2360
6/21/2011,1052.73,40715,2361
6/22/2011,1030.62,40716,2362
6/23/2011,1043.46,40717,2363
6/24/2011,1082.22,40718,2364
6/27/2011,1094.44,40721,2367
6/28/2011,1097.68,40722,2368
6/29/2011,1112.75,40723,2369
6/30/2011,1126.4,40724,2370
7/1/2011,1133.73,40725,2371
7/4/2011,1127.83,40728,2374
7/5/2011,1121.88,40729,2375
7/6/2011,1125.07,40730,2376
7/7/2011,1137.53,40731,2377
7/8/2011,1114.46,40732,2378
7/11/2011,1100.2,40735,2381
7/12/2011,1089.45,40736,2382
7/13/2011,1092.97,40737,2383
7/14/2011,1068.85,40738,2384
7/15/2011,1090.11,40739,2385
7/18/2011,1070.14,40742,2388
7/19/2011,1084.41,40743,2389
7/20/2011,1077.18,40744,2390
7/21/2011,1067.76,40745,2391
7/22/2011,1078.08,40746,2392
7/25/2011,1084.26,40749,2395
7/26/2011,1088.78,40750,2396
7/27/2011,1091.16,40751,2397
7/28/2011,1077.24,40752,2398
7/29/2011,1084.34,40753,2399
8/1/2011,1082.67,40756,2402
8/2/2011,1078.28,40757,2403
8/3/2011,1058.92,40758,2404
8/4/2011,1045.1,40759,2405
8/5/2011,1008.95,40760,2406
8/8/2011,958.79,40763,2409
8/9/2011,920.12,40764,2410
8/10/2011,938.47,40765,2411
8/11/2011,933.04,40766,2412
8/12/2011,903.28,40767,2413
8/16/2011,928.51,40771,2417
8/17/2011,953.59,40772,2418
8/18/2011,917.78,40773,2419
8/19/2011,885.93,40774,2420
8/22/2011,875.53,40777,2423
8/23/2011,936.14,40778,2424
8/24/2011,918.02,40779,2425
8/25/2011,906.38,40780,2426
8/26/2011,904.52,40781,2427
8/29/2011,972.38,40784,2430
8/30/2011,996.6,40785,2431
9/2/2011,974.76,40788,2434
9/5/2011,980.1,40791,2437
9/6/2011,986.02,40792,2438
9/7/2011,983.25,40793,2439
9/8/2011,988.07,40794,2440
9/9/2011,968.99,40795,2441
9/12/2011,940.05,40798,2444
9/13/2011,947.73,40799,2445
9/14/2011,968.09,40800,2446
9/15/2011,993.5,40801,2447
9/16/2011,980.15,40802,2448
9/19/2011,970.9,40805,2451
9/20/2011,1008.95,40806,2452
9/21/2011,995.17,40807,2453
9/22/2011,948.35,40808,2454
9/23/2011,944.43,40809,2455
9/26/2011,950.78,40812,2458
9/27/2011,992.36,40813,2459
9/28/2011,999.37,40814,2460
9/29/2011,1012.29,40815,2461
9/30/2011,989.26,40816,2462
10/3/2011,994.98,40819,2465
10/4/2011,997.51,40820,2466
10/5/2011,995.22,40821,2467
10/7/2011,999.99,40823,2469
10/10/2011,1015.39,40826,2472
10/11/2011,992.64,40827,2473
10/12/2011,1029.07,40828,2474
10/13/2011,1042.14,40829,2475
10/14/2011,1081.72,40830,2476
10/17/2011,1068.37,40833,2479
10/18/2011,985.68,40834,2480
10/19/2011,1000.37,40835,2481
10/20/2011,996.51,40836,2482
10/21/2011,1001.23,40837,2483
10/24/2011,1029.74,40840,2486
10/25/2011,1050.69,40841,2487
10/26/2011,1048.06,40842,2488
10/28/2011,1072.54,40844,2490
10/31/2011,1067.09,40847,2493
11/1/2011,1060.06,40848,2494
11/2/2011,1058.53,40849,2495
11/3/2011,1056.76,40850,2496
11/4/2011,1051.79,40851,2497
11/8/2011,1057,40855,2501
11/9/2011,1073.93,40856,2502
11/11/2011,1081.62,40858,2504
11/14/2011,1079.14,40861,2507
11/15/2011,1075.31,40862,2508
11/16/2011,1068.47,40863,2509
11/17/2011,1066.47,40864,2510
11/18/2011,1039.16,40865,2511
11/21/2011,1020.61,40868,2514
11/22/2011,1034.62,40869,2515
11/23/2011,1015.92,40870,2516
11/24/2011,1044.14,40871,2517
11/25/2011,1017.45,40872,2518
11/28/2011,1040.98,40875,2521
11/29/2011,1045.57,40876,2522
11/30/2011,1066.85,40877,2523
12/1/2011,1085.26,40878,2524
12/2/2011,1126.57,40879,2525
12/5/2011,1129.39,40882,2528
12/6/2011,1129.39,40883,2529
12/7/2011,1128.05,40884,2530
12/8/2011,1126.19,40885,2531
12/9/2011,1121.22,40886,2532
12/12/2011,1128.82,40889,2535
12/13/2011,1127.24,40890,2536
12/14/2011,1130.83,40891,2537
12/15/2011,1130.88,40892,2538
12/16/2011,1096.26,40893,2539
12/19/2011,1093.72,40896,2542
12/20/2011,1083.87,40897,2543
12/21/2011,1108.11,40898,2544
12/22/2011,1101.42,40899,2545
12/23/2011,1106.63,40900,2546
12/26/2011,1136.52,40903,2549
12/27/2011,1127.96,40904,2550
12/28/2011,1118.16,40905,2551
12/29/2011,1114.81,40906,2552
12/30/2011,1109.98,40907,2553
1/2/2012,1127.15,40910,2556
1/3/2012,1145.32,40911,2557
1/4/2012,1121.79,40912,2558
1/5/2012,1120.83,40913,2559
1/6/2012,1118.35,40914,2560
1/9/2012,1120.21,40917,2563
1/10/2012,1114.52,40918,2564
1/11/2012,1087.36,40919,2565
1/12/2012,1041.94,40920,2566
1/13/2012,1038.35,40921,2567
1/16/2012,1060.97,40924,2570
1/17/2012,1055.75,40925,2571
1/18/2012,1029.17,40926,2572
1/19/2012,1028.59,40927,2573
1/20/2012,1032.37,40928,2574
1/23/2012,1030.65,40931,2577
1/24/2012,1041.17,40932,2578
1/25/2012,1052.97,40933,2579
1/26/2012,1052.97,40934,2580
1/27/2012,1063.28,40935,2581
1/30/2012,1066.15,40938,2584
1/31/2012,1085.96,40939,2585
2/1/2012,1082.41,40940,2586
2/2/2012,1100.92,40941,2587
2/3/2012,1123.5,40942,2588
2/6/2012,1144.88,40945,2591
2/7/2012,1148.86,40946,2592
2/8/2012,1169.63,40947,2593
2/9/2012,1178.21,40948,2594
2/10/2012,1182.81,40949,2595
2/13/2012,1175.43,40952,2598
2/14/2012,1169.96,40953,2599
2/15/2012,1190.68,40954,2600
2/16/2012,1175.09,40955,2601
2/17/2012,1178.35,40956,2602
2/20/2012,1178.35,40959,2605
2/21/2012,1186.31,40960,2606
2/22/2012,1200.99,40961,2607
2/23/2012,1208.13,40962,2608
2/24/2012,1217.91,40963,2609
2/27/2012,1200.7,40966,2612
2/28/2012,1176.24,40967,2613
2/29/2012,1171.83,40968,2614
3/1/2012,1169.58,40969,2615
3/2/2012,1167.32,40970,2616
3/5/2012,1157.78,40973,2619
3/6/2012,1152.7,40974,2620
3/7/2012,1143.93,40975,2621
3/8/2012,1169.58,40976,2622
3/9/2012,1158.98,40977,2623
3/12/2012,1140.28,40980,2626
3/13/2012,1147.91,40981,2627
3/14/2012,1107.2,40982,2628
3/15/2012,1115.97,40983,2629
3/16/2012,1121.58,40984,2630
3/19/2012,1075.98,40987,2633
3/20/2012,1088.3,40988,2634
3/21/2012,1127.53,40989,2635
3/22/2012,1119.86,40990,2636
3/23/2012,1136.06,40991,2637
3/26/2012,1113.96,40994,2640
3/27/2012,1126.57,40995,2641
3/28/2012,1117.31,40996,2642
3/29/2012,1094.39,40997,2643
3/30/2012,1120.86,40998,2644
4/2/2012,1145.27,41001,2647
4/3/2012,1129.68,41002,2648
4/4/2012,1130.12,41003,2649
4/5/2012,1130.12,41004,2650
4/6/2012,1130.12,41005,2651
4/9/2012,1116.35,41008,2654
4/10/2012,1108.78,41009,2655
4/11/2012,1091.42,41010,2656
4/12/2012,1085.24,41011,2657
4/13/2012,1024.53,41012,2658
4/16/2012,1025.87,41015,2661
4/17/2012,1046.11,41016,2662
4/18/2012,1052.53,41017,2663
4/19/2012,1057.71,41018,2664
4/20/2012,1043.81,41019,2665
4/23/2012,1020.6,41022,2668
4/24/2012,1145.22,41023,2669
4/25/2012,1123.02,41024,2670
4/26/2012,1145.65,41025,2671
4/27/2012,1154.62,41026,2672
4/30/2012,1195.47,41029,2675
5/1/2012,1198.73,41030,2676
5/2/2012,1215.27,41031,2677
5/3/2012,1227.02,41032,2678
5/4/2012,1224.43,41033,2679
5/7/2012,1221.03,41036,2682
5/8/2012,1151.45,41037,2683
5/9/2012,1175.28,41038,2684
5/10/2012,1182,41039,2685
5/11/2012,1180.27,41040,2686
5/14/2012,1175.67,41043,2689
5/15/2012,1176,41044,2690
5/16/2012,1173.22,41045,2691
5/17/2012,1171.88,41046,2692
5/18/2012,1161,41047,2693
5/21/2012,1159.61,41050,2696
5/22/2012,1173.85,41051,2697
5/23/2012,1174.9,41052,2698
5/24/2012,1171.35,41053,2699
5/25/2012,1170.73,41054,2700
5/28/2012,1174.47,41057,2703
5/29/2012,1189.48,41058,2704
5/30/2012,1189.67,41059,2705
5/31/2012,1194.27,41060,2706
6/1/2012,1174.37,41061,2707
6/4/2012,1163.49,41064,2710
6/5/2012,1176.2,41065,2711
6/6/2012,1199.83,41066,2712
6/7/2012,1196.99,41067,2713
6/8/2012,1188.01,41068,2714
6/11/2012,1190.57,41071,2717
6/12/2012,1204.61,41072,2718
6/13/2012,1206.83,41073,2719
6/14/2012,1210.31,41074,2720
6/15/2012,1228.11,41075,2721
6/18/2012,1213.35,41078,2724
6/19/2012,1229.56,41079,2725
6/20/2012,1209.15,41080,2726
6/21/2012,1181.4,41081,2727
6/22/2012,1190.47,41082,2728
6/25/2012,1174.35,41085,2731
6/26/2012,1192.07,41086,2732
6/27/2012,1203.26,41087,2733
6/28/2012,1214.99,41088,2734
6/29/2012,1232.94,41089,2735
7/2/2012,1215.57,41092,2738
7/3/2012,1196.22,41093,2739
7/4/2012,1204.37,41094,2740
7/5/2012,1197.37,41095,2741
7/6/2012,1204.27,41096,2742
7/9/2012,1215.52,41099,2745
7/10/2012,1217.74,41100,2746
7/11/2012,1214.46,41101,2747
7/12/2012,1192.93,41102,2748
7/13/2012,1205.87,41103,2749
7/16/2012,1165.28,41106,2752
7/17/2012,1144.58,41107,2753
7/18/2012,1153.65,41108,2754
7/19/2012,1159.15,41109,2755
7/20/2012,1180.43,41110,2756
7/23/2012,1174.82,41113,2759
7/24/2012,1169.89,41114,2760
7/25/2012,1173.76,41115,2761
7/26/2012,1159.54,41116,2762
7/27/2012,1185.51,41117,2763
7/30/2012,1191.03,41120,2766
7/31/2012,1203.27,41121,2767
8/1/2012,1184.89,41122,2768
8/2/2012,1192.77,41123,2769
8/3/2012,1196.74,41124,2770
8/6/2012,1189,41127,2773
8/7/2012,1223.01,41128,2774
8/8/2012,1208.64,41129,2775
8/9/2012,1217.3,41130,2776
8/10/2012,1238.49,41131,2777
8/13/2012,1225.18,41134,2780
8/14/2012,1227.22,41135,2781
8/15/2012,1227.22,41136,2782
8/16/2012,1222.52,41137,2783
8/17/2012,1237.08,41138,2784
8/20/2012,1237.08,41141,2787
8/21/2012,1256.48,41142,2788
8/22/2012,1249.71,41143,2789
8/23/2012,1280.48,41144,2790
8/24/2012,1279.9,41145,2791
8/27/2012,1277.57,41148,2794
8/28/2012,1307.04,41149,2795
8/29/2012,1299.68,41150,2796
8/30/2012,1322.76,41151,2797
8/31/2012,1300.12,41152,2798
9/3/2012,1294.41,41155,2801
9/4/2012,1297.31,41156,2802
9/5/2012,1320.19,41157,2803
9/6/2012,1330.93,41158,2804
9/7/2012,1341.67,41159,2805
9/10/2012,1326.92,41162,2808
9/11/2012,1347.43,41163,2809
9/12/2012,1368.96,41164,2810
9/13/2012,1371.67,41165,2811
9/14/2012,1367.22,41166,2812
9/17/2012,1298.52,41169,2815
9/18/2012,1257.6,41170,2816
9/19/2012,1257.6,41171,2817
9/20/2012,1279.07,41172,2818
9/21/2012,1261.71,41173,2819
9/24/2012,1247.58,41176,2822
9/25/2012,1251.21,41177,2823
9/26/2012,1243.86,41178,2824
9/27/2012,1230.26,41179,2825
9/28/2012,1253.82,41180,2826
10/1/2012,1260.64,41183,2829
10/2/2012,1260.64,41184,2830
10/3/2012,1279.7,41185,2831
10/4/2012,1274.38,41186,2832
10/5/2012,1261.66,41187,2833
10/8/2012,1250.73,41190,2836
10/9/2012,1252.81,41191,2837
10/10/2012,1247.48,41192,2838
10/11/2012,1247.58,41193,2839
10/12/2012,1256.29,41194,2840
10/15/2012,1252.61,41197,2843
10/16/2012,1253.82,41198,2844
10/17/2012,1241.49,41199,2845
10/18/2012,1264.9,41200,2846
10/19/2012,1247.82,41201,2847
10/22/2012,1276.08,41204,2850
10/23/2012,1271.91,41205,2851
10/24/2012,1271.91,41206,2852
10/25/2012,1272.64,41207,2853
10/26/2012,1272.64,41208,2854
10/29/2012,1265.92,41211,2857
10/30/2012,1268.92,41212,2858
10/31/2012,1275.7,41213,2859
11/1/2012,1275.46,41214,2860
11/2/2012,1290.93,41215,2861
11/5/2012,1289.38,41218,2864
11/6/2012,1280.6,41219,2865
11/7/2012,1291.22,41220,2866
11/8/2012,1290.93,41221,2867
11/9/2012,1284.87,41222,2868
11/12/2012,1294.13,41225,2871
11/13/2012,1294.13,41226,2872
11/14/2012,1294.13,41227,2873
11/15/2012,1255,41228,2874
11/16/2012,1247.87,41229,2875
11/19/2012,1224.16,41232,2878
11/20/2012,1234.3,41233,2879
11/21/2012,1243.41,41234,2880
11/22/2012,1237.84,41235,2881
11/23/2012,1249.62,41236,2882
11/26/2012,1254.56,41239,2885
11/27/2012,1256.02,41240,2886
11/28/2012,1256.02,41241,2887
11/29/2012,1258.83,41242,2888
11/30/2012,1274.25,41243,2889
12/3/2012,1276.96,41246,2892
12/4/2012,1260.14,41247,2893
12/5/2012,1258.64,41248,2894
12/6/2012,1241.96,41249,2895
12/7/2012,1225.91,41250,2896
12/10/2012,1199.77,41253,2899
12/11/2012,1182.8,41254,2900
12/12/2012,1188.72,41255,2901
12/13/2012,1185.57,41256,2902
12/14/2012,1205.3,41257,2903
12/17/2012,1169.03,41260,2906
12/18/2012,1174.03,41261,2907
12/19/2012,1195.36,41262,2908
12/20/2012,1214.17,41263,2909
12/21/2012,1220.62,41264,2910
12/24/2012,1227.9,41267,2913
12/25/2012,1227.9,41268,2914
12/26/2012,1224.02,41269,2915
12/27/2012,1213.11,41270,2916
12/28/2012,1229.16,41271,2917
12/31/2012,1217.86,41274,2920
1/1/2013,1225.91,41275,2921
1/2/2013,1225.08,41276,2922
1/3/2013,1241.86,41277,2923
1/4/2013,1259.9,41278,2924
1/7/2013,1255.68,41281,2927
1/8/2013,1260.92,41282,2928
1/9/2013,1237.98,41283,2929
1/10/2013,1220.33,41284,2930
1/11/2013,1266.83,41285,2931
1/14/2013,1294.13,41288,2934
1/15/2013,1296.99,41289,2935
1/16/2013,1306.98,41290,2936
1/17/2013,1320.8,41291,2937
1/18/2013,1310.13,41292,2938
1/21/2013,1289.77,41295,2941
1/22/2013,1277.64,41296,2942
1/23/2013,1275.16,41297,2943
1/24/2013,1291.3,41298,2944
1/25/2013,1302.91,41299,2945
1/28/2013,1307.34,41302,2948
1/29/2013,1307.24,41303,2949
1/30/2013,1308.41,41304,2950
1/31/2013,1306.46,41305,2951
2/1/2013,1310.3,41306,2952
2/4/2013,1318.32,41309,2955
2/5/2013,1321.92,41310,2956
2/6/2013,1332.12,41311,2957
2/7/2013,1348.26,41312,2958
2/8/2013,1382.71,41313,2959
2/11/2013,1375.03,41316,2962
2/12/2013,1370.51,41317,2963
2/13/2013,1395.15,41318,2964
2/14/2013,1407.11,41319,2965
2/15/2013,1401.71,41320,2966
2/18/2013,1385.39,41323,2969
2/19/2013,1403.07,41324,2970
2/20/2013,1412.07,41325,2971
2/21/2013,1410.36,41326,2972
2/22/2013,1414.3,41327,2973
2/25/2013,1432.38,41330,2976
2/26/2013,1454.44,41331,2977
2/27/2013,1441.61,41332,2978
2/28/2013,1474.47,41333,2979
3/1/2013,1459.74,41334,2980
3/4/2013,1470.77,41337,2983
3/5/2013,1496.97,41338,2984
3/6/2013,1517.43,41339,2985
3/7/2013,1545.32,41340,2986
3/8/2013,1538.76,41341,2987
3/11/2013,1522.29,41344,2990
3/12/2013,1516.75,41345,2991
3/13/2013,1508.19,41346,2992
3/14/2013,1523.74,41347,2993
3/15/2013,1526.22,41348,2994
3/18/2013,1523.01,41351,2997
3/19/2013,1503.38,41352,2998
3/20/2013,1513.98,41353,2999
3/21/2013,1516.21,41354,3000
3/22/2013,1498.91,41355,3001
3/25/2013,1500.08,41358,3004
3/26/2013,1512.71,41359,3005
3/27/2013,1512.71,41360,3006
3/28/2013,1531.57,41361,3007
3/29/2013,1531.57,41362,3008
4/1/2013,1513.2,41365,3011
4/2/2013,1523.4,41366,3012
4/3/2013,1500.13,41367,3013
4/4/2013,1464.26,41368,3014
4/5/2013,1456.34,41369,3015
4/8/2013,1439.23,41372,3018
4/9/2013,1455.41,41373,3019
4/10/2013,1487.54,41374,3020
4/11/2013,1494.63,41375,3021
4/12/2013,1469.36,41376,3022
4/15/2013,1431.16,41379,3025
4/16/2013,1441.56,41380,3026
4/17/2013,1415.81,41381,3027
4/18/2013,1412.02,41382,3028
4/19/2013,1412.02,41383,3029
4/22/2013,1385.34,41386,3032
4/23/2013,1390.44,41387,3033
4/24/2013,1390.44,41388,3034
4/25/2013,1362.98,41389,3035
4/26/2013,1330.96,41390,3036
4/29/2013,1332.32,41393,3039
4/30/2013,1339.75,41394,3040
5/1/2013,1339.75,41395,3041
5/2/2013,1393.7,41396,3042
5/3/2013,1378.73,41397,3043
5/6/2013,1426.06,41400,3046
5/7/2013,1430.34,41401,3047
5/8/2013,1438.31,41402,3048
5/9/2013,1456.44,41403,3049
5/10/2013,1453.96,41404,3050
5/13/2013,1410.9,41407,3053
5/14/2013,1417.07,41408,3054
5/15/2013,1430.29,41409,3055
5/16/2013,1413.28,41410,3056
5/17/2013,1432.48,41411,3057
5/20/2013,1431.12,41414,3060
5/21/2013,1450.99,41415,3061
5/22/2013,1456.39,41416,3062
5/23/2013,1450.85,41417,3063
5/24/2013,1428.35,41418,3064
5/27/2013,1456,41421,3067
5/28/2013,1471.65,41422,3068
5/29/2013,1455.37,41423,3069
5/30/2013,1457.36,41424,3070
5/31/2013,1456.44,41425,3071
6/3/2013,1428.2,41428,3074
6/4/2013,1424.26,41429,3075
6/5/2013,1426.64,41430,3076
6/6/2013,1442.29,41431,3077
6/7/2013,1489.55,41432,3078
6/10/2013,1495.54,41435,3081
6/11/2013,1472.49,41436,3082
6/12/2013,1439.69,41437,3083
6/13/2013,1417.67,41438,3084
6/14/2013,1422.62,41439,3085
6/17/2013,1424.34,41442,3088
6/18/2013,1415.86,41443,3089
6/19/2013,1400.07,41444,3090
6/20/2013,1377.32,41445,3091
6/21/2013,1394.72,41446,3092
6/24/2013,1383.4,41449,3095
6/25/2013,1365.35,41450,3096
6/26/2013,1409.88,41451,3097
6/27/2013,1463.03,41452,3098
6/28/2013,1488.77,41453,3099
7/1/2013,1463.47,41456,3102
7/2/2013,1471.51,41457,3103
7/3/2013,1460.97,41458,3104
7/4/2013,1508.53,41459,3105
7/5/2013,1500.59,41460,3106
7/8/2013,1477.49,41463,3109
7/9/2013,1475.78,41464,3110
7/10/2013,1482.69,41465,3111
7/11/2013,1534.27,41466,3112
7/12/2013,1578.69,41467,3113
7/15/2013,1609.98,41470,3116
7/16/2013,1617.43,41471,3117
7/17/2013,1646.02,41472,3118
7/18/2013,1628.27,41473,3119
7/19/2013,1709.07,41474,3120
7/22/2013,1712.7,41477,3123
7/23/2013,1715.94,41478,3124
7/24/2013,1748.3,41479,3125
7/25/2013,1761,41480,3126
7/26/2013,1740.16,41481,3127
7/29/2013,1748.71,41484,3130
7/30/2013,1761.58,41485,3131
7/31/2013,1784.39,41486,3132
8/1/2013,1784.29,41487,3133
8/2/2013,1814.22,41488,3134
8/5/2013,1835.2,41491,3137
8/6/2013,1838.05,41492,3138
8/7/2013,1791.46,41493,3139
8/8/2013,1813.77,41494,3140
8/9/2013,1813.77,41495,3141
8/12/2013,1782.91,41498,3144
8/13/2013,1788.61,41499,3145
8/14/2013,1802.08,41500,3146
8/15/2013,1802.08,41501,3147
8/16/2013,1750.38,41502,3148
8/19/2013,1746.99,41505,3151
8/20/2013,1706.64,41506,3152
8/21/2013,1688.36,41507,3153
8/22/2013,1748.46,41508,3154
8/23/2013,1798.1,41509,3155
8/26/2013,1810.43,41512,3158
8/27/2013,1807.29,41513,3159
8/28/2013,1875.2,41514,3160
8/29/2013,1913.73,41515,3161
8/30/2013,1998.36,41516,3162
9/2/2013,2021.6,41519,3165
9/3/2013,1966.81,41520,3166
9/4/2013,2033.64,41521,3167
9/5/2013,1956.63,41522,3168
9/6/2013,1954.72,41523,3169
9/9/2013,1954.72,41526,3172
9/10/2013,1953.83,41527,3173
9/11/2013,1959.63,41528,3174
9/12/2013,1934.17,41529,3175
9/13/2013,1920.27,41530,3176
9/16/2013,1869.94,41533,3179
9/17/2013,1914.08,41534,3180
9/18/2013,1921,41535,3181
9/19/2013,1932.6,41536,3182
9/20/2013,1916.88,41537,3183
9/23/2013,1921.59,41540,3186
9/24/2013,1906.26,41541,3187
9/25/2013,1925.48,41542,3188
9/26/2013,1909.6,41543,3189
9/27/2013,1914.71,41544,3190
9/30/2013,1894.76,41547,3193
10/1/2013,1915.65,41548,3194
10/2/2013,1915.65,41549,3195
10/3/2013,1989.9,41550,3196
10/4/2013,1998.75,41551,3197
10/7/2013,2053.94,41554,3200
10/8/2013,2026.12,41555,3201
10/9/2013,2055.02,41556,3202
10/10/2013,2044.35,41557,3203
10/11/2013,2085.68,41558,3204
10/14/2013,2174.83,41561,3207
10/15/2013,2177.43,41562,3208
10/16/2013,2177.43,41563,3209
10/17/2013,2072.32,41564,3210
10/18/2013,2084.31,41565,3211
10/21/2013,2036.15,41568,3214
10/22/2013,2053.54,41569,3215
10/23/2013,2025.83,41570,3216
10/24/2013,1974.28,41571,3217
10/25/2013,2036.37,41572,3218
10/28/2013,2032.63,41575,3221
10/29/2013,2038.39,41576,3222
10/30/2013,2060.2,41577,3223
10/31/2013,2080,41578,3224
11/1/2013,2065.77,41579,3225
11/4/2013,2065.77,41582,3228
11/5/2013,2011.01,41583,3229
11/6/2013,2059.36,41584,3230
11/7/2013,2089.75,41585,3231
11/8/2013,2059.12,41586,3232
11/11/2013,2062.86,41589,3235
11/12/2013,2055.47,41590,3236
11/13/2013,2017.9,41591,3237
11/14/2013,1995.45,41592,3238
11/15/2013,1995.45,41593,3239
11/18/2013,2012.98,41596,3242
11/19/2013,1999.09,41597,3243
11/20/2013,1992.89,41598,3244
11/21/2013,1956.45,41599,3245
11/22/2013,1970.48,41600,3246
11/25/2013,1982.7,41603,3249
11/26/2013,1963.44,41604,3250
11/27/2013,1956.3,41605,3251
11/28/2013,1954.48,41606,3252
11/29/2013,1973.93,41607,3253
12/2/2013,1983.34,41610,3256
12/3/2013,1990.13,41611,3257
12/4/2013,1969.7,41612,3258
12/5/2013,1956.99,41613,3259
12/6/2013,1969.94,41614,3260
12/9/2013,1974.42,41617,3263
12/10/2013,2051.14,41618,3264
12/11/2013,2026.82,41619,3265
12/12/2013,1998.11,41620,3266
12/13/2013,1971.42,41621,3267
12/16/2013,1988.51,41624,3270
12/17/2013,2014.31,41625,3271
12/18/2013,2024.6,41626,3272
12/19/2013,2049.91,41627,3273
12/20/2013,2088.37,41628,3274
12/23/2013,2077.04,41631,3277
12/24/2013,2078.67,41632,3278
12/25/2013,2078.67,41633,3279
12/26/2013,2068.42,41634,3280
12/27/2013,2127.86,41635,3281
12/30/2013,2123.33,41638,3284
12/31/2013,2139.09,41639,3285
1/1/2014,2120.62,41640,3286
1/2/2014,2134.11,41641,3287
1/3/2014,2188.47,41642,3288
1/6/2014,2205.61,41645,3291
1/7/2014,2172.67,41646,3292
1/8/2014,2198.77,41647,3293
1/9/2014,2207.92,41648,3294
1/10/2014,2246.28,41649,3295
1/13/2014,2332.8,41652,3298
1/14/2014,2291.44,41653,3299
1/15/2014,2317.88,41654,3300
1/16/2014,2314.63,41655,3301
1/17/2014,2179.46,41656,3302
1/20/2014,2302.71,41659,3305
1/21/2014,2245.69,41660,3306
1/22/2014,2239.54,41661,3307
1/23/2014,2218.27,41662,3308
1/24/2014,2214.57,41663,3309
1/27/2014,2199.68,41666,3312
1/28/2014,2182.66,41667,3313
1/29/2014,2180.14,41668,3314
1/30/2014,2187.84,41669,3315
1/31/2014,2210.97,41670,3316
2/3/2014,2165,41673,3319
2/4/2014,2122.48,41674,3320
2/5/2014,2164.95,41675,3321
2/6/2014,2146.05,41676,3322
2/7/2014,2115.62,41677,3323
2/10/2014,2065.45,41680,3326
2/11/2014,2073.49,41681,3327
2/12/2014,2077.19,41682,3328
2/13/2014,2105.11,41683,3329
2/14/2014,2138.8,41684,3330
2/17/2014,2136.34,41687,3333
2/18/2014,2136.93,41688,3334
2/19/2014,2168.45,41689,3335
2/20/2014,2159.97,41690,3336
2/21/2014,2176.1,41691,3337
2/24/2014,2148.67,41694,3340
2/25/2014,2159.52,41695,3341
2/26/2014,2152.86,41696,3342
2/27/2014,2152.86,41697,3343
2/28/2014,2245.21,41698,3344
3/3/2014,2209.98,41701,3347
3/4/2014,2210.58,41702,3348
3/5/2014,2221.68,41703,3349
3/6/2014,2210.68,41704,3350
3/7/2014,2198.59,41705,3351
3/10/2014,2113.89,41708,3354
3/11/2014,2122.77,41709,3355
3/12/2014,2150.2,41710,3356
3/13/2014,2120.7,41711,3357
3/14/2014,2110.83,41712,3358
3/17/2014,2110.83,41715,3361
3/18/2014,2093.52,41716,3362
3/19/2014,2012.03,41717,3363
3/20/2014,2079.9,41718,3364
3/21/2014,2098.45,41719,3365
3/24/2014,2123.71,41722,3368
3/25/2014,2117.84,41723,3369
3/26/2014,2065.4,41724,3370
3/27/2014,2066.14,41725,3371
3/28/2014,2073.89,41726,3372
3/31/2014,2104.52,41729,3375
4/1/2014,2147.49,41730,3376
4/2/2014,2143.09,41731,3377
4/3/2014,2137.42,41732,3378
4/4/2014,2110.14,41733,3379
4/7/2014,2124.89,41736,3382
4/8/2014,2124.89,41737,3383
4/9/2014,2111.67,41738,3384
4/10/2014,2097.61,41739,3385
4/11/2014,2135.05,41740,3386
4/14/2014,2135.05,41743,3389
4/15/2014,2222.51,41744,3390
4/16/2014,2166.82,41745,3391
4/17/2014,2193.06,41746,3392
4/18/2014,2193.06,41747,3393
4/21/2014,2191.93,41750,3396
4/22/2014,2191.24,41751,3397
4/23/2014,2184.04,41752,3398
4/24/2014,2184.04,41753,3399
4/25/2014,2175.65,41754,3400
4/28/2014,2161.94,41757,3403
4/29/2014,2164.8,41758,3404
4/30/2014,2159.82,41759,3405
5/1/2014,2159.82,41760,3406
5/2/2014,2178.81,41761,3407
5/5/2014,2183.99,41764,3410
5/6/2014,2169.39,41765,3411
5/7/2014,2136.48,41766,3412
5/8/2014,2133.03,41767,3413
5/9/2014,2130.91,41768,3414
5/12/2014,2130.37,41771,3417
5/13/2014,2181.28,41772,3418
5/14/2014,2186.36,41773,3419
5/15/2014,2163.71,41774,3420
5/16/2014,2131.75,41775,3421
5/19/2014,2009.36,41778,3424
5/20/2014,2040.44,41779,3425
5/21/2014,2054.89,41780,3426
5/22/2014,2083.6,41781,3427
5/23/2014,2099.34,41782,3428
5/26/2014,2125.09,41785,3431
5/27/2014,2102.84,41786,3432
5/28/2014,2121.69,41787,3433
5/29/2014,2130.96,41788,3434
5/30/2014,2112.61,41789,3435
6/2/2014,2101.26,41792,3438
6/3/2014,2100.03,41793,3439
6/4/2014,2061.21,41794,3440
6/5/2014,2075.91,41795,3441
6/6/2014,2076.01,41796,3442
6/9/2014,2104.69,41799,3445
6/10/2014,2149.62,41800,3446
6/11/2014,2198.22,41801,3447
6/12/2014,2228.5,41802,3448
6/13/2014,2204.8,41803,3449
6/16/2014,2260.78,41806,3452
6/17/2014,2270.84,41807,3453
6/18/2014,2218.24,41808,3454
6/19/2014,2267.05,41809,3455
6/20/2014,2283.34,41810,3456
6/23/2014,2259.88,41813,3459
6/24/2014,2299.92,41814,3460
6/25/2014,2301.41,41815,3461
6/26/2014,2298.53,41816,3462
6/27/2014,2390.06,41817,3463
6/30/2014,2415.81,41820,3466
7/1/2014,2381.3,41821,3467
7/2/2014,2392.1,41822,3468
7/3/2014,2408.34,41823,3469
7/4/2014,2400.97,41824,3470
7/7/2014,2478.71,41827,3473
7/8/2014,2439.76,41828,3474
7/9/2014,2388.67,41829,3475
7/10/2014,2342.5,41830,3476
7/11/2014,2384.98,41831,3477
7/14/2014,2416.66,41834,3480
7/15/2014,2389.81,41835,3481
7/16/2014,2392.35,41836,3482
7/17/2014,2372.53,41837,3483
7/18/2014,2431.55,41838,3484
7/21/2014,2454.01,41841,3487
7/22/2014,2522.39,41842,3488
7/23/2014,2571.79,41843,3489
7/24/2014,2584.94,41844,3490
7/25/2014,2595.45,41845,3491
7/28/2014,2584.02,41848,3494
7/29/2014,2584.02,41849,3495
7/30/2014,2589.76,41850,3496
7/31/2014,2574.79,41851,3497
8/1/2014,2511.27,41852,3498
8/4/2014,2520.9,41855,3501
8/5/2014,2518.55,41856,3502
8/6/2014,2501.54,41857,3503
8/7/2014,2464.76,41858,3504
8/8/2014,2473.65,41859,3505
8/11/2014,2463.37,41862,3508
8/12/2014,2466.71,41863,3509
8/13/2014,2494.95,41864,3510
8/14/2014,2494.65,41865,3511
8/15/2014,2494.65,41866,3512
8/18/2014,2482.53,41869,3515
8/19/2014,2433.53,41870,3516
8/20/2014,2431.23,41871,3517
8/21/2014,2427.49,41872,3518
8/22/2014,2459.17,41873,3519
8/25/2014,2516.91,41876,3522
8/26/2014,2528.63,41877,3523
8/27/2014,2544.75,41878,3524
8/28/2014,2517.21,41879,3525
8/29/2014,2517.21,41880,3526
9/1/2014,2531.98,41883,3529
9/2/2014,2532.72,41884,3530
9/3/2014,2601.08,41885,3531
9/4/2014,2579.48,41886,3532
9/5/2014,2593.3,41887,3533
9/8/2014,2637.31,41890,3536
9/9/2014,2625.88,41891,3537
9/10/2014,2594.85,41892,3538
9/11/2014,2593.05,41893,3539
9/12/2014,2602.28,41894,3540
9/15/2014,2553.08,41897,3543
9/16/2014,2545.65,41898,3544
9/17/2014,2585.92,41899,3545
9/18/2014,2636.91,41900,3546
9/19/2014,2708.67,41901,3547
9/22/2014,2716.25,41904,3550
9/23/2014,2682.72,41905,3551
9/24/2014,2637.61,41906,3552
9/25/2014,2703.08,41907,3553
9/26/2014,2678.53,41908,3554
9/29/2014,2762.31,41911,3557
9/30/2014,2731.02,41912,3558
10/1/2014,2769.94,41913,3559
10/2/2014,2769.94,41914,3560
10/3/2014,2769.94,41915,3561
10/6/2014,2769.94,41918,3564
10/7/2014,2725.78,41919,3565
10/8/2014,2677.73,41920,3566
10/9/2014,2700.53,41921,3567
10/10/2014,2673.04,41922,3568
10/13/2014,2711.01,41925,3571
10/14/2014,2693.7,41926,3572
10/15/2014,2693.7,41927,3573
10/16/2014,2672.64,41928,3574
10/17/2014,2436.17,41929,3575
10/20/2014,2418.36,41932,3578
10/21/2014,2428.44,41933,3579
10/22/2014,2446.85,41934,3580
10/23/2014,2446.85,41935,3581
10/24/2014,2446.85,41936,3582
