1/3/2005,133.82,38355,1
1/4/2005,133.75,38356,2
1/5/2005,130.07,38357,3
1/6/2005,129.51,38358,4
1/7/2005,129.52,38359,5
1/10/2005,129.65,38362,8
1/11/2005,128.76,38363,9
1/12/2005,128.04,38364,10
1/13/2005,128.47,38365,11
1/14/2005,125.92,38366,12
1/17/2005,125.82,38369,15
1/18/2005,128.88,38370,16
1/19/2005,126.22,38371,17
1/20/2005,122.41,38372,18
1/25/2005,124.61,38377,23
1/27/2005,124.28,38379,25
1/28/2005,125.03,38380,26
1/31/2005,125.96,38383,29
2/1/2005,129.38,38384,30
2/2/2005,129.33,38385,31
2/3/2005,129.35,38386,32
2/4/2005,129.62,38387,33
2/7/2005,129.34,38390,36
2/8/2005,129.43,38391,37
2/9/2005,128.04,38392,38
2/10/2005,129.36,38393,39
2/11/2005,129.42,38394,40
2/14/2005,134.23,38397,43
2/15/2005,133.03,38398,44
2/16/2005,134.31,38399,45
2/17/2005,133.55,38400,46
2/18/2005,133.08,38401,47
2/21/2005,133.65,38404,50
2/22/2005,132.43,38405,51
2/23/2005,132.57,38406,52
2/24/2005,133.01,38407,53
2/25/2005,133.03,38408,54
2/28/2005,133.66,38411,57
3/1/2005,132.87,38412,58
3/2/2005,133.49,38413,59
3/3/2005,133.66,38414,60
3/4/2005,133.69,38415,61
3/7/2005,133.65,38418,64
3/8/2005,133.65,38419,65
3/9/2005,133.65,38420,66
3/11/2005,133.65,38422,68
3/14/2005,133.65,38425,71
3/15/2005,132.95,38426,72
3/16/2005,133.66,38427,73
3/18/2005,133.74,38429,75
3/21/2005,129.75,38432,78
3/22/2005,125.81,38433,79
3/23/2005,122.21,38434,80
3/24/2005,123.67,38435,81
3/28/2005,120.83,38439,85
3/29/2005,122.36,38440,86
3/30/2005,122.3,38441,87
3/31/2005,122.03,38442,88
4/1/2005,123.48,38443,89
4/4/2005,122.74,38446,92
4/5/2005,121.9,38447,93
4/6/2005,120.55,38448,94
4/7/2005,122.54,38449,95
4/8/2005,121.39,38450,96
4/12/2005,122.11,38454,100
4/13/2005,122.16,38455,101
4/15/2005,120.9,38457,103
4/18/2005,119.58,38460,106
4/19/2005,119.32,38461,107
4/20/2005,119.32,38462,108
4/21/2005,119.94,38463,109
4/22/2005,119.45,38464,110
4/25/2005,120.8,38467,113
4/26/2005,122.97,38468,114
4/27/2005,122.86,38469,115
4/28/2005,122.3,38470,116
4/29/2005,122.59,38471,117
5/2/2005,122.77,38474,120
5/3/2005,121.08,38475,121
5/4/2005,122.27,38476,122
5/5/2005,122.76,38477,123
5/6/2005,123.82,38478,124
5/9/2005,123.69,38481,127
5/10/2005,123.92,38482,128
5/11/2005,124.31,38483,129
5/12/2005,124.4,38484,130
5/13/2005,123.5,38485,131
5/16/2005,124.65,38488,134
5/17/2005,125.04,38489,135
5/19/2005,122.05,38491,137
5/20/2005,121.45,38492,138
5/23/2005,121.41,38495,141
5/24/2005,120.42,38496,142
5/25/2005,122.31,38497,143
5/26/2005,122.96,38498,144
5/30/2005,123.62,38502,148
5/31/2005,124.47,38503,149
6/1/2005,124.56,38504,150
6/2/2005,124.6,38505,151
6/6/2005,125.76,38509,155
6/7/2005,125.5,38510,156
6/8/2005,126.04,38511,157
6/9/2005,126.04,38512,158
6/10/2005,127.95,38513,159
6/14/2005,127.19,38517,163
6/15/2005,130.18,38518,164
6/16/2005,129.63,38519,165
6/17/2005,129.48,38520,166
6/20/2005,130.07,38523,169
6/21/2005,129.87,38524,170
6/22/2005,129.56,38525,171
6/23/2005,129.5,38526,172
6/24/2005,129.99,38527,173
6/27/2005,130.41,38530,176
6/28/2005,129.82,38531,177
6/29/2005,130.4,38532,178
6/30/2005,130.24,38533,179
7/4/2005,132.01,38537,183
7/5/2005,132.94,38538,184
7/6/2005,133.7,38539,185
7/7/2005,134.55,38540,186
7/8/2005,134.38,38541,187
7/11/2005,134.37,38544,190
7/13/2005,135.74,38546,192
7/14/2005,137.69,38547,193
7/15/2005,139.01,38548,194
7/18/2005,140.27,38551,197
7/19/2005,140.7,38552,198
7/20/2005,143.6,38553,199
7/21/2005,150.15,38554,200
7/22/2005,147.32,38555,201
7/25/2005,142.37,38558,204
7/26/2005,143.84,38559,205
7/27/2005,144.45,38560,206
7/29/2005,144.47,38562,208
8/1/2005,144.95,38565,211
8/2/2005,144.83,38566,212
8/3/2005,143.73,38567,213
8/4/2005,146.79,38568,214
8/5/2005,148.63,38569,215
8/8/2005,151.01,38572,218
8/9/2005,151.49,38573,219
8/10/2005,153.42,38574,220
8/11/2005,154.51,38575,221
8/12/2005,151,38576,222
8/16/2005,159.58,38580,226
8/17/2005,159.05,38581,227
8/18/2005,157.54,38582,228
8/19/2005,157.68,38583,229
8/22/2005,158.03,38586,232
8/24/2005,151.17,38588,234
8/25/2005,155.83,38589,235
8/26/2005,161.5,38590,236
8/29/2005,165.09,38593,239
8/30/2005,164.97,38594,240
8/31/2005,165.57,38595,241
9/1/2005,171.07,38596,242
9/2/2005,174.54,38597,243
9/5/2005,170.29,38600,246
9/6/2005,174.94,38601,247
9/8/2005,172.73,38603,249
9/9/2005,172.89,38604,250
9/12/2005,172.58,38607,253
9/13/2005,172.72,38608,254
9/14/2005,172.45,38609,255
9/15/2005,172.5,38610,256
9/16/2005,173.95,38611,257
9/19/2005,166.16,38614,260
9/20/2005,172.51,38615,261
9/22/2005,172.6,38617,263
9/23/2005,172.41,38618,264
9/26/2005,174.5,38621,267
9/27/2005,175.21,38622,268
9/28/2005,174.46,38623,269
9/29/2005,189.53,38624,270
9/30/2005,180.71,38625,271
10/3/2005,178.76,38628,274
10/4/2005,183.13,38629,275
10/5/2005,179.32,38630,276
10/6/2005,179.27,38631,277
10/7/2005,176.24,38632,278
10/10/2005,180.66,38635,281
10/11/2005,179.27,38636,282
10/13/2005,175.51,38638,284
10/14/2005,172.48,38639,285
10/17/2005,172.54,38642,288
10/18/2005,176.66,38643,289
10/19/2005,169.03,38644,290
10/20/2005,163.82,38645,291
10/21/2005,168.85,38646,292
10/24/2005,170.78,38649,295
10/25/2005,168.57,38650,296
10/26/2005,164.1,38651,297
10/27/2005,166.77,38652,298
10/28/2005,166.56,38653,299
10/31/2005,173.4,38656,302
11/2/2005,175.58,38658,304
11/7/2005,177.81,38663,309
11/8/2005,180.58,38664,310
11/9/2005,178.73,38665,311
11/10/2005,177.9,38666,312
11/11/2005,180.46,38667,313
11/14/2005,176.79,38670,316
11/16/2005,177.1,38672,318
11/17/2005,180.29,38673,319
11/18/2005,178.13,38674,320
11/21/2005,175.16,38677,323
11/22/2005,176.43,38678,324
11/23/2005,175.74,38679,325
11/24/2005,173,38680,326
11/25/2005,174.4,38681,327
11/28/2005,180.26,38684,330
11/29/2005,181.22,38685,331
11/30/2005,179.45,38686,332
12/1/2005,181.11,38687,333
12/2/2005,181.85,38688,334
12/5/2005,181.62,38691,337
12/6/2005,182.1,38692,338
12/7/2005,183.19,38693,339
12/8/2005,185.55,38694,340
12/9/2005,192.04,38695,341
12/12/2005,187.34,38698,344
12/13/2005,189.71,38699,345
12/14/2005,187.29,38700,346
12/15/2005,184.55,38701,347
12/16/2005,186.52,38702,348
12/19/2005,187.95,38705,351
12/20/2005,186.38,38706,352
12/21/2005,186.62,38707,353
12/22/2005,187.91,38708,354
12/23/2005,188.23,38709,355
12/26/2005,187.67,38712,358
12/27/2005,189.81,38713,359
12/28/2005,190.17,38714,360
12/29/2005,192.76,38715,361
12/30/2005,195.48,38716,362
1/2/2006,197.79,38719,365
1/3/2006,201.36,38720,366
1/4/2006,201.23,38721,367
1/5/2006,201.21,38722,368
1/6/2006,209.78,38723,369
1/9/2006,217.5,38726,372
1/10/2006,218.64,38727,373
1/12/2006,215.92,38729,375
1/13/2006,216.93,38730,376
1/16/2006,216.29,38733,379
1/18/2006,218.13,38735,381
1/19/2006,214.49,38736,382
1/23/2006,217.15,38740,386
1/24/2006,213.71,38741,387
1/25/2006,212.83,38742,388
1/27/2006,214.01,38744,390
1/30/2006,210.42,38747,393
1/31/2006,211.71,38748,394
2/1/2006,213.65,38749,395
2/2/2006,215.04,38750,396
2/3/2006,217.46,38751,397
2/6/2006,219.05,38754,400
2/7/2006,218.52,38755,401
2/8/2006,218.59,38756,402
2/10/2006,221.45,38758,404
2/13/2006,218.48,38761,407
2/14/2006,219.15,38762,408
2/15/2006,218.56,38763,409
2/16/2006,218.44,38764,410
2/17/2006,219.76,38765,411
2/20/2006,213.85,38768,414
2/22/2006,217.93,38770,416
2/23/2006,218.58,38771,417
2/24/2006,216,38772,418
2/27/2006,221.85,38775,421
2/28/2006,218.4,38776,422
3/1/2006,231.1,38777,423
3/2/2006,240.55,38778,424
3/3/2006,241.3,38779,425
3/6/2006,249.69,38782,428
3/7/2006,247.31,38783,429
3/8/2006,238.12,38784,430
3/9/2006,244.31,38785,431
3/10/2006,244.43,38786,432
3/13/2006,251.34,38789,435
3/14/2006,252.64,38790,436
3/16/2006,251.68,38792,438
3/17/2006,245.65,38793,439
3/20/2006,251.14,38796,442
3/21/2006,254.42,38797,443
3/22/2006,244.98,38798,444
3/23/2006,249.15,38799,445
3/24/2006,251.4,38800,446
3/27/2006,251.55,38803,449
3/28/2006,248.93,38804,450
3/30/2006,252.16,38806,452
3/31/2006,256.27,38807,453
4/3/2006,272.94,38810,456
4/4/2006,269.95,38811,457
4/5/2006,265.38,38812,458
4/7/2006,270.6,38814,460
4/10/2006,266.9,38817,463
4/13/2006,253.54,38820,466
4/17/2006,259.59,38824,470
4/18/2006,259.43,38825,471
4/19/2006,256.97,38826,472
4/20/2006,259.56,38827,473
4/21/2006,258.32,38828,474
4/24/2006,251.09,38831,477
4/25/2006,239.9,38832,478
4/26/2006,247.9,38833,479
4/27/2006,249.07,38834,480
5/2/2006,258.57,38839,485
5/3/2006,252.48,38840,486
5/4/2006,253.51,38841,487
5/5/2006,254.59,38842,488
5/8/2006,256.66,38845,491
5/9/2006,254.04,38846,492
5/10/2006,251.27,38847,493
5/11/2006,244.66,38848,494
5/12/2006,240.26,38849,495
5/15/2006,237.24,38852,498
5/16/2006,225.81,38853,499
5/17/2006,231.48,38854,500
5/18/2006,219.2,38855,501
5/19/2006,215.81,38856,502
5/22/2006,211.4,38859,505
5/23/2006,214.02,38860,506
5/24/2006,212.97,38861,507
5/25/2006,207.76,38862,508
5/26/2006,211.01,38863,509
5/29/2006,212.6,38866,512
5/30/2006,208.89,38867,513
6/1/2006,207.76,38869,515
6/2/2006,208.75,38870,516
6/5/2006,198.42,38873,519
6/6/2006,191.68,38874,520
6/7/2006,182.95,38875,521
6/8/2006,179.72,38876,522
6/9/2006,179.58,38877,523
6/12/2006,177.22,38880,526
6/13/2006,175.56,38881,527
6/14/2006,172.36,38882,528
6/19/2006,190.34,38887,533
6/20/2006,185.54,38888,534
6/21/2006,188.14,38889,535
6/22/2006,183.68,38890,536
6/23/2006,183.75,38891,537
6/26/2006,178.96,38894,540
6/27/2006,178.37,38895,541
6/28/2006,173.92,38896,542
6/29/2006,172.58,38897,543
6/30/2006,172.26,38898,544
7/3/2006,172.5,38901,547
7/4/2006,173.42,38902,548
7/5/2006,172.77,38903,549
7/6/2006,171.3,38904,550
7/7/2006,169.25,38905,551
7/10/2006,165.23,38908,554
7/11/2006,162.57,38909,555
7/12/2006,160.56,38910,556
7/13/2006,165.64,38911,557
7/14/2006,164.25,38912,558
7/17/2006,160.44,38915,561
7/18/2006,158.41,38916,562
7/19/2006,159.28,38917,563
7/20/2006,157.77,38918,564
7/21/2006,154.51,38919,565
7/24/2006,150.88,38922,568
7/25/2006,150.96,38923,569
7/26/2006,148.99,38924,570
7/27/2006,150.48,38925,571
7/28/2006,151.94,38926,572
7/31/2006,157.46,38929,575
8/1/2006,157.29,38930,576
8/2/2006,157.39,38931,577
8/4/2006,157.52,38933,579
8/7/2006,158.59,38936,582
8/8/2006,164.05,38937,583
8/9/2006,169.51,38938,584
8/10/2006,169.62,38939,585
8/11/2006,170,38940,586
8/14/2006,170.69,38943,589
8/16/2006,171.41,38945,591
8/17/2006,169.65,38946,592
8/18/2006,167.02,38947,593
8/21/2006,165.12,38950,596
8/22/2006,163.06,38951,597
8/23/2006,161.52,38952,598
8/24/2006,159.14,38953,599
8/25/2006,160.47,38954,600
8/28/2006,161.67,38957,603
8/29/2006,158.28,38958,604
8/30/2006,158.74,38959,605
8/31/2006,154.55,38960,606
9/1/2006,155.05,38961,607
9/4/2006,154.15,38964,610
9/5/2006,153.44,38965,611
9/6/2006,151.95,38966,612
9/7/2006,150.93,38967,613
9/8/2006,149.83,38968,614
9/11/2006,148.43,38971,617
9/12/2006,150.09,38972,618
9/13/2006,157.03,38973,619
9/14/2006,158.1,38974,620
9/15/2006,157.82,38975,621
9/18/2006,160.15,38978,624
9/19/2006,158.25,38979,625
9/20/2006,159.64,38980,626
9/21/2006,160.05,38981,627
9/22/2006,158.55,38982,628
9/25/2006,156.91,38985,631
9/26/2006,154.48,38986,632
9/27/2006,155.48,38987,633
9/28/2006,157.3,38988,634
9/29/2006,160.09,38989,635
10/3/2006,158.02,38993,639
10/4/2006,161.74,38994,640
10/5/2006,168.48,38995,641
10/6/2006,170.72,38996,642
10/9/2006,174.64,38999,645
10/10/2006,185.67,39000,646
10/11/2006,184.68,39001,647
10/12/2006,181.31,39002,648
10/13/2006,185.1,39003,649
10/16/2006,182.25,39006,652
10/17/2006,179.5,39007,653
10/18/2006,181.62,39008,654
10/19/2006,182.23,39009,655
10/20/2006,182.07,39010,656
10/23/2006,181.9,39013,659
10/26/2006,179.73,39016,662
10/27/2006,180.03,39017,663
10/30/2006,170.99,39020,666
10/31/2006,164.37,39021,667
11/1/2006,166.01,39022,668
11/2/2006,166.87,39023,669
11/3/2006,165.92,39024,670
11/6/2006,162.93,39027,673
11/7/2006,163.03,39028,674
11/8/2006,159.55,39029,675
11/9/2006,159.13,39030,676
11/10/2006,161.04,39031,677
11/13/2006,162.81,39034,680
11/14/2006,164.57,39035,681
11/15/2006,163.77,39036,682
11/16/2006,163.51,39037,683
11/17/2006,161.51,39038,684
11/20/2006,159.06,39041,687
11/21/2006,159.12,39042,688
11/22/2006,159.94,39043,689
11/23/2006,159.59,39044,690
11/24/2006,160.23,39045,691
11/27/2006,160.2,39048,694
11/28/2006,159.93,39049,695
11/29/2006,160.35,39050,696
11/30/2006,161.8,39051,697
12/1/2006,163.11,39052,698
12/4/2006,163.94,39055,701
12/5/2006,166.98,39056,702
12/6/2006,165.82,39057,703
12/7/2006,161.35,39058,704
12/8/2006,162.82,39059,705
12/11/2006,157.11,39062,708
12/12/2006,158.15,39063,709
12/13/2006,156.14,39064,710
12/14/2006,165.72,39065,711
12/15/2006,163.15,39066,712
12/18/2006,162.96,39069,715
12/19/2006,162.37,39070,716
12/20/2006,159.82,39071,717
12/21/2006,158.87,39072,718
12/22/2006,159.41,39073,719
12/26/2006,159.58,39077,723
12/27/2006,158.94,39078,724
12/28/2006,158.2,39079,725
12/29/2006,157.27,39080,726
1/2/2007,158.15,39084,730
1/3/2007,157.49,39085,731
1/4/2007,159.18,39086,732
1/5/2007,158.5,39087,733
1/8/2007,157.62,39090,736
1/9/2007,157.43,39091,737
1/10/2007,159.53,39092,738
1/11/2007,161,39093,739
1/12/2007,159.09,39094,740
1/15/2007,161.07,39097,743
1/16/2007,160.96,39098,744
1/17/2007,161.68,39099,745
1/18/2007,161.06,39100,746
1/19/2007,160.34,39101,747
1/22/2007,161.7,39104,750
1/23/2007,162.32,39105,751
1/24/2007,163.33,39106,752
1/25/2007,163.31,39107,753
1/29/2007,163.8,39111,757
1/31/2007,165.97,39113,759
2/1/2007,163.98,39114,760
2/2/2007,165.27,39115,761
2/5/2007,159.89,39118,764
2/6/2007,166.94,39119,765
2/7/2007,169.58,39120,766
2/8/2007,170.59,39121,767
2/9/2007,170.62,39122,768
2/12/2007,169.21,39125,771
2/13/2007,171.22,39126,772
2/14/2007,181.53,39127,773
2/15/2007,182.87,39128,774
2/19/2007,182.67,39132,778
2/20/2007,179.96,39133,779
2/21/2007,183.76,39134,780
2/22/2007,181.82,39135,781
2/23/2007,172.88,39136,782
2/26/2007,172.44,39139,785
2/27/2007,182.97,39140,786
2/28/2007,178.06,39141,787
3/1/2007,178.58,39142,788
3/2/2007,186.5,39143,789
3/5/2007,187.75,39146,792
3/6/2007,182.6,39147,793
3/7/2007,175.88,39148,794
3/8/2007,177.99,39149,795
3/9/2007,176.57,39150,796
3/12/2007,184.55,39153,799
3/13/2007,184.32,39154,800
3/14/2007,181.04,39155,801
3/15/2007,181.7,39156,802
3/16/2007,180.75,39157,803
3/19/2007,185.46,39160,806
3/20/2007,183.85,39161,807
3/21/2007,181.89,39162,808
3/22/2007,175.77,39163,809
3/23/2007,178.07,39164,810
3/26/2007,181.88,39167,813
3/28/2007,177.51,39169,815
3/29/2007,171.88,39170,816
3/30/2007,179.65,39171,817
4/2/2007,174.42,39174,820
4/3/2007,176.74,39175,821
4/4/2007,173.19,39176,822
4/5/2007,177.37,39177,823
4/9/2007,177.92,39181,827
4/10/2007,178.5,39182,828
4/11/2007,176.4,39183,829
4/12/2007,178.04,39184,830
4/13/2007,178.4,39185,831
4/16/2007,183.21,39188,834
4/17/2007,182.93,39189,835
4/18/2007,179.82,39190,836
4/19/2007,179.65,39191,837
4/20/2007,179.56,39192,838
4/23/2007,179.54,39195,841
4/24/2007,182.58,39196,842
4/25/2007,183.87,39197,843
4/26/2007,183.42,39198,844
4/27/2007,181.68,39199,845
4/30/2007,182.05,39202,848
5/3/2007,188.36,39205,851
5/4/2007,188.32,39206,852
5/7/2007,189.82,39209,855
5/8/2007,198.28,39210,856
5/9/2007,213.3,39211,857
5/10/2007,226.1,39212,858
5/11/2007,218.73,39213,859
5/14/2007,215.65,39216,862
5/15/2007,209.97,39217,863
5/16/2007,205.88,39218,864
5/17/2007,206.13,39219,865
5/18/2007,204.14,39220,866
5/21/2007,203.65,39223,869
5/22/2007,206.74,39224,870
5/23/2007,207.8,39225,871
5/24/2007,213.13,39226,872
5/25/2007,216.18,39227,873
5/28/2007,225.02,39230,876
5/29/2007,231.85,39231,877
5/30/2007,224.23,39232,878
5/31/2007,220.11,39233,879
6/4/2007,214.47,39237,883
6/5/2007,222.53,39238,884
6/6/2007,219.42,39239,885
6/7/2007,214.5,39240,886
6/8/2007,217.22,39241,887
6/11/2007,214.49,39244,890
6/12/2007,215.19,39245,891
6/13/2007,212.57,39246,892
6/14/2007,212.27,39247,893
6/15/2007,210.21,39248,894
6/18/2007,209.92,39251,897
6/19/2007,209.83,39252,898
6/20/2007,211.3,39253,899
6/21/2007,218.76,39254,900
6/22/2007,218.61,39255,901
6/25/2007,220.42,39258,904
6/26/2007,218.62,39259,905
6/27/2007,221.74,39260,906
6/28/2007,220.41,39261,907
6/29/2007,226.41,39262,908
7/2/2007,225.76,39265,911
7/3/2007,231.1,39266,912
7/4/2007,234.15,39267,913
7/5/2007,245.42,39268,914
7/6/2007,245.71,39269,915
7/9/2007,246.96,39272,918
7/10/2007,241.82,39273,919
7/11/2007,243.53,39274,920
7/12/2007,239.61,39275,921
7/13/2007,243.08,39276,922
7/16/2007,250.53,39279,925
7/17/2007,248.67,39280,926
7/18/2007,250.53,39281,927
7/19/2007,247.86,39282,928
7/20/2007,246.42,39283,929
7/23/2007,245.32,39286,932
7/24/2007,245.65,39287,933
7/25/2007,245.68,39288,934
7/26/2007,244.62,39289,935
7/27/2007,243.58,39290,936
7/30/2007,238.93,39293,939
7/31/2007,245.43,39294,940
8/1/2007,236.18,39295,941
8/2/2007,232.69,39296,942
8/3/2007,234.2,39297,943
8/6/2007,230.56,39300,946
8/7/2007,231.92,39301,947
8/8/2007,231.88,39302,948
8/9/2007,230.13,39303,949
8/10/2007,229.89,39304,950
8/13/2007,232.81,39307,953
8/14/2007,236.41,39308,954
8/16/2007,226.35,39310,956
8/17/2007,228.51,39311,957
8/20/2007,228.79,39314,960
8/21/2007,228.79,39315,961
8/22/2007,220.74,39316,962
8/23/2007,219.16,39317,963
8/24/2007,217.72,39318,964
8/27/2007,229.94,39321,967
8/28/2007,226.49,39322,968
8/29/2007,228.5,39323,969
8/30/2007,229.08,39324,970
8/31/2007,225.63,39325,971
9/3/2007,231.38,39328,974
9/4/2007,230.3,39329,975
9/5/2007,227.64,39330,976
9/6/2007,228.07,39331,977
9/7/2007,226.35,39332,978
9/10/2007,225.46,39335,981
9/11/2007,222.18,39336,982
9/12/2007,221.32,39337,983
9/13/2007,220.74,39338,984
9/14/2007,218.23,39339,985
9/17/2007,216.29,39342,988
9/18/2007,220.6,39343,989
9/19/2007,217.01,39344,990
9/20/2007,219.89,39345,991
9/21/2007,213.13,39346,992
9/24/2007,213.41,39349,995
9/25/2007,208.67,39350,996
9/26/2007,211.26,39351,997
9/27/2007,206.95,39352,998
9/28/2007,209.82,39353,999
10/1/2007,207.52,39356,1002
10/3/2007,204.8,39358,1004
10/4/2007,207.51,39359,1005
10/5/2007,203.07,39360,1006
10/8/2007,206.66,39363,1009
10/9/2007,206.96,39364,1010
10/10/2007,205.51,39365,1011
10/11/2007,205.95,39366,1012
10/12/2007,204.07,39367,1013
10/15/2007,202.92,39370,1016
10/16/2007,199.64,39371,1017
10/17/2007,198.75,39372,1018
10/18/2007,197.59,39373,1019
10/19/2007,197.63,39374,1020
10/22/2007,201.2,39377,1023
10/23/2007,199.62,39378,1024
10/24/2007,212.69,39379,1025
10/25/2007,215.57,39380,1026
10/26/2007,219.16,39381,1027
10/29/2007,220.6,39384,1030
10/30/2007,216.29,39385,1031
10/31/2007,221.32,39386,1032
11/1/2007,215.57,39387,1033
11/2/2007,215.57,39388,1034
11/5/2007,214.13,39391,1037
11/6/2007,215.57,39392,1038
11/7/2007,215.57,39393,1039
11/8/2007,215.93,39394,1040
11/9/2007,222.47,39395,1041
11/12/2007,216.29,39398,1044
11/13/2007,215.65,39399,1045
11/14/2007,219.43,39400,1046
11/15/2007,220.74,39401,1047
11/16/2007,216.72,39402,1048
11/19/2007,219.16,39405,1051
11/20/2007,218.44,39406,1052
11/21/2007,218.48,39407,1053
11/22/2007,216.13,39408,1054
11/23/2007,215.73,39409,1055
11/26/2007,215.57,39412,1058
11/27/2007,216.65,39413,1059
11/28/2007,218.3,39414,1060
11/29/2007,215.55,39415,1061
11/30/2007,214.85,39416,1062
12/3/2007,211.26,39419,1065
12/4/2007,212.54,39420,1066
12/5/2007,219.16,39421,1067
12/6/2007,214.27,39422,1068
12/7/2007,213.84,39423,1069
12/10/2007,209.39,39426,1072
12/11/2007,210.54,39427,1073
12/12/2007,212.98,39428,1074
12/13/2007,215.57,39429,1075
12/14/2007,215.57,39430,1076
12/17/2007,215.52,39433,1079
12/18/2007,216.85,39434,1080
12/19/2007,214.1,39435,1081
12/20/2007,210.54,39436,1082
12/24/2007,210.11,39440,1086
12/26/2007,211.26,39442,1088
12/27/2007,211.98,39443,1089
12/28/2007,210.27,39444,1090
12/31/2007,211.97,39447,1093
1/1/2008,211.98,39448,1094
1/2/2008,212.26,39449,1095
1/3/2008,217.01,39450,1096
1/4/2008,216.14,39451,1097
1/7/2008,219.31,39454,1100
1/8/2008,219.3,39455,1101
1/9/2008,223.19,39456,1102
1/10/2008,226.32,39457,1103
1/11/2008,231.52,39458,1104
1/14/2008,230.66,39461,1107
1/15/2008,226.68,39462,1108
1/16/2008,222.75,39463,1109
1/17/2008,222.75,39464,1110
1/18/2008,222.75,39465,1111
1/21/2008,215.57,39468,1114
1/22/2008,194.16,39469,1115
1/23/2008,205.8,39470,1116
1/24/2008,214.13,39471,1117
1/25/2008,212.26,39472,1118
1/28/2008,208.38,39475,1121
1/29/2008,206.51,39476,1122
1/30/2008,204.79,39477,1123
1/31/2008,208.38,39478,1124
2/1/2008,206.15,39479,1125
2/4/2008,214.13,39482,1128
2/5/2008,212.99,39483,1129
2/6/2008,204.79,39484,1130
2/7/2008,204.36,39485,1131
2/8/2008,202.92,39486,1132
2/11/2008,201.27,39489,1135
2/12/2008,197.75,39490,1136
2/13/2008,194.01,39491,1137
2/14/2008,196.89,39492,1138
2/15/2008,200.33,39493,1139
2/18/2008,200.48,39496,1142
2/19/2008,205.94,39497,1143
2/20/2008,206.77,39498,1144
2/21/2008,201.2,39499,1145
2/22/2008,200.33,39500,1146
2/25/2008,199.9,39503,1149
2/26/2008,200.33,39504,1150
2/27/2008,199.76,39505,1151
2/28/2008,202.63,39506,1152
2/29/2008,198.32,39507,1153
3/3/2008,196.89,39510,1156
3/4/2008,195.45,39511,1157
3/5/2008,196.89,39512,1158
3/7/2008,199.03,39514,1160
3/10/2008,197.6,39517,1163
3/11/2008,204.79,39518,1164
3/12/2008,198.9,39519,1165
3/13/2008,202.49,39520,1166
3/14/2008,196.89,39521,1167
3/17/2008,183.99,39524,1170
3/18/2008,185.39,39525,1171
3/19/2008,182.51,39526,1172
3/24/2008,181.22,39531,1177
3/25/2008,179.64,39532,1178
3/26/2008,187.83,39533,1179
3/27/2008,185.39,39534,1180
3/28/2008,188.98,39535,1181
3/31/2008,187.54,39538,1184
4/1/2008,191.42,39539,1185
4/2/2008,186.83,39540,1186
4/3/2008,185.53,39541,1187
4/4/2008,184.24,39542,1188
4/7/2008,186,39545,1191
4/8/2008,187.83,39546,1192
4/9/2008,186.39,39547,1193
4/10/2008,184.67,39548,1194
4/11/2008,185.39,39549,1195
4/15/2008,184.81,39553,1199
4/16/2008,187.4,39554,1200
4/17/2008,185.39,39555,1201
4/21/2008,186.83,39559,1205
4/22/2008,189.71,39560,1206
4/23/2008,189.7,39561,1207
4/24/2008,189.99,39562,1208
4/25/2008,196.18,39563,1209
4/28/2008,191.86,39566,1212
4/29/2008,192.57,39567,1213
4/30/2008,195.16,39568,1214
5/2/2008,195.59,39570,1216
5/5/2008,194.73,39573,1219
5/6/2008,195.45,39574,1220
5/7/2008,199.45,39575,1221
5/8/2008,197.6,39576,1222
5/9/2008,198.32,39577,1223
5/12/2008,197.6,39580,1226
5/13/2008,197.6,39581,1227
5/14/2008,197.6,39582,1228
5/15/2008,202.62,39583,1229
5/16/2008,204.82,39584,1230
5/20/2008,204.07,39588,1234
5/21/2008,205.51,39589,1235
5/22/2008,204.79,39590,1236
5/23/2008,204.79,39591,1237
5/26/2008,211.7,39594,1240
5/27/2008,204.29,39595,1241
5/28/2008,200.62,39596,1242
5/29/2008,208.5,39597,1243
5/30/2008,205.81,39598,1244
6/2/2008,207.45,39601,1247
6/3/2008,209.1,39602,1248
6/4/2008,206.23,39603,1249
6/5/2008,208.53,39604,1250
6/6/2008,208.39,39605,1251
6/9/2008,213.99,39608,1254
6/10/2008,212.84,39609,1255
6/11/2008,211.54,39610,1256
6/12/2008,212.69,39611,1257
6/13/2008,215.57,39612,1258
6/16/2008,208.4,39615,1261
6/17/2008,215.57,39616,1262
6/18/2008,211.11,39617,1263
6/19/2008,207.24,39618,1264
6/20/2008,210.54,39619,1265
6/23/2008,202.92,39622,1268
6/24/2008,201.2,39623,1269
6/25/2008,204.07,39624,1270
6/26/2008,205.98,39625,1271
6/27/2008,212.21,39626,1272
6/30/2008,208.38,39629,1275
7/1/2008,198.31,39630,1276
7/2/2008,197.6,39631,1277
7/3/2008,189.7,39632,1278
7/4/2008,194.16,39633,1279
7/7/2008,196.02,39636,1282
7/8/2008,196.02,39637,1283
7/9/2008,197.87,39638,1284
7/10/2008,196.89,39639,1285
7/11/2008,196.89,39640,1286
7/14/2008,206.73,39643,1289
7/15/2008,202.65,39644,1290
7/16/2008,203.04,39645,1291
7/17/2008,203.05,39646,1292
7/18/2008,203.81,39647,1293
7/21/2008,205.04,39650,1296
7/22/2008,201.81,39651,1297
7/23/2008,205.73,39652,1298
7/24/2008,204.58,39653,1299
7/25/2008,209.25,39654,1300
7/28/2008,210.13,39657,1303
7/29/2008,207.73,39658,1304
7/30/2008,207.82,39659,1305
7/31/2008,210.88,39660,1306
8/1/2008,211.81,39661,1307
8/4/2008,209.36,39664,1310
8/5/2008,210.73,39665,1311
8/6/2008,210.04,39666,1312
8/7/2008,211.47,39667,1313
8/8/2008,206.45,39668,1314
8/11/2008,211.34,39671,1317
8/12/2008,208.42,39672,1318
8/13/2008,212.27,39673,1319
8/14/2008,213.81,39674,1320
8/18/2008,213.81,39678,1324
8/19/2008,214.88,39679,1325
8/20/2008,218.42,39680,1326
8/21/2008,219.19,39681,1327
8/22/2008,219.19,39682,1328
8/25/2008,219.19,39685,1331
8/26/2008,219.19,39686,1332
8/27/2008,216.27,39687,1333
8/28/2008,219.19,39688,1334
8/29/2008,222.27,39689,1335
9/1/2008,222.27,39692,1338
9/2/2008,223.03,39693,1339
9/4/2008,224.57,39695,1341
9/5/2008,215.5,39696,1342
9/8/2008,219.96,39699,1345
9/9/2008,213.65,39700,1346
9/10/2008,214.15,39701,1347
9/11/2008,210.73,39702,1348
9/12/2008,205.82,39703,1349
9/15/2008,203.04,39706,1352
9/16/2008,206.11,39707,1353
9/17/2008,206.88,39708,1354
9/18/2008,212.27,39709,1355
9/19/2008,214.57,39710,1356
9/22/2008,208.15,39713,1359
9/23/2008,204.58,39714,1360
9/24/2008,206.67,39715,1361
9/25/2008,203.87,39716,1362
9/26/2008,202.44,39717,1363
9/29/2008,205.35,39720,1366
9/30/2008,211.81,39721,1367
10/1/2008,204.58,39722,1368
10/3/2008,204.55,39724,1370
10/6/2008,195.35,39727,1373
10/7/2008,202.27,39728,1374
10/8/2008,191.82,39729,1375
10/10/2008,186.12,39731,1377
10/13/2008,181.5,39734,1380
10/14/2008,184.58,39735,1381
10/15/2008,183.04,39736,1382
10/16/2008,180.12,39737,1383
10/17/2008,174.74,39738,1384
10/20/2008,176.12,39741,1387
10/21/2008,176.89,39742,1388
10/22/2008,173.04,39743,1389
10/23/2008,174.58,39744,1390
10/24/2008,166.89,39745,1391
10/27/2008,175.35,39748,1394
10/28/2008,171.66,39749,1395
10/29/2008,175.04,39750,1396
10/31/2008,180.73,39752,1398
11/3/2008,182.27,39755,1401
11/4/2008,184.58,39756,1402
11/5/2008,181.81,39757,1403
11/6/2008,180.73,39758,1404
11/7/2008,179.22,39759,1405
11/10/2008,177.2,39762,1408
11/11/2008,179.97,39763,1409
11/12/2008,177.06,39764,1410
11/14/2008,173.2,39766,1412
11/17/2008,171.24,39769,1415
11/18/2008,169.2,39770,1416
11/19/2008,170.66,39771,1417
11/20/2008,169.2,39772,1418
11/21/2008,169.95,39773,1419
11/24/2008,174.58,39776,1422
11/25/2008,172.43,39777,1423
11/26/2008,168.44,39778,1424
11/28/2008,172.03,39780,1426
12/1/2008,169.2,39783,1429
12/2/2008,170.89,39784,1430
12/3/2008,172.66,39785,1431
12/4/2008,195.66,39786,1432
12/5/2008,179.97,39787,1433
12/8/2008,181.67,39790,1436
12/10/2008,185.5,39792,1438
12/11/2008,188.46,39793,1439
12/12/2008,189.19,39794,1440
12/15/2008,186.12,39797,1443
12/16/2008,185.2,39798,1444
12/17/2008,183.04,39799,1445
12/18/2008,182.73,39800,1446
12/19/2008,196.91,39801,1447
12/22/2008,196.27,39804,1450
12/23/2008,194.73,39805,1451
12/24/2008,191.89,39806,1452
12/25/2008,191.89,39807,1453
12/26/2008,194.09,39808,1454
12/29/2008,194.73,39811,1457
12/30/2008,196.89,39812,1458
12/31/2008,203.81,39813,1459
1/1/2009,200.9,39814,1460
1/2/2009,204.58,39815,1461
1/5/2009,206.42,39818,1464
1/6/2009,206.11,39819,1465
1/7/2009,198.42,39820,1466
1/8/2009,198.42,39821,1467
1/9/2009,194.58,39822,1468
1/12/2009,196.66,39825,1471
1/13/2009,197.65,39826,1472
1/14/2009,199.96,39827,1473
1/15/2009,199.96,39828,1474
1/16/2009,199.96,39829,1475
1/19/2009,203.73,39832,1478
1/20/2009,200.73,39833,1479
1/21/2009,201.65,39834,1480
1/22/2009,203.04,39835,1481
1/23/2009,202.88,39836,1482
1/27/2009,206.91,39840,1486
1/28/2009,203.81,39841,1487
1/29/2009,205.58,39842,1488
1/30/2009,212.3,39843,1489
2/2/2009,215.34,39846,1492
2/3/2009,212.27,39847,1493
2/4/2009,211.65,39848,1494
2/5/2009,209.19,39849,1495
2/6/2009,214.81,39850,1496
2/9/2009,213.65,39853,1499
2/10/2009,214.88,39854,1500
2/11/2009,215.19,39855,1501
2/12/2009,212.58,39856,1502
2/13/2009,212.42,39857,1503
2/16/2009,210.73,39860,1506
2/17/2009,206.58,39861,1507
2/18/2009,213.96,39862,1508
2/19/2009,208.73,39863,1509
2/20/2009,207.73,39864,1510
2/24/2009,203.81,39868,1514
2/25/2009,203.81,39869,1515
2/26/2009,202.27,39870,1516
2/27/2009,202.12,39871,1517
3/2/2009,202.27,39874,1520
3/3/2009,202.27,39875,1521
3/4/2009,199.65,39876,1522
3/5/2009,194.58,39877,1523
3/6/2009,194.58,39878,1524
3/9/2009,187.66,39881,1527
3/12/2009,191.46,39884,1530
3/13/2009,190.73,39885,1531
3/16/2009,197.65,39888,1534
3/17/2009,198.45,39889,1535
3/18/2009,204.73,39890,1536
3/19/2009,198.58,39891,1537
3/20/2009,208.42,39892,1538
3/23/2009,206.11,39895,1541
3/24/2009,206.11,39896,1542
3/25/2009,201.3,39897,1543
3/26/2009,203.81,39898,1544
3/27/2009,203.38,39899,1545
3/30/2009,213.81,39902,1548
3/31/2009,215.19,39903,1549
4/1/2009,213.81,39904,1550
4/2/2009,218.07,39905,1551
4/6/2009,224.39,39909,1555
4/7/2009,224.39,39910,1556
4/8/2009,226.5,39911,1557
4/9/2009,222.63,39912,1558
4/10/2009,222.63,39913,1559
4/13/2009,226.91,39916,1562
4/14/2009,226.91,39917,1563
4/15/2009,233.65,39918,1564
4/16/2009,233.8,39919,1565
4/17/2009,236.26,39920,1566
4/20/2009,246.11,39923,1569
4/21/2009,237.65,39924,1570
4/22/2009,234.58,39925,1571
4/23/2009,234.57,39926,1572
4/24/2009,234.57,39927,1573
4/27/2009,239.95,39930,1576
4/28/2009,241.49,39931,1577
4/29/2009,246.11,39932,1578
4/30/2009,246.11,39933,1579
5/1/2009,246.11,39934,1580
5/4/2009,243.03,39937,1583
5/5/2009,236.89,39938,1584
5/6/2009,239.95,39939,1585
5/7/2009,239.96,39940,1586
5/8/2009,239.95,39941,1587
5/11/2009,241.43,39944,1590
5/12/2009,241.49,39945,1591
5/13/2009,242.26,39946,1592
5/14/2009,246.11,39947,1593
5/15/2009,253.8,39948,1594
5/18/2009,253.8,39951,1597
5/19/2009,256.87,39952,1598
5/20/2009,268.41,39953,1599
5/21/2009,265.33,39954,1600
5/22/2009,262.41,39955,1601
5/25/2009,261.95,39958,1604
5/26/2009,261.49,39959,1605
5/27/2009,266.95,39960,1606
5/28/2009,261.07,39961,1607
5/29/2009,263.03,39962,1608
6/1/2009,256.87,39965,1611
6/2/2009,256.49,39966,1612
6/3/2009,253.49,39967,1613
6/4/2009,251.2,39968,1614
6/5/2009,252.38,39969,1615
6/8/2009,251.49,39972,1618
6/9/2009,283.08,39973,1619
6/10/2009,280.59,39974,1620
6/11/2009,280.41,39975,1621
6/12/2009,273.4,39976,1622
6/15/2009,277.92,39979,1625
6/16/2009,276.37,39980,1626
6/17/2009,280.41,39981,1627
6/18/2009,280.92,39982,1628
6/19/2009,275.22,39983,1629
6/22/2009,274.27,39986,1632
6/23/2009,273.4,39987,1633
6/24/2009,275.15,39988,1634
6/25/2009,271.82,39989,1635
6/26/2009,273.22,39990,1636
6/29/2009,282.14,39993,1639
6/30/2009,280.23,39994,1640
7/1/2009,276.53,39995,1641
7/2/2009,277.08,39996,1642
7/3/2009,277.1,39997,1643
7/6/2009,275.17,40000,1646
7/7/2009,287.42,40001,1647
7/8/2009,280.41,40002,1648
7/9/2009,279.79,40003,1649
7/10/2009,275.33,40004,1650
7/13/2009,280.43,40007,1653
7/14/2009,280.02,40008,1654
7/15/2009,279.53,40009,1655
7/16/2009,277.67,40010,1656
7/17/2009,277.08,40011,1657
7/20/2009,288.29,40014,1660
7/21/2009,290.05,40015,1661
7/22/2009,300.56,40016,1662
7/23/2009,312.15,40017,1663
7/24/2009,320.72,40018,1664
7/27/2009,321.77,40021,1667
7/28/2009,315.46,40022,1668
7/29/2009,318.96,40023,1669
7/30/2009,318.96,40024,1670
7/31/2009,327.12,40025,1671
8/3/2009,323.35,40028,1674
8/4/2009,313.62,40029,1675
8/5/2009,314.93,40030,1676
8/6/2009,304.94,40031,1677
8/7/2009,297.94,40032,1678
8/10/2009,295.3,40035,1681
8/11/2009,290.92,40036,1682
8/12/2009,286.89,40037,1683
8/13/2009,293.11,40038,1684
8/14/2009,300.56,40039,1685
8/17/2009,295.3,40042,1688
8/18/2009,295.3,40043,1689
8/19/2009,295.3,40044,1690
8/20/2009,295.3,40045,1691
8/21/2009,295.3,40046,1692
8/24/2009,289.17,40049,1695
8/25/2009,294.41,40050,1696
8/26/2009,291.36,40051,1697
8/27/2009,285.14,40052,1698
8/28/2009,291.1,40053,1699
8/31/2009,292.5,40056,1702
9/1/2009,292.85,40057,1703
9/2/2009,293.04,40058,1704
9/3/2009,293.55,40059,1705
9/4/2009,291.59,40060,1706
9/7/2009,288.87,40063,1709
9/8/2009,291.58,40064,1710
9/9/2009,288.35,40065,1711
9/10/2009,288.52,40066,1712
9/11/2009,288.22,40067,1713
9/14/2009,287.64,40070,1716
9/15/2009,287.78,40071,1717
9/16/2009,279.53,40072,1718
9/17/2009,275.13,40073,1719
9/18/2009,271.34,40074,1720
9/21/2009,271.34,40077,1723
9/22/2009,265.69,40078,1724
9/23/2009,265.5,40079,1725
9/24/2009,268.14,40080,1726
9/25/2009,268.12,40081,1727
9/28/2009,268.12,40084,1730
9/29/2009,270.28,40085,1731
9/30/2009,274.27,40086,1732
10/1/2009,272.35,40087,1733
10/2/2009,272.35,40088,1734
10/5/2009,270.77,40091,1737
10/6/2009,269.02,40092,1738
10/7/2009,271.65,40093,1739
10/8/2009,275.5,40094,1740
10/9/2009,285.67,40095,1741
10/12/2009,286.72,40098,1744
10/13/2009,286.72,40099,1745
10/14/2009,286.07,40100,1746
10/15/2009,287.42,40101,1747
10/16/2009,287.94,40102,1748
10/19/2009,287.94,40105,1751
10/20/2009,309.21,40106,1752
10/21/2009,308.8,40107,1753
10/22/2009,298.81,40108,1754
10/23/2009,303.19,40109,1755
10/26/2009,300.64,40112,1758
10/27/2009,293.52,40113,1759
10/28/2009,292.68,40114,1760
10/29/2009,294.43,40115,1761
10/30/2009,291.1,40116,1762
11/2/2009,291.1,40119,1765
11/3/2009,290.05,40120,1766
11/4/2009,289.17,40121,1767
11/5/2009,289,40122,1768
11/6/2009,287.42,40123,1769
11/9/2009,293.52,40126,1772
11/10/2009,293.38,40127,1773
11/11/2009,295.3,40128,1774
11/12/2009,292.85,40129,1775
11/13/2009,293.55,40130,1776
11/16/2009,293.2,40133,1779
11/17/2009,289.17,40134,1780
11/18/2009,293.03,40135,1781
11/19/2009,296.09,40136,1782
11/20/2009,295.65,40137,1783
11/23/2009,290.57,40140,1786
11/24/2009,292.17,40141,1787
11/25/2009,291.8,40142,1788
11/26/2009,291.09,40143,1789
11/27/2009,285.4,40144,1790
11/30/2009,284.79,40147,1793
12/1/2009,284.26,40148,1794
12/2/2009,285.67,40149,1795
12/3/2009,287.02,40150,1796
12/4/2009,286.98,40151,1797
12/7/2009,291.49,40154,1800
12/8/2009,293.2,40155,1801
12/9/2009,290.92,40156,1802
12/10/2009,290.01,40157,1803
12/11/2009,289.19,40158,1804
12/14/2009,286.54,40161,1807
12/15/2009,285.67,40162,1808
12/16/2009,287.42,40163,1809
12/17/2009,284.7,40164,1810
12/18/2009,286.02,40165,1811
12/21/2009,285.67,40168,1814
12/22/2009,282.51,40169,1815
12/23/2009,287.42,40170,1816
12/24/2009,284.96,40171,1817
12/25/2009,284.96,40172,1818
12/28/2009,284.96,40175,1821
12/29/2009,290.92,40176,1822
12/30/2009,292.24,40177,1823
12/31/2009,294.6,40178,1824
1/1/2010,294.6,40179,1825
1/4/2010,292.17,40182,1828
1/5/2010,291.83,40183,1829
1/6/2010,290.88,40184,1830
1/7/2010,287.68,40185,1831
1/8/2010,289.54,40186,1832
1/11/2010,290.54,40189,1835
1/12/2010,292.48,40190,1836
1/13/2010,290.92,40191,1837
1/14/2010,294.43,40192,1838
1/15/2010,297.06,40193,1839
1/18/2010,295.29,40196,1842
1/19/2010,297.14,40197,1843
1/20/2010,297.14,40198,1844
1/21/2010,297.14,40199,1845
1/22/2010,297.14,40200,1846
1/25/2010,297.14,40203,1849
1/26/2010,297.14,40204,1850
1/27/2010,297.14,40205,1851
1/28/2010,297.14,40206,1852
1/29/2010,297.14,40207,1853
2/1/2010,297.14,40210,1856
2/2/2010,297.14,40211,1857
2/3/2010,297.14,40212,1858
2/4/2010,297.14,40213,1859
2/5/2010,279.97,40214,1860
2/8/2010,281.7,40217,1863
2/9/2010,281.98,40218,1864
2/10/2010,285.03,40219,1865
2/11/2010,285.72,40220,1866
2/15/2010,289.15,40224,1870
2/16/2010,285.67,40225,1871
2/17/2010,285.91,40226,1872
2/18/2010,286.73,40227,1873
2/19/2010,286.03,40228,1874
2/22/2010,285.67,40231,1877
2/23/2010,285.49,40232,1878
2/24/2010,287.42,40233,1879
2/25/2010,288.46,40234,1880
2/26/2010,293.28,40235,1881
3/2/2010,296.33,40239,1885
3/3/2010,305.42,40240,1886
3/4/2010,306,40241,1887
3/5/2010,309.75,40242,1888
3/8/2010,287.44,40245,1891
3/9/2010,282.15,40246,1892
3/10/2010,279.75,40247,1893
3/11/2010,276.35,40248,1894
3/12/2010,276.29,40249,1895
3/15/2010,278.53,40252,1898
3/16/2010,280.53,40253,1899
3/17/2010,279.58,40254,1900
3/18/2010,277.99,40255,1901
3/19/2010,277.23,40256,1902
3/22/2010,276.95,40259,1905
3/23/2010,275.68,40260,1906
3/25/2010,279.63,40262,1908
3/26/2010,277.38,40263,1909
3/29/2010,274.89,40266,1912
3/30/2010,275.83,40267,1913
3/31/2010,280.24,40268,1914
4/1/2010,280.41,40269,1915
4/5/2010,280.64,40273,1919
4/6/2010,283.77,40274,1920
4/7/2010,289.72,40275,1921
4/8/2010,289.03,40276,1922
4/9/2010,290.47,40277,1923
4/12/2010,289.32,40280,1926
4/13/2010,288.29,40281,1927
4/15/2010,289.18,40283,1929
4/16/2010,290.32,40284,1930
4/19/2010,286.74,40287,1933
4/20/2010,287.72,40288,1934
4/21/2010,289.57,40289,1935
4/22/2010,290.21,40290,1936
4/23/2010,291.84,40291,1937
4/26/2010,291.66,40294,1940
4/27/2010,287.58,40295,1941
4/28/2010,287.74,40296,1942
4/29/2010,286.09,40297,1943
4/30/2010,290.02,40298,1944
5/3/2010,289.18,40301,1947
5/4/2010,289.17,40302,1948
5/5/2010,289.17,40303,1949
5/6/2010,290.11,40304,1950
5/7/2010,286.34,40305,1951
5/10/2010,289.19,40308,1954
5/11/2010,289.19,40309,1955
5/12/2010,289.28,40310,1956
5/13/2010,289.28,40311,1957
5/14/2010,289.31,40312,1958
5/17/2010,290.16,40315,1961
5/18/2010,294.96,40316,1962
5/19/2010,293.21,40317,1963
5/20/2010,293.65,40318,1964
5/21/2010,293.26,40319,1965
5/24/2010,293.6,40322,1968
5/25/2010,293.01,40323,1969
5/26/2010,292.42,40324,1970
5/27/2010,293.05,40325,1971
5/28/2010,298.08,40326,1972
5/31/2010,299.49,40329,1975
6/1/2010,294.59,40330,1976
6/2/2010,296.25,40331,1977
6/3/2010,300.4,40332,1978
6/4/2010,300.81,40333,1979
6/7/2010,298.4,40336,1982
6/8/2010,297.06,40337,1983
6/9/2010,302.16,40338,1984
6/10/2010,302.62,40339,1985
6/11/2010,307.78,40340,1986
6/14/2010,309.92,40343,1989
6/15/2010,311.87,40344,1990
6/16/2010,317.81,40345,1991
6/17/2010,318.32,40346,1992
6/18/2010,324.47,40347,1993
6/21/2010,326.13,40350,1996
6/22/2010,324.62,40351,1997
6/23/2010,324.83,40352,1998
6/24/2010,327.61,40353,1999
6/25/2010,325.88,40354,2000
6/28/2010,324.3,40357,2003
6/29/2010,325.66,40358,2004
6/30/2010,325.4,40359,2005
7/1/2010,326.82,40360,2006
7/2/2010,326.06,40361,2007
7/5/2010,326.03,40364,2010
7/6/2010,326.96,40365,2011
7/7/2010,336.94,40366,2012
7/8/2010,333.44,40367,2013
7/9/2010,333.03,40368,2014
7/12/2010,336.42,40371,2017
7/13/2010,338.81,40372,2018
7/14/2010,341.74,40373,2019
7/15/2010,340.42,40374,2020
7/16/2010,341.01,40375,2021
7/19/2010,339,40378,2024
7/20/2010,325.85,40379,2025
7/21/2010,330.48,40380,2026
7/22/2010,339.54,40381,2027
7/23/2010,366.98,40382,2028
7/26/2010,360.42,40385,2031
7/27/2010,359.57,40386,2032
7/28/2010,357.48,40387,2033
7/29/2010,353.23,40388,2034
7/30/2010,368.75,40389,2035
8/2/2010,391.48,40392,2038
8/3/2010,397.13,40393,2039
8/4/2010,406.92,40394,2040
8/5/2010,430.5,40395,2041
8/6/2010,427.7,40396,2042
8/9/2010,402.88,40399,2045
8/10/2010,384,40400,2046
8/11/2010,389.77,40401,2047
8/12/2010,393.37,40402,2048
8/13/2010,394.06,40403,2049
8/16/2010,384.31,40406,2052
8/17/2010,378.33,40407,2053
8/18/2010,375.56,40408,2054
8/19/2010,375.48,40409,2055
8/20/2010,382.92,40410,2056
8/23/2010,381.54,40413,2059
8/24/2010,380.14,40414,2060
8/25/2010,376.95,40415,2061
8/26/2010,378.86,40416,2062
8/27/2010,375.73,40417,2063
8/30/2010,378.81,40420,2066
8/31/2010,384,40421,2067
9/1/2010,385.16,40422,2068
9/2/2010,384.66,40423,2069
9/3/2010,385.31,40424,2070
9/6/2010,390.01,40427,2073
9/7/2010,397.77,40428,2074
9/8/2010,452.2,40429,2075
9/9/2010,452.06,40430,2076
9/10/2010,456.18,40431,2077
9/13/2010,442.36,40434,2080
9/14/2010,419.69,40435,2081
9/15/2010,417.54,40436,2082
9/16/2010,406.02,40437,2083
9/17/2010,401.15,40438,2084
9/20/2010,408.36,40441,2087
9/21/2010,407.14,40442,2088
9/22/2010,406.58,40443,2089
9/23/2010,401.01,40444,2090
9/24/2010,401.57,40445,2091
9/27/2010,401.57,40448,2094
9/28/2010,406.95,40449,2095
9/29/2010,403.25,40450,2096
9/30/2010,410.23,40451,2097
10/1/2010,409.01,40452,2098
10/4/2010,404.71,40455,2101
10/5/2010,405.22,40456,2102
10/6/2010,407.52,40457,2103
10/7/2010,413.18,40458,2104
10/8/2010,413.09,40459,2105
10/11/2010,416.98,40462,2108
10/12/2010,417.73,40463,2109
10/13/2010,409.76,40464,2110
10/14/2010,407.89,40465,2111
10/15/2010,402.36,40466,2112
10/18/2010,397.07,40469,2115
10/19/2010,397.49,40470,2116
10/20/2010,399.13,40471,2117
10/21/2010,403.21,40472,2118
10/22/2010,398.85,40473,2119
10/25/2010,398.15,40476,2122
10/26/2010,392.9,40477,2123
10/27/2010,389.58,40478,2124
10/28/2010,394.5,40479,2125
10/29/2010,387.47,40480,2126
11/1/2010,387,40483,2129
11/2/2010,387.42,40484,2130
11/3/2010,389.44,40485,2131
11/4/2010,387.56,40486,2132
11/5/2010,394.59,40487,2133
11/8/2010,392.25,40490,2136
11/9/2010,412.48,40491,2137
11/10/2010,410.89,40492,2138
11/11/2010,404.33,40493,2139
11/12/2010,397.07,40494,2140
11/15/2010,387.75,40497,2143
11/16/2010,384.47,40498,2144
11/17/2010,383.11,40499,2145
11/18/2010,384.14,40500,2146
11/19/2010,380.44,40501,2147
11/22/2010,379.74,40504,2150
11/23/2010,373.28,40505,2151
11/24/2010,373.04,40506,2152
11/25/2010,368.13,40507,2153
11/26/2010,367.66,40508,2154
11/29/2010,377.35,40511,2157
11/30/2010,376.98,40512,2158
12/1/2010,384.33,40513,2159
12/2/2010,386.35,40514,2160
12/3/2010,373.65,40515,2161
12/6/2010,378.95,40518,2164
12/7/2010,375.11,40519,2165
12/8/2010,385.13,40520,2166
12/9/2010,374.73,40521,2167
12/10/2010,376.89,40522,2168
12/13/2010,379.93,40525,2171
12/14/2010,379.65,40526,2172
12/15/2010,380.07,40527,2173
12/16/2010,378.95,40528,2174
12/17/2010,382.18,40529,2175
12/20/2010,374.22,40532,2178
12/21/2010,378.43,40533,2179
12/22/2010,375.71,40534,2180
12/23/2010,372.67,40535,2181
12/24/2010,371.64,40536,2182
12/27/2010,370.33,40539,2185
12/28/2010,373.65,40540,2186
12/29/2010,374.5,40541,2187
12/30/2010,376,40542,2188
12/31/2010,387.33,40543,2189
1/3/2011,383.44,40546,2192
1/4/2011,383.68,40547,2193
1/5/2011,384.05,40548,2194
1/6/2011,376.23,40549,2195
1/7/2011,370.75,40550,2196
1/10/2011,361.52,40553,2199
1/11/2011,351.08,40554,2200
1/12/2011,350.19,40555,2201
1/13/2011,348.46,40556,2202
1/14/2011,344.99,40557,2203
1/17/2011,332.44,40560,2206
1/18/2011,333.42,40561,2207
1/19/2011,331.88,40562,2208
1/20/2011,363.58,40563,2209
1/21/2011,349.25,40564,2210
1/24/2011,349.58,40567,2213
1/25/2011,350.19,40568,2214
1/26/2011,351.36,40569,2215
1/27/2011,348.27,40570,2216
1/28/2011,345.04,40571,2217
1/31/2011,354.36,40574,2220
2/1/2011,352.34,40575,2221
2/2/2011,342.98,40576,2222
2/3/2011,345.97,40577,2223
2/4/2011,339.84,40578,2224
2/7/2011,334.22,40581,2227
2/8/2011,336.33,40582,2228
2/9/2011,333.05,40583,2229
2/10/2011,323.91,40584,2230
2/11/2011,327.33,40585,2231
2/14/2011,339.6,40588,2234
2/15/2011,339.93,40589,2235
2/16/2011,339.46,40590,2236
2/17/2011,338.86,40591,2237
2/18/2011,344.8,40592,2238
2/21/2011,337.26,40595,2241
2/22/2011,336.65,40596,2242
2/23/2011,335.44,40597,2243
2/24/2011,333.14,40598,2244
2/25/2011,324.66,40599,2245
2/28/2011,315.06,40602,2248
3/1/2011,321.39,40603,2249
3/2/2011,322.09,40604,2250
3/3/2011,324.57,40605,2251
3/4/2011,322.65,40606,2252
3/7/2011,323.87,40609,2255
3/8/2011,325.88,40610,2256
3/9/2011,327.71,40611,2257
3/10/2011,328.6,40612,2258
3/11/2011,333.05,40613,2259
3/14/2011,333.23,40616,2262
3/15/2011,336.33,40617,2263
3/16/2011,337.54,40618,2264
3/17/2011,337.12,40619,2265
3/18/2011,332.91,40620,2266
3/21/2011,330.42,40623,2269
3/22/2011,328.46,40624,2270
3/23/2011,327.24,40625,2271
3/24/2011,328.6,40626,2272
3/25/2011,331.97,40627,2273
3/28/2011,337.31,40630,2276
3/29/2011,332.39,40631,2277
3/30/2011,342.84,40632,2278
3/31/2011,348.92,40633,2279
4/1/2011,348.55,40634,2280
4/4/2011,348.22,40637,2283
4/5/2011,342.65,40638,2284
4/6/2011,342.88,40639,2285
4/7/2011,343.73,40640,2286
4/8/2011,352.25,40641,2287
4/11/2011,354.45,40644,2290
4/12/2011,354.78,40645,2291
4/13/2011,361.29,40646,2292
4/14/2011,359.84,40647,2293
4/15/2011,364.61,40648,2294
4/18/2011,353.23,40651,2297
4/19/2011,350.33,40652,2298
4/20/2011,356.51,40653,2299
4/21/2011,357.31,40654,2300
4/22/2011,357.92,40655,2301
4/25/2011,355.86,40658,2304
4/26/2011,356.32,40659,2305
4/27/2011,354.26,40660,2306
4/28/2011,355.72,40661,2307
4/29/2011,345.93,40662,2308
5/2/2011,341.71,40665,2311
5/3/2011,339.89,40666,2312
5/4/2011,339.7,40667,2313
5/5/2011,340.4,40668,2314
5/6/2011,347.19,40669,2315
5/9/2011,345.6,40672,2318
5/10/2011,344.62,40673,2319
5/11/2011,353.33,40674,2320
5/12/2011,349.07,40675,2321
5/13/2011,347.71,40676,2322
5/16/2011,351.36,40679,2325
5/17/2011,351.22,40680,2326
5/18/2011,353.47,40681,2327
5/19/2011,358.06,40682,2328
5/20/2011,357.87,40683,2329
5/23/2011,360.68,40686,2332
5/24/2011,369.16,40687,2333
5/25/2011,370.38,40688,2334
5/26/2011,366.96,40689,2335
5/27/2011,366.3,40690,2336
5/30/2011,383.82,40693,2339
5/31/2011,393.89,40694,2340
6/1/2011,394.5,40695,2341
6/2/2011,404.57,40696,2342
6/3/2011,416.88,40697,2343
6/6/2011,419.32,40700,2346
6/7/2011,417.73,40701,2347
6/8/2011,416.84,40702,2348
6/9/2011,414.87,40703,2349
6/10/2011,415.43,40704,2350
6/13/2011,418.76,40707,2353
6/14/2011,440.91,40708,2354
6/15/2011,435.99,40709,2355
6/16/2011,441.75,40710,2356
6/17/2011,440.58,40711,2357
6/20/2011,440.68,40714,2360
6/21/2011,442.17,40715,2361
6/22/2011,431.07,40716,2362
6/23/2011,427.28,40717,2363
6/24/2011,435.95,40718,2364
6/27/2011,436.51,40721,2367
6/28/2011,438.29,40722,2368
6/29/2011,443.49,40723,2369
6/30/2011,448.87,40724,2370
7/1/2011,456.74,40725,2371
7/4/2011,456.41,40728,2374
7/5/2011,453.27,40729,2375
7/6/2011,454.35,40730,2376
7/7/2011,453.88,40731,2377
7/8/2011,447.09,40732,2378
7/11/2011,446.9,40735,2381
7/12/2011,441.57,40736,2382
7/13/2011,444.61,40737,2383
7/14/2011,449.11,40738,2384
7/15/2011,448.59,40739,2385
7/18/2011,451.78,40742,2388
7/19/2011,464.83,40743,2389
7/20/2011,455.29,40744,2390
7/21/2011,458.23,40745,2391
7/22/2011,455.76,40746,2392
7/25/2011,457.14,40749,2395
7/26/2011,449.45,40750,2396
7/27/2011,444.75,40751,2397
7/28/2011,451.97,40752,2398
7/29/2011,457.61,40753,2399
8/1/2011,454.05,40756,2402
8/2/2011,455.86,40757,2403
8/3/2011,455.57,40758,2404
8/4/2011,454.1,40759,2405
8/5/2011,446.22,40760,2406
8/8/2011,450.59,40763,2409
8/9/2011,448.31,40764,2410
8/10/2011,445.75,40765,2411
8/11/2011,441.62,40766,2412
8/12/2011,447.93,40767,2413
8/16/2011,443.51,40771,2417
8/17/2011,449.21,40772,2418
8/18/2011,441.38,40773,2419
8/19/2011,437.49,40774,2420
8/22/2011,437.39,40777,2423
8/23/2011,440.52,40778,2424
8/24/2011,451.16,40779,2425
8/25/2011,449.21,40780,2426
8/26/2011,449.73,40781,2427
8/29/2011,446.13,40784,2430
8/30/2011,465.78,40785,2431
9/2/2011,455.53,40788,2434
9/5/2011,455.34,40791,2437
9/6/2011,453.53,40792,2438
9/7/2011,453.77,40793,2439
9/8/2011,451.25,40794,2440
9/9/2011,446.46,40795,2441
9/12/2011,452.44,40798,2444
9/13/2011,444.89,40799,2445
9/14/2011,441.62,40800,2446
9/15/2011,445.75,40801,2447
9/16/2011,441.28,40802,2448
9/19/2011,433.07,40805,2451
9/20/2011,435.3,40806,2452
9/21/2011,440.05,40807,2453
9/22/2011,432.03,40808,2454
9/23/2011,440,40809,2455
9/26/2011,432.12,40812,2458
9/27/2011,441.9,40813,2459
9/28/2011,432.83,40814,2460
9/29/2011,438.01,40815,2461
9/30/2011,446.08,40816,2462
10/3/2011,438.06,40819,2465
10/4/2011,436.73,40820,2466
10/5/2011,428.09,40821,2467
10/7/2011,428.04,40823,2469
10/10/2011,423.81,40826,2472
10/11/2011,423.67,40827,2473
10/12/2011,427.33,40828,2474
10/13/2011,425.76,40829,2475
10/14/2011,425.09,40830,2476
10/17/2011,425.47,40833,2479
10/18/2011,422.72,40834,2480
10/19/2011,429.7,40835,2481
10/20/2011,420.63,40836,2482
10/21/2011,421.87,40837,2483
10/24/2011,428.28,40840,2486
10/25/2011,432.55,40841,2487
10/26/2011,438.67,40842,2488
10/28/2011,446.32,40844,2490
10/31/2011,445.37,40847,2493
11/1/2011,450.73,40848,2494
11/2/2011,450.83,40849,2495
11/3/2011,447.46,40850,2496
11/4/2011,445.22,40851,2497
11/8/2011,448.21,40855,2501
11/9/2011,452.3,40856,2502
11/11/2011,460.13,40858,2504
11/14/2011,449.64,40861,2507
11/15/2011,453.48,40862,2508
11/16/2011,461.56,40863,2509
11/17/2011,459.99,40864,2510
11/18/2011,447.31,40865,2511
11/21/2011,453.86,40868,2514
11/22/2011,451.4,40869,2515
11/23/2011,441.62,40870,2516
11/24/2011,444.99,40871,2517
11/25/2011,450.59,40872,2518
11/28/2011,444.46,40875,2521
11/29/2011,446.41,40876,2522
11/30/2011,445.37,40877,2523
12/1/2011,444.84,40878,2524
12/2/2011,441.57,40879,2525
12/5/2011,442.76,40882,2528
12/6/2011,442.76,40883,2529
12/7/2011,445.03,40884,2530
12/8/2011,438.48,40885,2531
12/9/2011,434.11,40886,2532
12/12/2011,436.25,40889,2535
12/13/2011,436.77,40890,2536
12/14/2011,423.91,40891,2537
12/15/2011,430.74,40892,2538
12/16/2011,431.17,40893,2539
12/19/2011,422.72,40896,2542
12/20/2011,418.45,40897,2543
12/21/2011,417.5,40898,2544
12/22/2011,419.25,40899,2545
12/23/2011,417.93,40900,2546
12/26/2011,417.93,40903,2549
12/27/2011,424.48,40904,2550
12/28/2011,427.61,40905,2551
12/29/2011,420.3,40906,2552
12/30/2011,425.95,40907,2553
1/2/2012,423.77,40910,2556
1/3/2012,424.71,40911,2557
1/4/2012,425.57,40912,2558
1/5/2012,417.31,40913,2559
1/6/2012,420.77,40914,2560
1/9/2012,427.33,40917,2563
1/10/2012,424.43,40918,2564
1/11/2012,420.01,40919,2565
1/12/2012,415.98,40920,2566
1/13/2012,416.79,40921,2567
1/16/2012,416.36,40924,2570
1/17/2012,421.72,40925,2571
1/18/2012,422.72,40926,2572
1/19/2012,429.46,40927,2573
1/20/2012,432.93,40928,2574
1/23/2012,428.28,40931,2577
1/24/2012,431.46,40932,2578
1/25/2012,433.45,40933,2579
1/26/2012,433.45,40934,2580
1/27/2012,436.16,40935,2581
1/30/2012,423.43,40938,2584
1/31/2012,430.65,40939,2585
2/1/2012,440.9,40940,2586
2/2/2012,440.71,40941,2587
2/3/2012,451.16,40942,2588
2/6/2012,451.11,40945,2591
2/7/2012,451.44,40946,2592
2/8/2012,457.66,40947,2593
2/9/2012,461.27,40948,2594
2/10/2012,468.82,40949,2595
2/13/2012,491.7,40952,2598
2/14/2012,492.46,40953,2599
2/15/2012,500.39,40954,2600
2/16/2012,502.67,40955,2601
2/17/2012,498.82,40956,2602
2/20/2012,498.82,40959,2605
2/21/2012,501.01,40960,2606
2/22/2012,486.15,40961,2607
2/23/2012,488.28,40962,2608
2/24/2012,491.8,40963,2609
2/27/2012,482.02,40966,2612
2/28/2012,484.68,40967,2613
2/29/2012,494.12,40968,2614
3/1/2012,497.21,40969,2615
3/2/2012,511.21,40970,2616
3/5/2012,514.97,40973,2619
3/6/2012,510.22,40974,2620
3/7/2012,505.52,40975,2621
3/8/2012,497.21,40976,2622
3/9/2012,526.31,40977,2623
3/12/2012,538.42,40980,2626
3/13/2012,544.97,40981,2627
3/14/2012,538.85,40982,2628
3/15/2012,537.75,40983,2629
3/16/2012,543.26,40984,2630
3/19/2012,536.99,40987,2633
3/20/2012,530.49,40988,2634
3/21/2012,537.61,40989,2635
3/22/2012,541.79,40990,2636
3/23/2012,536.95,40991,2637
3/26/2012,544.07,40994,2640
3/27/2012,544.12,40995,2641
3/28/2012,535.09,40996,2642
3/29/2012,538.85,40997,2643
3/30/2012,563.06,40998,2644
4/2/2012,561.92,41001,2647
4/3/2012,565.72,41002,2648
4/4/2012,563.39,41003,2649
4/5/2012,563.39,41004,2650
4/6/2012,563.39,41005,2651
4/9/2012,564.62,41008,2654
4/10/2012,560.26,41009,2655
4/11/2012,555.27,41010,2656
4/12/2012,554.42,41011,2657
4/13/2012,553.52,41012,2658
4/16/2012,559.78,41015,2661
4/17/2012,547.63,41016,2662
4/18/2012,541.79,41017,2663
4/19/2012,541.41,41018,2664
4/20/2012,537.18,41019,2665
4/23/2012,534.19,41022,2668
4/24/2012,539.75,41023,2669
4/25/2012,539.32,41024,2670
4/26/2012,532.72,41025,2671
4/27/2012,532.15,41026,2672
4/30/2012,533.43,41029,2675
5/1/2012,532.15,41030,2676
5/2/2012,533.2,41031,2677
5/3/2012,528.5,41032,2678
5/4/2012,522.7,41033,2679
5/7/2012,522.61,41036,2682
5/8/2012,514.3,41037,2683
5/9/2012,506.32,41038,2684
5/10/2012,525.69,41039,2685
5/11/2012,511.4,41040,2686
5/14/2012,508.75,41043,2689
5/15/2012,503.71,41044,2690
5/16/2012,497.49,41045,2691
5/17/2012,494.88,41046,2692
5/18/2012,500.58,41047,2693
5/21/2012,501.77,41050,2696
5/22/2012,504.33,41051,2697
5/23/2012,504.52,41052,2698
5/24/2012,499.06,41053,2699
5/25/2012,502.05,41054,2700
5/28/2012,510.31,41057,2703
5/29/2012,500.34,41058,2704
5/30/2012,491.94,41059,2705
5/31/2012,507.65,41060,2706
6/1/2012,499.63,41061,2707
6/4/2012,490.85,41064,2710
6/5/2012,492.56,41065,2711
6/6/2012,498.02,41066,2712
6/7/2012,497.21,41067,2713
6/8/2012,495.22,41068,2714
6/11/2012,493.6,41071,2717
6/12/2012,492.32,41072,2718
6/13/2012,512.07,41073,2719
6/14/2012,501.01,41074,2720
6/15/2012,498.87,41075,2721
6/18/2012,491.42,41078,2724
6/19/2012,494.36,41079,2725
6/20/2012,496.35,41080,2726
6/21/2012,495.74,41081,2727
6/22/2012,496.45,41082,2728
6/25/2012,501.29,41085,2731
6/26/2012,495.5,41086,2732
6/27/2012,496.45,41087,2733
6/28/2012,498.3,41088,2734
6/29/2012,498.82,41089,2735
7/2/2012,511.4,41092,2738
7/3/2012,510.08,41093,2739
7/4/2012,510.93,41094,2740
7/5/2012,507.8,41095,2741
7/6/2012,506.85,41096,2742
7/9/2012,494.27,41099,2745
7/10/2012,499.25,41100,2746
7/11/2012,496.02,41101,2747
7/12/2012,495.64,41102,2748
7/13/2012,498.35,41103,2749
7/16/2012,488.95,41106,2752
7/17/2012,496.14,41107,2753
7/18/2012,493.53,41108,2754
7/19/2012,482.63,41109,2755
7/20/2012,480.5,41110,2756
7/23/2012,478.91,41113,2759
7/24/2012,474.66,41114,2760
7/25/2012,463.94,41115,2761
7/26/2012,459.02,41116,2762
7/27/2012,454.87,41117,2763
7/30/2012,451.97,41120,2766
7/31/2012,448.59,41121,2767
8/1/2012,447.19,41122,2768
8/2/2012,450.38,41123,2769
8/3/2012,456.8,41124,2770
8/6/2012,444.78,41127,2773
8/7/2012,437.44,41128,2774
8/8/2012,437.54,41129,2775
8/9/2012,439.08,41130,2776
8/10/2012,436.62,41131,2777
8/13/2012,440.82,41134,2780
8/14/2012,449.08,41135,2781
8/15/2012,449.08,41136,2782
8/16/2012,451.68,41137,2783
8/17/2012,453.71,41138,2784
8/20/2012,453.71,41141,2787
8/21/2012,457.38,41142,2788
8/22/2012,457.76,41143,2789
8/23/2012,461.87,41144,2790
8/24/2012,468.1,41145,2791
8/27/2012,472.63,41148,2794
8/28/2012,471.57,41149,2795
8/29/2012,471.09,41150,2796
8/30/2012,472.58,41151,2797
8/31/2012,483.69,41152,2798
9/3/2012,486.92,41155,2801
9/4/2012,489.14,41156,2802
9/5/2012,485.52,41157,2803
9/6/2012,487.55,41158,2804
9/7/2012,480.31,41159,2805
9/10/2012,479,41162,2808
9/11/2012,473.12,41163,2809
9/12/2012,473.98,41164,2810
9/13/2012,471.09,41165,2811
9/14/2012,471.91,41166,2812
9/17/2012,473.69,41169,2815
9/18/2012,471.28,41170,2816
9/19/2012,471.28,41171,2817
9/20/2012,467.37,41172,2818
9/21/2012,463.56,41173,2819
9/24/2012,457.62,41176,2822
9/25/2012,453.95,41177,2823
9/26/2012,461.72,41178,2824
9/27/2012,463.85,41179,2825
9/28/2012,459.31,41180,2826
10/1/2012,460.52,41183,2829
10/2/2012,460.52,41184,2830
10/3/2012,456.61,41185,2831
10/4/2012,461.19,41186,2832
10/5/2012,469.45,41187,2833
10/8/2012,475.29,41190,2836
10/9/2012,492.18,41191,2837
10/10/2012,486.92,41192,2838
10/11/2012,483.3,41193,2839
10/12/2012,476.49,41194,2840
10/15/2012,473.6,41197,2843
10/16/2012,478.47,41198,2844
10/17/2012,471.62,41199,2845
10/18/2012,471.57,41200,2846
10/19/2012,468.72,41201,2847
10/22/2012,471.96,41204,2850
10/23/2012,465.78,41205,2851
10/24/2012,465.78,41206,2852
10/25/2012,473.94,41207,2853
10/26/2012,473.94,41208,2854
10/29/2012,472.2,41211,2857
10/30/2012,467.61,41212,2858
10/31/2012,466.94,41213,2859
11/1/2012,460.52,41214,2860
11/2/2012,458.49,41215,2861
11/5/2012,456.22,41218,2864
11/6/2012,463.36,41219,2865
11/7/2012,452.7,41220,2866
11/8/2012,453.42,41221,2867
11/9/2012,449.7,41222,2868
11/12/2012,444.73,41225,2871
11/13/2012,444.73,41226,2872
11/14/2012,444.73,41227,2873
11/15/2012,453.18,41228,2874
11/16/2012,460.56,41229,2875
11/19/2012,459.21,41232,2878
11/20/2012,465.2,41233,2879
11/21/2012,458.92,41234,2880
11/22/2012,461.53,41235,2881
11/23/2012,467.08,41236,2882
11/26/2012,471.86,41239,2885
11/27/2012,467.47,41240,2886
11/28/2012,467.47,41241,2887
11/29/2012,476.16,41242,2888
11/30/2012,480.98,41243,2889
12/3/2012,476.93,41246,2892
12/4/2012,472.01,41247,2893
12/5/2012,471.52,41248,2894
12/6/2012,477.36,41249,2895
12/7/2012,478.62,41250,2896
12/10/2012,478.23,41253,2899
12/11/2012,481.71,41254,2900
12/12/2012,476.98,41255,2901
12/13/2012,478.81,41256,2902
12/14/2012,481.42,41257,2903
12/17/2012,480.45,41260,2906
12/18/2012,476.78,41261,2907
12/19/2012,480.45,41262,2908
12/20/2012,478.52,41263,2909
12/21/2012,473.5,41264,2910
12/24/2012,475.19,41267,2913
12/25/2012,475.19,41268,2914
12/26/2012,482.38,41269,2915
12/27/2012,475.19,41270,2916
12/28/2012,477.85,41271,2917
12/31/2012,481.51,41274,2920
1/1/2013,484.02,41275,2921
1/2/2013,486.87,41276,2922
1/3/2013,490.16,41277,2923
1/4/2013,492.57,41278,2924
1/7/2013,484.46,41281,2927
1/8/2013,482.82,41282,2928
1/9/2013,487.98,41283,2929
1/10/2013,478.86,41284,2930
1/11/2013,473.21,41285,2931
1/14/2013,468.24,41288,2934
1/15/2013,469.64,41289,2935
1/16/2013,476.88,41290,2936
1/17/2013,472.97,41291,2937
1/18/2013,469.35,41292,2938
1/21/2013,472.58,41295,2941
1/22/2013,473.21,41296,2942
1/23/2013,468.48,41297,2943
1/24/2013,458.3,41298,2944
1/25/2013,467.37,41299,2945
1/28/2013,461.39,41302,2948
1/29/2013,463.61,41303,2949
1/30/2013,459.5,41304,2950
1/31/2013,465.34,41305,2951
2/1/2013,455.5,41306,2952
2/4/2013,453.95,41309,2955
2/5/2013,450.96,41310,2956
2/6/2013,449.8,41311,2957
2/7/2013,449.12,41312,2958
2/8/2013,448.93,41313,2959
2/11/2013,453.57,41316,2962
2/12/2013,460.47,41317,2963
2/13/2013,466.65,41318,2964
2/14/2013,476.06,41319,2965
2/15/2013,473.07,41320,2966
2/18/2013,476.74,41323,2969
2/19/2013,481.42,41324,2970
2/20/2013,481.56,41325,2971
2/21/2013,486.73,41326,2972
2/22/2013,483.93,41327,2973
2/25/2013,481.9,41330,2976
2/26/2013,472.78,41331,2977
2/27/2013,474.13,41332,2978
2/28/2013,464.86,41333,2979
3/1/2013,484.75,41334,2980
3/4/2013,482.96,41337,2983
3/5/2013,483.11,41338,2984
3/6/2013,491.8,41339,2985
3/7/2013,501.26,41340,2986
3/8/2013,509.42,41341,2987
3/11/2013,516.99,41344,2990
3/12/2013,518.64,41345,2991
3/13/2013,518.64,41346,2992
3/14/2013,518.93,41347,2993
3/15/2013,521.44,41348,2994
3/18/2013,528.05,41351,2997
3/19/2013,512.75,41352,2998
3/20/2013,510.86,41353,2999
3/21/2013,513.04,41354,3000
3/22/2013,504.54,41355,3001
3/25/2013,502.56,41358,3004
3/26/2013,498.65,41359,3005
3/27/2013,498.65,41360,3006
3/28/2013,506.81,41361,3007
3/29/2013,506.81,41362,3008
4/1/2013,509.22,41365,3011
4/2/2013,509.75,41366,3012
4/3/2013,501.98,41367,3013
4/4/2013,496.24,41368,3014
4/5/2013,498.8,41369,3015
4/8/2013,501.06,41372,3018
4/9/2013,502.27,41373,3019
4/10/2013,506.81,41374,3020
4/11/2013,518.35,41375,3021
4/12/2013,516.08,41376,3022
4/15/2013,508.16,41379,3025
4/16/2013,513.47,41380,3026
4/17/2013,522.06,41381,3027
4/18/2013,527.33,41382,3028
4/19/2013,527.33,41383,3029
4/22/2013,545.09,41386,3032
4/23/2013,537.32,41387,3033
4/24/2013,537.32,41388,3034
4/25/2013,544.17,41389,3035
4/26/2013,546.63,41390,3036
4/29/2013,543.25,41393,3039
4/30/2013,559.81,41394,3040
5/1/2013,559.81,41395,3041
5/2/2013,554.84,41396,3042
5/3/2013,552.91,41397,3043
5/6/2013,557.25,41400,3046
5/7/2013,556.67,41401,3047
5/8/2013,551.41,41402,3048
5/9/2013,557.69,41403,3049
5/10/2013,551.36,41404,3050
5/13/2013,540.99,41407,3053
5/14/2013,545.23,41408,3054
5/15/2013,550.83,41409,3055
5/16/2013,550.79,41410,3056
5/17/2013,550.98,41411,3057
5/20/2013,549.19,41414,3060
5/21/2013,545.52,41415,3061
5/22/2013,546.3,41416,3062
5/23/2013,555.47,41417,3063
5/24/2013,554.94,41418,3064
5/27/2013,642.65,41421,3067
5/28/2013,655.49,41422,3068
5/29/2013,659.78,41423,3069
5/30/2013,675.81,41424,3070
5/31/2013,699.17,41425,3071
6/3/2013,670.74,41428,3074
6/4/2013,654.43,41429,3075
6/5/2013,641.78,41430,3076
6/6/2013,668.18,41431,3077
6/7/2013,666.4,41432,3078
6/10/2013,667.85,41435,3081
6/11/2013,668.81,41436,3082
6/12/2013,660.56,41437,3083
6/13/2013,651.77,41438,3084
6/14/2013,659.06,41439,3085
6/17/2013,650.95,41442,3088
6/18/2013,647.04,41443,3089
6/19/2013,644.53,41444,3090
6/20/2013,647.18,41445,3091
6/21/2013,639.17,41446,3092
6/24/2013,628.12,41449,3095
6/25/2013,625.17,41450,3096
6/26/2013,625.12,41451,3097
6/27/2013,637.77,41452,3098
6/28/2013,651,41453,3099
7/1/2013,663.5,41456,3102
7/2/2013,659.16,41457,3103
7/3/2013,653.89,41458,3104
7/4/2013,664.08,41459,3105
7/5/2013,647.81,41460,3106
7/8/2013,646.12,41463,3109
7/9/2013,652.3,41464,3110
7/10/2013,656.02,41465,3111
7/11/2013,655.34,41466,3112
7/12/2013,654.43,41467,3113
7/15/2013,656.65,41470,3116
7/16/2013,655.92,41471,3117
7/17/2013,675.86,41472,3118
7/18/2013,689.57,41473,3119
7/19/2013,685.51,41474,3120
7/22/2013,695.07,41477,3123
7/23/2013,710.46,41478,3124
7/24/2013,708.89,41479,3125
7/25/2013,707.48,41480,3126
7/26/2013,697.12,41481,3127
7/29/2013,700,41484,3130
7/30/2013,683.69,41485,3131
7/31/2013,683.01,41486,3132
8/1/2013,687.06,41487,3133
8/2/2013,692.09,41488,3134
8/5/2013,718.13,41491,3137
8/6/2013,706.5,41492,3138
8/7/2013,688.09,41493,3139
8/8/2013,678.17,41494,3140
8/9/2013,678.17,41495,3141
8/12/2013,718.08,41498,3144
8/13/2013,730.1,41499,3145
8/14/2013,736.3,41500,3146
8/15/2013,736.3,41501,3147
8/16/2013,725.65,41502,3148
8/19/2013,711.29,41505,3151
8/20/2013,683.98,41506,3152
8/21/2013,670.99,41507,3153
8/22/2013,693.12,41508,3154
8/23/2013,698.1,41509,3155
8/26/2013,689.99,41512,3158
8/27/2013,674.7,41513,3159
8/28/2013,675.87,41514,3160
8/29/2013,688.62,41515,3161
8/30/2013,686.23,41516,3162
9/2/2013,700.69,41519,3165
9/3/2013,712.95,41520,3166
9/4/2013,731.27,41521,3167
9/5/2013,732.73,41522,3168
9/6/2013,715.73,41523,3169
9/9/2013,715.73,41526,3172
9/10/2013,721.6,41527,3173
9/11/2013,727.65,41528,3174
9/12/2013,729.07,41529,3175
9/13/2013,725.85,41530,3176
9/16/2013,715.44,41533,3179
9/17/2013,706.79,41534,3180
9/18/2013,735.32,41535,3181
9/19/2013,747.05,41536,3182
9/20/2013,742.65,41537,3183
9/23/2013,728.53,41540,3186
9/24/2013,734.35,41541,3187
9/25/2013,735.47,41542,3188
9/26/2013,740.99,41543,3189
9/27/2013,758.67,41544,3190
9/30/2013,803.08,41547,3193
10/1/2013,814.9,41548,3194
10/2/2013,814.9,41549,3195
10/3/2013,804.88,41550,3196
10/4/2013,813.53,41551,3197
10/7/2013,826.13,41554,3200
10/8/2013,843.08,41555,3201
10/9/2013,851.24,41556,3202
10/10/2013,837.32,41557,3203
10/11/2013,832.24,41558,3204
10/14/2013,846.99,41561,3207
10/15/2013,822.32,41562,3208
10/16/2013,822.32,41563,3209
10/17/2013,817.97,41564,3210
10/18/2013,844.55,41565,3211
10/21/2013,847.67,41568,3214
10/22/2013,855.44,41569,3215
10/23/2013,895.74,41570,3216
10/24/2013,905.51,41571,3217
10/25/2013,907.61,41572,3218
10/28/2013,899.6,41575,3221
10/29/2013,907.91,41576,3222
10/30/2013,922.95,41577,3223
10/31/2013,917.92,41578,3224
11/1/2013,918.31,41579,3225
11/4/2013,918.31,41582,3228
11/5/2013,911.08,41583,3229
11/6/2013,922.46,41584,3230
11/7/2013,914.45,41585,3231
11/8/2013,898.67,41586,3232
11/11/2013,855.44,41589,3235
11/12/2013,883.53,41590,3236
11/13/2013,868.53,41591,3237
11/14/2013,877.47,41592,3238
11/15/2013,877.47,41593,3239
11/18/2013,874.44,41596,3242
11/19/2013,875.57,41597,3243
11/20/2013,874.69,41598,3244
11/21/2013,858.47,41599,3245
11/22/2013,853.34,41600,3246
11/25/2013,858.71,41603,3249
11/26/2013,868.34,41604,3250
11/27/2013,854.71,41605,3251
11/28/2013,856.47,41606,3252
11/29/2013,856.32,41607,3253
12/2/2013,879.33,41610,3256
12/3/2013,884.31,41611,3257
12/4/2013,869.07,41612,3258
12/5/2013,859.54,41613,3259
12/6/2013,847.48,41614,3260
12/9/2013,849.53,41617,3263
12/10/2013,848.55,41618,3264
12/11/2013,868.78,41619,3265
12/12/2013,859.79,41620,3266
12/13/2013,869.27,41621,3267
12/16/2013,859.5,41624,3270
12/17/2013,867.17,41625,3271
12/18/2013,865.65,41626,3272
12/19/2013,856.27,41627,3273
12/20/2013,873.12,41628,3274
12/23/2013,864.19,41631,3277
12/24/2013,885.24,41632,3278
12/25/2013,885.24,41633,3279
12/26/2013,886.8,41634,3280
12/27/2013,894.57,41635,3281
12/30/2013,897.4,41638,3284
12/31/2013,899.41,41639,3285
1/1/2014,897.31,41640,3286
1/2/2014,888.27,41641,3287
1/3/2014,895.74,41642,3288
1/6/2014,887.98,41645,3291
1/7/2014,883.04,41646,3292
1/8/2014,886.07,41647,3293
1/9/2014,876.89,41648,3294
1/10/2014,875.42,41649,3295
1/13/2014,877.96,41652,3298
1/14/2014,884.21,41653,3299
1/15/2014,886.27,41654,3300
1/16/2014,889.93,41655,3301
1/17/2014,876.1,41656,3302
1/20/2014,867.41,41659,3305
1/21/2014,859.45,41660,3306
1/22/2014,853.88,41661,3307
1/23/2014,852.56,41662,3308
1/24/2014,845.28,41663,3309
1/27/2014,831.46,41666,3312
1/28/2014,845.67,41667,3313
1/29/2014,848.41,41668,3314
1/30/2014,849.78,41669,3315
1/31/2014,862.23,41670,3316
2/3/2014,865.7,41673,3319
2/4/2014,854.56,41674,3320
2/5/2014,850.17,41675,3321
2/6/2014,866.77,41676,3322
2/7/2014,880.06,41677,3323
2/10/2014,889.25,41680,3326
2/11/2014,880.55,41681,3327
2/12/2014,884.9,41682,3328
2/13/2014,878.69,41683,3329
2/14/2014,881.82,41684,3330
2/17/2014,879.82,41687,3333
2/18/2014,892.03,41688,3334
2/19/2014,894.28,41689,3335
2/20/2014,884.12,41690,3336
2/21/2014,874.98,41691,3337
2/24/2014,870.24,41694,3340
2/25/2014,874.54,41695,3341
2/26/2014,866.19,41696,3342
2/27/2014,866.19,41697,3343
2/28/2014,867.95,41698,3344
3/3/2014,846.36,41701,3347
3/4/2014,844.79,41702,3348
3/5/2014,870.54,41703,3349
3/6/2014,863.99,41704,3350
3/7/2014,854.76,41705,3351
3/10/2014,855.1,41708,3354
3/11/2014,853.44,41709,3355
3/12/2014,846.16,41710,3356
3/13/2014,843.03,41711,3357
3/14/2014,838.64,41712,3358
3/17/2014,838.64,41715,3361
3/18/2014,836.24,41716,3362
3/19/2014,834.63,41717,3363
3/20/2014,836.1,41718,3364
3/21/2014,838.54,41719,3365
3/24/2014,826.38,41722,3368
3/25/2014,821.78,41723,3369
3/26/2014,813.63,41724,3370
3/27/2014,797.9,41725,3371
3/28/2014,809.91,41726,3372
3/31/2014,823.98,41729,3375
4/1/2014,821.83,41730,3376
4/2/2014,820.12,41731,3377
4/3/2014,822.71,41732,3378
4/4/2014,841.13,41733,3379
4/7/2014,813.48,41736,3382
4/8/2014,813.48,41737,3383
4/9/2014,835.07,41738,3384
4/10/2014,855.39,41739,3385
4/11/2014,867.9,41740,3386
4/14/2014,867.9,41743,3389
4/15/2014,862.62,41744,3390
4/16/2014,859.69,41745,3391
4/17/2014,864.09,41746,3392
4/18/2014,864.09,41747,3393
4/21/2014,872.54,41750,3396
4/22/2014,891.44,41751,3397
4/23/2014,871.95,41752,3398
4/24/2014,871.95,41753,3399
4/25/2014,869.51,41754,3400
4/28/2014,870.93,41757,3403
4/29/2014,842.94,41758,3404
4/30/2014,844.16,41759,3405
5/1/2014,844.16,41760,3406
5/2/2014,836.15,41761,3407
5/5/2014,840.79,41764,3410
5/6/2014,830.82,41765,3411
5/7/2014,838.59,41766,3412
5/8/2014,838.93,41767,3413
5/9/2014,833.22,41768,3414
5/12/2014,829.55,41771,3417
5/13/2014,854.03,41772,3418
5/14/2014,870.44,41773,3419
5/15/2014,861.3,41774,3420
5/16/2014,843.33,41775,3421
5/19/2014,806.64,41778,3424
5/20/2014,816.22,41779,3425
5/21/2014,818.8,41780,3426
5/22/2014,814.12,41781,3427
5/23/2014,847.09,41782,3428
5/26/2014,849.73,41785,3431
5/27/2014,851.19,41786,3432
5/28/2014,860.52,41787,3433
5/29/2014,849.29,41788,3434
5/30/2014,860.82,41789,3435
6/2/2014,870.78,41792,3438
6/3/2014,877.52,41793,3439
6/4/2014,878.21,41794,3440
6/5/2014,874.35,41795,3441
6/6/2014,864.43,41796,3442
6/9/2014,860.77,41799,3445
6/10/2014,855.69,41800,3446
6/11/2014,946.94,41801,3447
6/12/2014,958.71,41802,3448
6/13/2014,905.07,41803,3449
6/16/2014,926.66,41806,3452
6/17/2014,925.49,41807,3453
6/18/2014,913.18,41808,3454
6/19/2014,897.45,41809,3455
6/20/2014,894.72,41810,3456
6/23/2014,911.08,41813,3459
6/24/2014,920.31,41814,3460
6/25/2014,974.29,41815,3461
6/26/2014,956.66,41816,3462
6/27/2014,953.68,41817,3463
6/30/2014,985.18,41820,3466
7/1/2014,992.8,41821,3467
7/2/2014,1006.53,41822,3468
7/3/2014,994.91,41823,3469
7/4/2014,991.68,41824,3470
7/7/2014,982.2,41827,3473
7/8/2014,996.91,41828,3474
7/9/2014,974.68,41829,3475
7/10/2014,972.09,41830,3476
7/11/2014,961.88,41831,3477
7/14/2014,957.78,41834,3480
7/15/2014,960.96,41835,3481
7/16/2014,954.51,41836,3482
7/17/2014,965.45,41837,3483
7/18/2014,971.75,41838,3484
7/21/2014,1008.58,41841,3487
7/22/2014,1028.55,41842,3488
7/23/2014,1042.8,41843,3489
7/24/2014,1064.5,41844,3490
7/25/2014,1073.75,41845,3491
7/28/2014,1071.15,41848,3494
7/29/2014,1071.15,41849,3495
7/30/2014,1112.15,41850,3496
7/31/2014,1148.4,41851,3497
8/1/2014,1149.5,41852,3498
8/4/2014,1114.75,41855,3501
8/5/2014,1128.75,41856,3502
8/6/2014,1151.6,41857,3503
8/7/2014,1147.65,41858,3504
8/8/2014,1130.1,41859,3505
8/11/2014,1155.95,41862,3508
8/12/2014,1152.45,41863,3509
8/13/2014,1133.7,41864,3510
8/14/2014,1190.95,41865,3511
8/15/2014,1190.95,41866,3512
8/18/2014,1270.1,41869,3515
8/19/2014,1283.5,41870,3516
8/20/2014,1260.1,41871,3517
8/21/2014,1246.2,41872,3518
8/22/2014,1249.75,41873,3519
8/25/2014,1222.35,41876,3522
8/26/2014,1256.6,41877,3523
8/27/2014,1259.85,41878,3524
8/28/2014,1242.9,41879,3525
8/29/2014,1242.9,41880,3526
9/1/2014,1262.6,41883,3529
9/2/2014,1257.15,41884,3530
9/3/2014,1281.7,41885,3531
9/4/2014,1254.4,41886,3532
9/5/2014,1260.85,41887,3533
9/8/2014,1271.05,41890,3536
9/9/2014,1275.05,41891,3537
9/10/2014,1306.05,41892,3538
9/11/2014,1345.9,41893,3539
9/12/2014,1381.7,41894,3540
9/15/2014,1461.4,41897,3543
9/16/2014,1436.35,41898,3544
9/17/2014,1453.15,41899,3545
9/18/2014,1414.15,41900,3546
9/19/2014,1375.2,41901,3547
9/22/2014,1369.4,41904,3550
9/23/2014,1386.35,41905,3551
9/24/2014,1391.65,41906,3552
9/25/2014,1404,41907,3553
9/26/2014,1407.95,41908,3554
9/29/2014,1408.8,41911,3557
9/30/2014,1392.05,41912,3558
10/1/2014,1398.9,41913,3559
10/2/2014,1398.2,41914,3560
10/3/2014,1398.2,41915,3561
10/6/2014,1398.2,41918,3564
10/7/2014,1401.55,41919,3565
10/8/2014,1371.7,41920,3566
10/9/2014,1351.85,41921,3567
10/10/2014,1331.8,41922,3568
10/13/2014,1343.1,41925,3571
10/14/2014,1340,41926,3572
10/15/2014,1340,41927,3573
10/16/2014,1323.8,41928,3574
10/17/2014,1342.95,41929,3575
10/20/2014,1360.05,41932,3578
10/21/2014,1391.1,41933,3579
10/22/2014,1404.85,41934,3580
10/23/2014,1404.85,41935,3581
10/24/2014,1404.85,41936,3582
