1/3/2005,647.53,38355.00,1.00
1/4/2005,656.21,38356.00,2.00
1/5/2005,650.63,38357.00,3.00
1/6/2005,629.84,38358.00,4.00
1/7/2005,635,38359.00,5.00
1/10/2005,627.02,38362.00,8.00
1/11/2005,619.65,38363.00,9.00
1/12/2005,599.85,38364.00,10.00
1/13/2005,602.01,38365.00,11.00
1/14/2005,601.21,38366.00,12.00
1/17/2005,591.21,38369.00,15.00
1/18/2005,590.37,38370.00,16.00
1/19/2005,587.79,38371.00,17.00
1/20/2005,592.2,38372.00,18.00
1/25/2005,589.99,38377.00,23.00
1/27/2005,589.57,38379.00,25.00
1/28/2005,631.15,38380.00,26.00
1/31/2005,637.49,38383.00,29.00
2/1/2005,635.38,38384.00,30.00
2/2/2005,639.79,38385.00,31.00
2/3/2005,633.45,38386.00,32.00
2/4/2005,622.19,38387.00,33.00
2/7/2005,622.61,38390.00,36.00
2/8/2005,621.3,38391.00,37.00
2/9/2005,614.07,38392.00,38.00
2/10/2005,606.47,38393.00,39.00
2/11/2005,614.02,38394.00,40.00
2/14/2005,613.55,38397.00,43.00
2/15/2005,613.18,38398.00,44.00
2/16/2005,611.11,38399.00,45.00
2/17/2005,607.08,38400.00,46.00
2/18/2005,602.76,38401.00,47.00
2/21/2005,594.54,38404.00,50.00
2/22/2005,595.06,38405.00,51.00
2/23/2005,588.63,38406.00,52.00
2/24/2005,600.65,38407.00,53.00
2/25/2005,597.6,38408.00,54.00
2/28/2005,594.87,38411.00,57.00
3/1/2005,597.08,38412.00,58.00
3/2/2005,600.83,38413.00,59.00
3/3/2005,598.39,38414.00,60.00
3/4/2005,591.96,38415.00,61.00
3/7/2005,587.55,38418.00,64.00
3/8/2005,588.21,38419.00,65.00
3/9/2005,584.41,38420.00,66.00
3/11/2005,585.72,38422.00,68.00
3/14/2005,584.92,38425.00,71.00
3/15/2005,610.31,38426.00,72.00
3/16/2005,643.12,38427.00,73.00
3/18/2005,646.87,38429.00,75.00
3/21/2005,646.26,38432.00,78.00
3/22/2005,640.91,38433.00,79.00
3/23/2005,639.6,38434.00,80.00
3/24/2005,638.47,38435.00,81.00
3/28/2005,640.3,38439.00,85.00
3/29/2005,638.76,38440.00,86.00
3/30/2005,633.45,38441.00,87.00
3/31/2005,636.55,38442.00,88.00
4/1/2005,637.39,38443.00,89.00
4/4/2005,633.59,38446.00,92.00
4/5/2005,640.73,38447.00,93.00
4/6/2005,631.95,38448.00,94.00
4/7/2005,637.91,38449.00,95.00
4/8/2005,637.35,38450.00,96.00
4/12/2005,631.48,38454.00,100.00
4/13/2005,625.38,38455.00,101.00
4/15/2005,621.16,38457.00,103.00
4/18/2005,627.91,38460.00,106.00
4/19/2005,614.59,38461.00,107.00
4/20/2005,611.63,38462.00,108.00
4/21/2005,632.42,38463.00,109.00
4/22/2005,635.75,38464.00,110.00
4/25/2005,621.25,38467.00,113.00
4/26/2005,616.18,38468.00,114.00
4/27/2005,626.55,38469.00,115.00
4/28/2005,623.55,38470.00,116.00
4/29/2005,632.61,38471.00,117.00
5/2/2005,624.21,38474.00,120.00
5/3/2005,623.97,38475.00,121.00
5/4/2005,617.87,38476.00,122.00
5/5/2005,611.16,38477.00,123.00
5/6/2005,628.66,38478.00,124.00
5/9/2005,616.65,38481.00,127.00
5/10/2005,617.4,38482.00,128.00
5/11/2005,616.46,38483.00,129.00
5/12/2005,617.78,38484.00,130.00
5/13/2005,614.82,38485.00,131.00
5/16/2005,627.4,38488.00,134.00
5/17/2005,626.18,38489.00,135.00
5/19/2005,627.96,38491.00,137.00
5/20/2005,636.74,38492.00,138.00
5/23/2005,629.84,38495.00,141.00
5/24/2005,625.71,38496.00,142.00
5/25/2005,630.64,38497.00,143.00
5/26/2005,632.09,38498.00,144.00
5/30/2005,630.45,38502.00,148.00
5/31/2005,630.78,38503.00,149.00
6/1/2005,625.24,38504.00,150.00
6/2/2005,626.08,38505.00,151.00
6/6/2005,637.54,38509.00,155.00
6/7/2005,634.39,38510.00,156.00
6/8/2005,637.07,38511.00,157.00
6/9/2005,659.55,38512.00,158.00
6/10/2005,725.53,38513.00,159.00
6/14/2005,714.04,38517.00,163.00
6/15/2005,694.37,38518.00,164.00
6/16/2005,675.69,38519.00,165.00
6/17/2005,659.88,38520.00,166.00
6/20/2005,645.94,38523.00,169.00
6/21/2005,647.58,38524.00,170.00
6/22/2005,646.12,38525.00,171.00
6/23/2005,636.6,38526.00,172.00
6/24/2005,652.93,38527.00,173.00
6/27/2005,642.51,38530.00,176.00
6/28/2005,642.65,38531.00,177.00
6/29/2005,646.59,38532.00,178.00
6/30/2005,638.57,38533.00,179.00
7/4/2005,642.09,38537.00,183.00
7/5/2005,638.1,38538.00,184.00
7/6/2005,639.79,38539.00,185.00
7/7/2005,635.24,38540.00,186.00
7/8/2005,652.08,38541.00,187.00
7/11/2005,686.44,38544.00,190.00
7/13/2005,681.37,38546.00,192.00
7/14/2005,678.7,38547.00,193.00
7/15/2005,681.09,38548.00,194.00
7/18/2005,675.69,38551.00,197.00
7/19/2005,673.77,38552.00,198.00
7/20/2005,672.36,38553.00,199.00
7/21/2005,675.93,38554.00,200.00
7/22/2005,673.91,38555.00,201.00
7/25/2005,666.45,38558.00,204.00
7/26/2005,654.38,38559.00,205.00
7/27/2005,647.34,38560.00,206.00
7/29/2005,625.47,38562.00,208.00
8/1/2005,620.36,38565.00,211.00
8/2/2005,615.52,38566.00,212.00
8/3/2005,638.47,38567.00,213.00
8/4/2005,657.11,38568.00,214.00
8/5/2005,653.91,38569.00,215.00
8/8/2005,645.8,38572.00,218.00
8/9/2005,638.43,38573.00,219.00
8/10/2005,636.08,38574.00,220.00
8/11/2005,642.13,38575.00,221.00
8/12/2005,655.6,38576.00,222.00
8/16/2005,669.82,38580.00,226.00
8/17/2005,661.61,38581.00,227.00
8/18/2005,647.48,38582.00,228.00
8/19/2005,658.04,38583.00,229.00
8/22/2005,644.9,38586.00,232.00
8/24/2005,644.29,38588.00,234.00
8/25/2005,645.7,38589.00,235.00
8/26/2005,641.52,38590.00,236.00
8/29/2005,679.16,38593.00,239.00
8/30/2005,666.31,38594.00,240.00
8/31/2005,673.02,38595.00,241.00
9/1/2005,670.67,38596.00,242.00
9/2/2005,662.13,38597.00,243.00
9/5/2005,666.59,38600.00,246.00
9/6/2005,676.11,38601.00,247.00
9/8/2005,675.27,38603.00,249.00
9/9/2005,667.43,38604.00,250.00
9/12/2005,672.36,38607.00,253.00
9/13/2005,683.11,38608.00,254.00
9/14/2005,681.98,38609.00,255.00
9/15/2005,684.23,38610.00,256.00
9/16/2005,684.94,38611.00,257.00
9/19/2005,688.88,38614.00,260.00
9/20/2005,681.14,38615.00,261.00
9/22/2005,662.03,38617.00,263.00
9/23/2005,655.09,38618.00,264.00
9/26/2005,656.82,38621.00,267.00
9/27/2005,654.38,38622.00,268.00
9/28/2005,655.37,38623.00,269.00
9/29/2005,652.37,38624.00,270.00
9/30/2005,661.61,38625.00,271.00
10/3/2005,670.15,38628.00,274.00
10/4/2005,673.86,38629.00,275.00
10/5/2005,668.7,38630.00,276.00
10/6/2005,665.18,38631.00,277.00
10/7/2005,658.23,38632.00,278.00
10/10/2005,662.79,38635.00,281.00
10/11/2005,657.76,38636.00,282.00
10/13/2005,651.57,38638.00,284.00
10/14/2005,640.68,38639.00,285.00
10/17/2005,647.06,38642.00,288.00
10/18/2005,650.72,38643.00,289.00
10/19/2005,631.53,38644.00,290.00
10/20/2005,630.26,38645.00,291.00
10/21/2005,630.31,38646.00,292.00
10/24/2005,626.32,38649.00,295.00
10/25/2005,629.23,38650.00,296.00
10/26/2005,631.53,38651.00,297.00
10/27/2005,629.89,38652.00,298.00
10/28/2005,626.93,38653.00,299.00
10/31/2005,628.52,38656.00,302.00
11/2/2005,628.76,38658.00,304.00
11/7/2005,635.56,38663.00,309.00
11/8/2005,639.83,38664.00,310.00
11/9/2005,656.12,38665.00,311.00
11/10/2005,648.8,38666.00,312.00
11/11/2005,663.3,38667.00,313.00
11/14/2005,648.56,38670.00,316.00
11/16/2005,646.73,38672.00,318.00
11/17/2005,643.12,38673.00,319.00
11/18/2005,645.65,38674.00,320.00
11/21/2005,640.54,38677.00,323.00
11/22/2005,645.37,38678.00,324.00
11/23/2005,638.47,38679.00,325.00
11/24/2005,651.9,38680.00,326.00
11/25/2005,649.32,38681.00,327.00
11/28/2005,645.65,38684.00,330.00
11/29/2005,640.87,38685.00,331.00
11/30/2005,642.84,38686.00,332.00
12/1/2005,648,38687.00,333.00
12/2/2005,650.39,38688.00,334.00
12/5/2005,644.62,38691.00,337.00
12/6/2005,651.94,38692.00,338.00
12/7/2005,662.88,38693.00,339.00
12/8/2005,665.69,38694.00,340.00
12/9/2005,674.8,38695.00,341.00
12/12/2005,680.01,38698.00,344.00
12/13/2005,678.09,38699.00,345.00
12/14/2005,675.27,38700.00,346.00
12/15/2005,663.25,38701.00,347.00
12/16/2005,667.9,38702.00,348.00
12/19/2005,676.16,38705.00,351.00
12/20/2005,670.72,38706.00,352.00
12/21/2005,680.38,38707.00,353.00
12/22/2005,686.35,38708.00,354.00
12/23/2005,676.44,38709.00,355.00
12/26/2005,672.41,38712.00,358.00
12/27/2005,694.09,38713.00,359.00
12/28/2005,687.75,38714.00,360.00
12/29/2005,687.57,38715.00,361.00
12/30/2005,684.89,38716.00,362.00
1/2/2006,721.45,38719.00,365.00
1/3/2006,737.22,38720.00,366.00
1/4/2006,772,38721.00,367.00
1/5/2006,759.37,38722.00,368.00
1/6/2006,746.51,38723.00,369.00
1/9/2006,757.03,38726.00,372.00
1/10/2006,743.27,38727.00,373.00
1/12/2006,749.19,38729.00,375.00
1/13/2006,746.14,38730.00,376.00
1/16/2006,753.32,38733.00,379.00
1/18/2006,732.9,38735.00,381.00
1/19/2006,735.44,38736.00,382.00
1/23/2006,744.5,38740.00,386.00
1/24/2006,762,38741.00,387.00
1/25/2006,774.3,38742.00,388.00
1/27/2006,791.05,38744.00,390.00
1/30/2006,845.21,38747.00,393.00
1/31/2006,861.03,38748.00,394.00
2/1/2006,857.98,38749.00,395.00
2/2/2006,841.51,38750.00,396.00
2/3/2006,847.28,38751.00,397.00
2/6/2006,858.87,38754.00,400.00
2/7/2006,835.22,38755.00,401.00
2/8/2006,837.56,38756.00,402.00
2/10/2006,839.77,38758.00,404.00
2/13/2006,846.43,38761.00,407.00
2/14/2006,850.14,38762.00,408.00
2/15/2006,892.8,38763.00,409.00
2/16/2006,932.65,38764.00,410.00
2/17/2006,920.12,38765.00,411.00
2/20/2006,917.11,38768.00,414.00
2/22/2006,887.59,38770.00,416.00
2/23/2006,881.63,38771.00,417.00
2/24/2006,907.59,38772.00,418.00
2/27/2006,898.01,38775.00,421.00
2/28/2006,891.35,38776.00,422.00
3/1/2006,900.27,38777.00,423.00
3/2/2006,888.11,38778.00,424.00
3/3/2006,887.87,38779.00,425.00
3/6/2006,888.2,38782.00,428.00
3/7/2006,903.13,38783.00,429.00
3/8/2006,881.44,38784.00,430.00
3/9/2006,873.28,38785.00,431.00
3/10/2006,869.57,38786.00,432.00
3/13/2006,865.77,38789.00,435.00
3/14/2006,861.26,38790.00,436.00
3/16/2006,860.84,38792.00,438.00
3/17/2006,850.89,38793.00,439.00
3/20/2006,838.03,38796.00,442.00
3/21/2006,850.47,38797.00,443.00
3/22/2006,839.49,38798.00,444.00
3/23/2006,859.67,38799.00,445.00
3/24/2006,853.1,38800.00,446.00
3/27/2006,851.03,38803.00,449.00
3/28/2006,838.45,38804.00,450.00
3/30/2006,850.28,38806.00,452.00
3/31/2006,850.05,38807.00,453.00
4/3/2006,852.91,38810.00,456.00
4/4/2006,847.14,38811.00,457.00
4/5/2006,857.18,38812.00,458.00
4/7/2006,854.08,38814.00,460.00
4/10/2006,852.58,38817.00,463.00
4/13/2006,845.03,38820.00,466.00
4/17/2006,839.67,38824.00,470.00
4/18/2006,848.17,38825.00,471.00
4/19/2006,838.69,38826.00,472.00
4/20/2006,839.02,38827.00,473.00
4/21/2006,847.04,38828.00,474.00
4/24/2006,865.91,38831.00,477.00
4/25/2006,858.73,38832.00,478.00
4/26/2006,857.6,38833.00,479.00
4/27/2006,858.92,38834.00,480.00
5/2/2006,837.09,38839.00,485.00
5/3/2006,839.91,38840.00,486.00
5/4/2006,838.97,38841.00,487.00
5/5/2006,826.49,38842.00,488.00
5/8/2006,822.12,38845.00,491.00
5/9/2006,821.79,38846.00,492.00
5/10/2006,832.35,38847.00,493.00
5/11/2006,822.4,38848.00,494.00
5/12/2006,819.92,38849.00,495.00
5/15/2006,801.14,38852.00,498.00
5/16/2006,791.29,38853.00,499.00
5/17/2006,832.35,38854.00,500.00
5/18/2006,778.52,38855.00,501.00
5/19/2006,738.39,38856.00,502.00
5/22/2006,741.35,38859.00,505.00
5/23/2006,758.86,38860.00,506.00
5/24/2006,742.85,38861.00,507.00
5/25/2006,742.2,38862.00,508.00
5/26/2006,747.69,38863.00,509.00
5/29/2006,749.47,38866.00,512.00
5/30/2006,743.56,38867.00,513.00
6/1/2006,736.33,38869.00,515.00
6/2/2006,727.97,38870.00,516.00
6/5/2006,691.7,38873.00,519.00
6/6/2006,684.84,38874.00,520.00
6/7/2006,648.33,38875.00,521.00
6/8/2006,628.71,38876.00,522.00
6/9/2006,695.45,38877.00,523.00
6/12/2006,675.79,38880.00,526.00
6/13/2006,669.97,38881.00,527.00
6/14/2006,668.98,38882.00,528.00
6/19/2006,676.49,38887.00,533.00
6/20/2006,671.94,38888.00,534.00
6/21/2006,674.89,38889.00,535.00
6/22/2006,709.44,38890.00,536.00
6/23/2006,704.7,38891.00,537.00
6/26/2006,687.66,38894.00,540.00
6/27/2006,685.22,38895.00,541.00
6/28/2006,667.9,38896.00,542.00
6/29/2006,676.77,38897.00,543.00
6/30/2006,687,38898.00,544.00
7/3/2006,693.9,38901.00,547.00
7/4/2006,702.58,38902.00,548.00
7/5/2006,708.54,38903.00,549.00
7/6/2006,700.43,38904.00,550.00
7/7/2006,690.24,38905.00,551.00
7/10/2006,681.93,38908.00,554.00
7/11/2006,698.64,38909.00,555.00
7/12/2006,696.86,38910.00,556.00
7/13/2006,716.38,38911.00,557.00
7/14/2006,704.84,38912.00,558.00
7/17/2006,686.11,38915.00,561.00
7/18/2006,689.91,38916.00,562.00
7/19/2006,688.93,38917.00,563.00
7/20/2006,690.05,38918.00,564.00
7/21/2006,673.25,38919.00,565.00
7/24/2006,684.94,38922.00,568.00
7/25/2006,678.23,38923.00,569.00
7/26/2006,685.74,38924.00,570.00
7/27/2006,686.02,38925.00,571.00
7/28/2006,697.23,38926.00,572.00
7/31/2006,703.9,38929.00,575.00
8/1/2006,704.41,38930.00,576.00
8/2/2006,709.58,38931.00,577.00
8/4/2006,693.57,38933.00,579.00
8/7/2006,699.72,38936.00,582.00
8/8/2006,711.88,38937.00,583.00
8/9/2006,700.75,38938.00,584.00
8/10/2006,699.91,38939.00,585.00
8/11/2006,712.16,38940.00,586.00
8/14/2006,783.4,38943.00,589.00
8/16/2006,776.69,38945.00,591.00
8/17/2006,755.38,38946.00,592.00
8/18/2006,755.34,38947.00,593.00
8/21/2006,765.61,38950.00,596.00
8/22/2006,768.24,38951.00,597.00
8/23/2006,765.29,38952.00,598.00
8/24/2006,768.62,38953.00,599.00
8/25/2006,765.19,38954.00,600.00
8/28/2006,769.6,38957.00,603.00
8/29/2006,771.62,38958.00,604.00
8/30/2006,773.22,38959.00,605.00
8/31/2006,770.26,38960.00,606.00
9/1/2006,771.11,38961.00,607.00
9/4/2006,771.11,38964.00,610.00
9/5/2006,775.19,38965.00,611.00
9/6/2006,772.56,38966.00,612.00
9/7/2006,778.99,38967.00,613.00
9/8/2006,838.22,38968.00,614.00
9/11/2006,826.96,38971.00,617.00
9/12/2006,840.94,38972.00,618.00
9/13/2006,838.41,38973.00,619.00
9/14/2006,835.22,38974.00,620.00
9/15/2006,818.23,38975.00,621.00
9/18/2006,819.49,38978.00,624.00
9/19/2006,812.13,38979.00,625.00
9/20/2006,808.23,38980.00,626.00
9/21/2006,809.68,38981.00,627.00
9/22/2006,805.04,38982.00,628.00
9/25/2006,808.14,38985.00,631.00
9/26/2006,807.29,38986.00,632.00
9/27/2006,810.25,38987.00,633.00
9/28/2006,807.62,38988.00,634.00
9/29/2006,816.4,38989.00,635.00
10/3/2006,817.43,38993.00,639.00
10/4/2006,819.96,38994.00,640.00
10/5/2006,810.95,38995.00,641.00
10/6/2006,807.24,38996.00,642.00
10/9/2006,821.23,38999.00,645.00
10/10/2006,826.21,39000.00,646.00
10/11/2006,819.45,39001.00,647.00
10/12/2006,822.31,39002.00,648.00
10/13/2006,813.02,39003.00,649.00
10/16/2006,801.57,39006.00,652.00
10/17/2006,794.48,39007.00,653.00
10/18/2006,802.97,39008.00,654.00
10/19/2006,811.09,39009.00,655.00
10/20/2006,807.48,39010.00,656.00
10/23/2006,811.56,39013.00,659.00
10/26/2006,816.63,39016.00,662.00
10/27/2006,822.03,39017.00,663.00
10/30/2006,815.5,39020.00,666.00
10/31/2006,811.09,39021.00,667.00
11/1/2006,808.23,39022.00,668.00
11/2/2006,821.32,39023.00,669.00
11/3/2006,805.98,39024.00,670.00
11/6/2006,823.86,39027.00,673.00
11/7/2006,856.62,39028.00,674.00
11/8/2006,866.52,39029.00,675.00
11/9/2006,876.89,39030.00,676.00
11/10/2006,870.56,39031.00,677.00
11/13/2006,865.16,39034.00,680.00
11/14/2006,850.09,39035.00,681.00
11/15/2006,837.99,39036.00,682.00
11/16/2006,833.1,39037.00,683.00
11/17/2006,820.24,39038.00,684.00
11/20/2006,815.83,39041.00,687.00
11/21/2006,825.41,39042.00,688.00
11/22/2006,844.84,39043.00,689.00
11/23/2006,857.42,39044.00,690.00
11/24/2006,844.04,39045.00,691.00
11/27/2006,847.79,39048.00,694.00
11/28/2006,832.96,39049.00,695.00
11/29/2006,829.54,39050.00,696.00
11/30/2006,821.51,39051.00,697.00
12/1/2006,825.22,39052.00,698.00
12/4/2006,834.37,39055.00,701.00
12/5/2006,832.82,39056.00,702.00
12/6/2006,831.09,39057.00,703.00
12/7/2006,836.95,39058.00,704.00
12/8/2006,833.39,39059.00,705.00
12/11/2006,816.16,39062.00,708.00
12/12/2006,770.21,39063.00,709.00
12/13/2006,797.76,39064.00,710.00
12/14/2006,815.69,39065.00,711.00
12/15/2006,825.83,39066.00,712.00
12/18/2006,816.4,39069.00,715.00
12/19/2006,821.09,39070.00,716.00
12/20/2006,822.07,39071.00,717.00
12/21/2006,812.55,39072.00,718.00
12/22/2006,806.45,39073.00,719.00
12/26/2006,806.87,39077.00,723.00
12/27/2006,809.17,39078.00,724.00
12/28/2006,808.89,39079.00,725.00
12/29/2006,803.82,39080.00,726.00
1/2/2007,817.66,39084.00,730.00
1/3/2007,815.74,39085.00,731.00
1/4/2007,811.98,39086.00,732.00
1/5/2007,807.34,39087.00,733.00
1/8/2007,803.91,39090.00,736.00
1/9/2007,805.46,39091.00,737.00
1/10/2007,799.59,39092.00,738.00
1/11/2007,805.79,39093.00,739.00
1/12/2007,822.03,39094.00,740.00
1/15/2007,821.56,39097.00,743.00
1/16/2007,823.91,39098.00,744.00
1/17/2007,824.75,39099.00,745.00
1/18/2007,849.11,39100.00,746.00
1/19/2007,852.3,39101.00,747.00
1/22/2007,835.45,39104.00,750.00
1/23/2007,831.65,39105.00,751.00
1/24/2007,843.8,39106.00,752.00
1/25/2007,835.4,39107.00,753.00
1/29/2007,845.59,39111.00,757.00
1/31/2007,868.35,39113.00,759.00
2/1/2007,861.5,39114.00,760.00
2/2/2007,862.77,39115.00,761.00
2/5/2007,857.7,39118.00,764.00
2/6/2007,846.71,39119.00,765.00
2/7/2007,845.12,39120.00,766.00
2/8/2007,840.24,39121.00,767.00
2/9/2007,839.49,39122.00,768.00
2/12/2007,795.09,39125.00,771.00
2/13/2007,802.27,39126.00,772.00
2/14/2007,806.07,39127.00,773.00
2/15/2007,798.51,39128.00,774.00
2/19/2007,821.89,39132.00,778.00
2/20/2007,835.4,39133.00,779.00
2/21/2007,837.47,39134.00,780.00
2/22/2007,826.86,39135.00,781.00
2/23/2007,812.41,39136.00,782.00
2/26/2007,816.63,39139.00,785.00
2/27/2007,817.05,39140.00,786.00
2/28/2007,807.62,39141.00,787.00
3/1/2007,804.85,39142.00,788.00
3/2/2007,803.91,39143.00,789.00
3/5/2007,752.71,39146.00,792.00
3/6/2007,769.89,39147.00,793.00
3/7/2007,733.65,39148.00,794.00
3/8/2007,751.86,39149.00,795.00
3/9/2007,755.85,39150.00,796.00
3/12/2007,757.5,39153.00,799.00
3/13/2007,777.21,39154.00,800.00
3/14/2007,760.83,39155.00,801.00
3/15/2007,760.59,39156.00,802.00
3/16/2007,755.48,39157.00,803.00
3/19/2007,761.53,39160.00,806.00
3/20/2007,771.53,39161.00,807.00
3/21/2007,771.76,39162.00,808.00
3/22/2007,768.85,39163.00,809.00
3/23/2007,779.08,39164.00,810.00
3/26/2007,761.72,39167.00,813.00
3/28/2007,759.7,39169.00,815.00
3/29/2007,765,39170.00,816.00
3/30/2007,767.49,39171.00,817.00
4/2/2007,762.28,39174.00,820.00
4/3/2007,769.7,39175.00,821.00
4/4/2007,784.25,39176.00,822.00
4/5/2007,783.78,39177.00,823.00
4/9/2007,788.42,39181.00,827.00
4/10/2007,812.55,39182.00,828.00
4/11/2007,805.41,39183.00,829.00
4/12/2007,806.31,39184.00,830.00
4/13/2007,816.63,39185.00,831.00
4/16/2007,824.19,39188.00,834.00
4/17/2007,821.32,39189.00,835.00
4/18/2007,821.51,39190.00,836.00
4/19/2007,814.57,39191.00,837.00
4/20/2007,807.81,39192.00,838.00
4/23/2007,807.76,39195.00,841.00
4/24/2007,801.33,39196.00,842.00
4/25/2007,805.51,39197.00,843.00
4/26/2007,818.65,39198.00,844.00
4/27/2007,803.54,39199.00,845.00
4/30/2007,819.96,39202.00,848.00
5/3/2007,842.73,39205.00,851.00
5/4/2007,826.39,39206.00,852.00
5/7/2007,817.15,39209.00,855.00
5/8/2007,819.45,39210.00,856.00
5/9/2007,830.1,39211.00,857.00
5/10/2007,837.52,39212.00,858.00
5/11/2007,838.55,39213.00,859.00
5/14/2007,844.09,39216.00,862.00
5/15/2007,861.45,39217.00,863.00
5/16/2007,857.65,39218.00,864.00
5/17/2007,860.56,39219.00,865.00
5/18/2007,844.79,39220.00,866.00
5/21/2007,843.57,39223.00,869.00
5/22/2007,841.32,39224.00,870.00
5/23/2007,823.39,39225.00,871.00
5/24/2007,824.89,39226.00,872.00
5/25/2007,823.48,39227.00,873.00
5/28/2007,855.49,39230.00,876.00
5/29/2007,854.55,39231.00,877.00
5/30/2007,862.81,39232.00,878.00
5/31/2007,866.52,39233.00,879.00
6/4/2007,871.54,39237.00,883.00
6/5/2007,876.19,39238.00,884.00
6/6/2007,864.64,39239.00,885.00
6/7/2007,860,39240.00,886.00
6/8/2007,869.43,39241.00,887.00
6/11/2007,882.34,39244.00,890.00
6/12/2007,886.09,39245.00,891.00
6/13/2007,880.04,39246.00,892.00
6/14/2007,876.47,39247.00,893.00
6/15/2007,890.6,39248.00,894.00
6/18/2007,880.13,39251.00,897.00
6/19/2007,875.95,39252.00,898.00
6/20/2007,858.96,39253.00,899.00
6/21/2007,851.92,39254.00,900.00
6/22/2007,848.64,39255.00,901.00
6/25/2007,869.66,39258.00,904.00
6/26/2007,861.83,39259.00,905.00
6/27/2007,861.4,39260.00,906.00
6/28/2007,861.17,39261.00,907.00
6/29/2007,864.03,39262.00,908.00
7/2/2007,872.86,39265.00,911.00
7/3/2007,870.28,39266.00,912.00
7/4/2007,866.47,39267.00,913.00
7/5/2007,860.04,39268.00,914.00
7/6/2007,859.43,39269.00,915.00
7/9/2007,862.95,39272.00,918.00
7/10/2007,868.91,39273.00,919.00
7/11/2007,857.42,39274.00,920.00
7/12/2007,881.07,39275.00,921.00
7/13/2007,881.02,39276.00,922.00
7/16/2007,889.94,39279.00,925.00
7/17/2007,874.64,39280.00,926.00
7/18/2007,873,39281.00,927.00
7/19/2007,871.12,39282.00,928.00
7/20/2007,868.4,39283.00,929.00
7/23/2007,868.35,39286.00,932.00
7/24/2007,859.53,39287.00,933.00
7/25/2007,854.79,39288.00,934.00
7/26/2007,855.35,39289.00,935.00
7/27/2007,839.53,39290.00,936.00
7/30/2007,846.01,39293.00,939.00
7/31/2007,855.68,39294.00,940.00
8/1/2007,845.87,39295.00,941.00
8/2/2007,844.79,39296.00,942.00
8/3/2007,836.48,39297.00,943.00
8/6/2007,855.87,39300.00,946.00
8/7/2007,868.26,39301.00,947.00
8/8/2007,863.99,39302.00,948.00
8/9/2007,853.52,39303.00,949.00
8/10/2007,852.02,39304.00,950.00
8/13/2007,854.18,39307.00,953.00
8/14/2007,863.56,39308.00,954.00
8/16/2007,844.88,39310.00,956.00
8/17/2007,844.79,39311.00,957.00
8/20/2007,826.06,39314.00,960.00
8/21/2007,835.5,39315.00,961.00
8/22/2007,826.06,39316.00,962.00
8/23/2007,821.32,39317.00,963.00
8/24/2007,826.96,39318.00,964.00
8/27/2007,830.71,39321.00,967.00
8/28/2007,816.63,39322.00,968.00
8/29/2007,821.32,39323.00,969.00
8/30/2007,807.24,39324.00,970.00
8/31/2007,808.18,39325.00,971.00
9/3/2007,813.81,39328.00,974.00
9/4/2007,816.63,39329.00,975.00
9/5/2007,821.32,39330.00,976.00
9/6/2007,826.02,39331.00,977.00
9/7/2007,833.53,39332.00,978.00
9/10/2007,834.47,39335.00,981.00
9/11/2007,835.4,39336.00,982.00
9/12/2007,828.93,39337.00,983.00
9/13/2007,821.32,39338.00,984.00
9/14/2007,830.71,39339.00,985.00
9/17/2007,833.53,39342.00,988.00
9/18/2007,827.89,39343.00,989.00
9/19/2007,820.39,39344.00,990.00
9/20/2007,807.24,39345.00,991.00
9/21/2007,830.71,39346.00,992.00
9/24/2007,814.94,39349.00,995.00
9/25/2007,816.58,39350.00,996.00
9/26/2007,815.65,39351.00,997.00
9/27/2007,816.35,39352.00,998.00
9/28/2007,815.22,39353.00,999.00
10/1/2007,816.72,39356.00,1002.00
10/3/2007,816.63,39358.00,1004.00
10/4/2007,807.24,39359.00,1005.00
10/5/2007,806.59,39360.00,1006.00
10/8/2007,785.66,39363.00,1009.00
10/9/2007,794.1,39364.00,1010.00
10/10/2007,794.67,39365.00,1011.00
10/11/2007,815.69,39366.00,1012.00
10/12/2007,811.94,39367.00,1013.00
10/15/2007,811.98,39370.00,1016.00
10/16/2007,803.72,39371.00,1017.00
10/17/2007,795.51,39372.00,1018.00
10/18/2007,793.4,39373.00,1019.00
10/19/2007,793.16,39374.00,1020.00
10/22/2007,784.76,39377.00,1023.00
10/23/2007,783.87,39378.00,1024.00
10/24/2007,794.57,39379.00,1025.00
10/25/2007,793.16,39380.00,1026.00
10/26/2007,816.63,39381.00,1027.00
10/29/2007,797.86,39384.00,1030.00
10/30/2007,801.61,39385.00,1031.00
10/31/2007,788.47,39386.00,1032.00
11/1/2007,797.86,39387.00,1033.00
11/2/2007,807.24,39388.00,1034.00
11/5/2007,793.12,39391.00,1037.00
11/6/2007,783.78,39392.00,1038.00
11/7/2007,794.1,39393.00,1039.00
11/8/2007,783.78,39394.00,1040.00
11/9/2007,821.32,39395.00,1041.00
11/12/2007,811.75,39398.00,1044.00
11/13/2007,811.94,39399.00,1045.00
11/14/2007,803.49,39400.00,1046.00
11/15/2007,797.86,39401.00,1047.00
11/16/2007,793.16,39402.00,1048.00
11/19/2007,815.22,39405.00,1051.00
11/20/2007,834.37,39406.00,1052.00
11/21/2007,816.63,39407.00,1053.00
11/22/2007,795.04,39408.00,1054.00
11/23/2007,787.72,39409.00,1055.00
11/26/2007,796.12,39412.00,1058.00
11/27/2007,789.5,39413.00,1059.00
11/28/2007,792.41,39414.00,1060.00
11/29/2007,771.58,39415.00,1061.00
11/30/2007,797.86,39416.00,1062.00
12/3/2007,808.18,39419.00,1065.00
12/4/2007,810.06,39420.00,1066.00
12/5/2007,797.86,39421.00,1067.00
12/6/2007,795.89,39422.00,1068.00
12/7/2007,802.55,39423.00,1069.00
12/10/2007,844.79,39426.00,1072.00
12/11/2007,859.81,39427.00,1073.00
12/12/2007,948.04,39428.00,1074.00
12/13/2007,1012.81,39429.00,1075.00
12/14/2007,1225.93,39430.00,1076.00
12/17/2007,1318.91,39433.00,1079.00
12/18/2007,1210.87,39434.00,1080.00
12/19/2007,1337.58,39435.00,1081.00
12/20/2007,1337.58,39436.00,1082.00
12/24/2007,1326.32,39440.00,1086.00
12/26/2007,1314.12,39442.00,1088.00
12/27/2007,1282.3,39443.00,1089.00
12/28/2007,1248.41,39444.00,1090.00
12/31/2007,1265.78,39447.00,1093.00
1/1/2008,1257.8,39448.00,1094.00
1/2/2008,1234.33,39449.00,1095.00
1/3/2008,1243.25,39450.00,1096.00
1/4/2008,1215.51,39451.00,1097.00
1/7/2008,1201.48,39454.00,1100.00
1/8/2008,1148.87,39455.00,1101.00
1/9/2008,1121.65,39456.00,1102.00
1/10/2008,1045.66,39457.00,1103.00
1/11/2008,1032.52,39458.00,1104.00
1/14/2008,994.98,39461.00,1107.00
1/15/2008,994.32,39462.00,1108.00
1/16/2008,952.64,39463.00,1109.00
1/17/2008,957.43,39464.00,1110.00
1/18/2008,946.17,39465.00,1111.00
1/21/2008,884.21,39468.00,1114.00
1/22/2008,849.48,39469.00,1115.00
1/23/2008,844.79,39470.00,1116.00
1/24/2008,863.56,39471.00,1117.00
1/25/2008,882.34,39472.00,1118.00
1/28/2008,854.27,39475.00,1121.00
1/29/2008,844.88,39476.00,1122.00
1/30/2008,821.32,39477.00,1123.00
1/31/2008,862.58,39478.00,1124.00
2/1/2008,845.73,39479.00,1125.00
2/4/2008,853.24,39482.00,1128.00
2/5/2008,844.79,39483.00,1129.00
2/6/2008,860.18,39484.00,1130.00
2/7/2008,845.87,39485.00,1131.00
2/8/2008,844.79,39486.00,1132.00
2/11/2008,834.98,39489.00,1135.00
2/12/2008,807.24,39490.00,1136.00
2/13/2008,811,39491.00,1137.00
2/14/2008,831.46,39492.00,1138.00
2/15/2008,827.05,39493.00,1139.00
2/18/2008,843.85,39496.00,1142.00
2/19/2008,863.56,39497.00,1143.00
2/20/2008,844.79,39498.00,1144.00
2/21/2008,858.87,39499.00,1145.00
2/22/2008,844.79,39500.00,1146.00
2/25/2008,836.34,39503.00,1149.00
2/26/2008,821.98,39504.00,1150.00
2/27/2008,826.96,39505.00,1151.00
2/28/2008,820.34,39506.00,1152.00
2/29/2008,820.34,39507.00,1153.00
3/3/2008,821.32,39510.00,1156.00
3/4/2008,809.26,39511.00,1157.00
3/5/2008,811.94,39512.00,1158.00
3/7/2008,807.48,39514.00,1160.00
3/10/2008,826.02,39517.00,1163.00
3/11/2008,874.83,39518.00,1164.00
3/12/2008,863.56,39519.00,1165.00
3/13/2008,835.31,39520.00,1166.00
3/14/2008,825.92,39521.00,1167.00
3/17/2008,778.15,39524.00,1170.00
3/18/2008,787.53,39525.00,1171.00
3/19/2008,796.64,39526.00,1172.00
3/24/2008,783.78,39531.00,1177.00
3/25/2008,797.86,39532.00,1178.00
3/26/2008,810.06,39533.00,1179.00
3/27/2008,812.88,39534.00,1180.00
3/28/2008,829.3,39535.00,1181.00
3/31/2008,807.24,39538.00,1184.00
4/1/2008,835.4,39539.00,1185.00
4/2/2008,838.22,39540.00,1186.00
4/3/2008,832.59,39541.00,1187.00
4/4/2008,813.81,39542.00,1188.00
4/7/2008,835.4,39545.00,1191.00
4/8/2008,813.81,39546.00,1192.00
4/9/2008,822.59,39547.00,1193.00
4/10/2008,816.63,39548.00,1194.00
4/11/2008,811.84,39549.00,1195.00
4/15/2008,825.55,39553.00,1199.00
4/16/2008,829.73,39554.00,1200.00
4/17/2008,835.4,39555.00,1201.00
4/21/2008,861.69,39559.00,1205.00
4/22/2008,863.52,39560.00,1206.00
4/23/2008,845.73,39561.00,1207.00
4/24/2008,915.28,39562.00,1208.00
4/25/2008,950.86,39563.00,1209.00
4/28/2008,954.61,39566.00,1212.00
4/29/2008,948.09,39567.00,1213.00
4/30/2008,962.12,39568.00,1214.00
5/2/2008,962.12,39570.00,1216.00
5/5/2008,964.89,39573.00,1219.00
5/6/2008,962.12,39574.00,1220.00
5/7/2008,962.22,39575.00,1221.00
5/8/2008,930.21,39576.00,1222.00
5/9/2008,948.04,39577.00,1223.00
5/12/2008,924.58,39580.00,1226.00
5/13/2008,946.17,39581.00,1227.00
5/14/2008,938.66,39582.00,1228.00
5/15/2008,940.53,39583.00,1229.00
5/16/2008,938.75,39584.00,1230.00
5/20/2008,918.01,39588.00,1234.00
5/21/2008,919.88,39589.00,1235.00
5/22/2008,911.44,39590.00,1236.00
5/23/2008,894.54,39591.00,1237.00
5/26/2008,913.41,39594.00,1240.00
5/27/2008,877.64,39595.00,1241.00
5/28/2008,875.77,39596.00,1242.00
5/29/2008,875.81,39597.00,1243.00
5/30/2008,875.86,39598.00,1244.00
6/2/2008,858.87,39601.00,1247.00
6/3/2008,867.27,39602.00,1248.00
6/4/2008,844.74,39603.00,1249.00
6/5/2008,874.83,39604.00,1250.00
6/6/2008,841.93,39605.00,1251.00
6/9/2008,816.63,39608.00,1254.00
6/10/2008,830.71,39609.00,1255.00
6/11/2008,833.53,39610.00,1256.00
6/12/2008,840.99,39611.00,1257.00
6/13/2008,827.89,39612.00,1258.00
6/16/2008,829.77,39615.00,1261.00
6/17/2008,825.27,39616.00,1262.00
6/18/2008,821.37,39617.00,1263.00
6/19/2008,826.02,39618.00,1264.00
6/20/2008,808.51,39619.00,1265.00
6/23/2008,811,39622.00,1268.00
6/24/2008,816.63,39623.00,1269.00
6/25/2008,805.6,39624.00,1270.00
6/26/2008,826.02,39625.00,1271.00
6/27/2008,803.68,39626.00,1272.00
6/30/2008,783.68,39629.00,1275.00
7/1/2008,755.62,39630.00,1276.00
7/2/2008,771.48,39631.00,1277.00
7/3/2008,760.31,39632.00,1278.00
7/4/2008,755.62,39633.00,1279.00
7/7/2008,765,39636.00,1282.00
7/8/2008,774.39,39637.00,1283.00
7/9/2008,769.7,39638.00,1284.00
7/10/2008,769.7,39639.00,1285.00
7/11/2008,770.64,39640.00,1286.00
7/14/2008,760.31,39643.00,1289.00
7/15/2008,754.68,39644.00,1290.00
7/16/2008,762.19,39645.00,1291.00
7/17/2008,752.8,39646.00,1292.00
7/18/2008,755.62,39647.00,1293.00
7/21/2008,751.16,39650.00,1296.00
7/22/2008,767.91,39651.00,1297.00
7/23/2008,755.62,39652.00,1298.00
7/24/2008,753.69,39653.00,1299.00
7/25/2008,747.17,39654.00,1300.00
7/28/2008,753.65,39657.00,1303.00
7/29/2008,751.86,39658.00,1304.00
7/30/2008,760.31,39659.00,1305.00
7/31/2008,759.84,39660.00,1306.00
8/1/2008,765,39661.00,1307.00
8/4/2008,765,39664.00,1310.00
8/5/2008,769.7,39665.00,1311.00
8/6/2008,768.76,39666.00,1312.00
8/7/2008,779.98,39667.00,1313.00
8/8/2008,779.08,39668.00,1314.00
8/11/2008,877.64,39671.00,1317.00
8/12/2008,856.05,39672.00,1318.00
8/13/2008,887.03,39673.00,1319.00
8/14/2008,846.67,39674.00,1320.00
8/18/2008,844.79,39678.00,1324.00
8/19/2008,841.04,39679.00,1325.00
8/20/2008,841.04,39680.00,1326.00
8/21/2008,828.46,39681.00,1327.00
8/22/2008,827.94,39682.00,1328.00
8/25/2008,834.42,39685.00,1331.00
8/26/2008,836.34,39686.00,1332.00
8/27/2008,830.71,39687.00,1333.00
8/28/2008,833.53,39688.00,1334.00
8/29/2008,847.61,39689.00,1335.00
9/1/2008,836.34,39692.00,1338.00
9/2/2008,841.97,39693.00,1339.00
9/4/2008,838.22,39695.00,1341.00
9/5/2008,844.79,39696.00,1342.00
9/8/2008,835.4,39699.00,1345.00
9/9/2008,827.89,39700.00,1346.00
9/10/2008,822.26,39701.00,1347.00
9/11/2008,823.2,39702.00,1348.00
9/12/2008,822.26,39703.00,1349.00
9/15/2008,769.7,39706.00,1352.00
9/16/2008,760.31,39707.00,1353.00
9/17/2008,756.56,39708.00,1354.00
9/18/2008,758.43,39709.00,1355.00
9/19/2008,743.37,39710.00,1356.00
9/22/2008,739.66,39713.00,1359.00
9/23/2008,727.46,39714.00,1360.00
9/24/2008,722.25,39715.00,1361.00
9/25/2008,712.39,39716.00,1362.00
9/26/2008,702.11,39717.00,1363.00
9/29/2008,675.83,39720.00,1366.00
9/30/2008,692.68,39721.00,1367.00
10/1/2008,689.87,39722.00,1368.00
10/3/2008,681.7,39724.00,1370.00
10/6/2008,689.91,39727.00,1373.00
10/7/2008,668.32,39728.00,1374.00
10/8/2008,668.8,39729.00,1375.00
10/10/2008,640.09,39731.00,1377.00
10/13/2008,660.3,39734.00,1380.00
10/14/2008,664.02,39735.00,1381.00
10/15/2008,687.91,39736.00,1382.00
10/16/2008,678.36,39737.00,1383.00
10/17/2008,656.38,39738.00,1384.00
10/20/2008,649.69,39741.00,1387.00
10/21/2008,630.77,39742.00,1388.00
10/22/2008,649.69,39743.00,1389.00
10/23/2008,659.25,39744.00,1390.00
10/24/2008,594.28,39745.00,1391.00
10/27/2008,581.24,39748.00,1394.00
10/28/2008,611.48,39749.00,1395.00
10/29/2008,668.8,39750.00,1396.00
10/31/2008,705.11,39752.00,1398.00
11/3/2008,749.96,39755.00,1401.00
11/4/2008,764.34,39756.00,1402.00
11/5/2008,745.24,39757.00,1403.00
11/6/2008,745.24,39758.00,1404.00
11/7/2008,735.68,39759.00,1405.00
11/10/2008,740.46,39762.00,1408.00
11/11/2008,721.35,39763.00,1409.00
11/12/2008,730.9,39764.00,1410.00
11/14/2008,679.41,39766.00,1412.00
11/17/2008,692.69,39769.00,1415.00
11/18/2008,679.31,39770.00,1416.00
11/19/2008,683.13,39771.00,1417.00
11/20/2008,668.8,39772.00,1418.00
11/21/2008,668.71,39773.00,1419.00
11/24/2008,668.8,39776.00,1422.00
11/25/2008,655.04,39777.00,1423.00
11/26/2008,668.8,39778.00,1424.00
11/28/2008,691.68,39780.00,1426.00
12/1/2008,660.2,39783.00,1429.00
12/2/2008,668.8,39784.00,1430.00
12/3/2008,678.36,39785.00,1431.00
12/4/2008,711.8,39786.00,1432.00
12/5/2008,697.46,39787.00,1433.00
12/8/2008,669.76,39790.00,1436.00
12/10/2008,687.91,39792.00,1438.00
12/11/2008,730.9,39793.00,1439.00
12/12/2008,693.64,39794.00,1440.00
12/15/2008,714.66,39797.00,1443.00
12/16/2008,704.1,39798.00,1444.00
12/17/2008,707.02,39799.00,1445.00
12/18/2008,696.27,39800.00,1446.00
12/19/2008,713.71,39801.00,1447.00
12/22/2008,712.75,39804.00,1450.00
12/23/2008,698.99,39805.00,1451.00
12/24/2008,693.16,39806.00,1452.00
12/25/2008,693.16,39807.00,1453.00
12/26/2008,674.68,39808.00,1454.00
12/29/2008,675.15,39811.00,1457.00
12/30/2008,675.54,39812.00,1458.00
12/31/2008,682.65,39813.00,1459.00
1/1/2009,685.09,39814.00,1460.00
1/2/2009,690.78,39815.00,1461.00
1/5/2009,688.1,39818.00,1464.00
1/6/2009,683.28,39819.00,1465.00
1/7/2009,678.36,39820.00,1466.00
1/8/2009,678.36,39821.00,1467.00
1/9/2009,654.47,39822.00,1468.00
1/12/2009,644.92,39825.00,1471.00
1/13/2009,678.36,39826.00,1472.00
1/14/2009,697.46,39827.00,1473.00
1/15/2009,681.56,39828.00,1474.00
1/16/2009,680.6,39829.00,1475.00
1/19/2009,675.11,39832.00,1478.00
1/20/2009,663.07,39833.00,1479.00
1/21/2009,680.84,39834.00,1480.00
1/22/2009,687.91,39835.00,1481.00
1/23/2009,673.53,39836.00,1482.00
1/27/2009,669.76,39840.00,1486.00
1/28/2009,673.58,39841.00,1487.00
1/29/2009,676.87,39842.00,1488.00
1/30/2009,671.67,39843.00,1489.00
2/2/2009,659.25,39846.00,1492.00
2/3/2009,635.36,39847.00,1493.00
2/4/2009,640.14,39848.00,1494.00
2/5/2009,635.46,39849.00,1495.00
2/6/2009,632.49,39850.00,1496.00
2/9/2009,633.45,39853.00,1499.00
2/10/2009,622.13,39854.00,1500.00
2/11/2009,621.03,39855.00,1501.00
2/12/2009,618.69,39856.00,1502.00
2/13/2009,616.25,39857.00,1503.00
2/16/2009,600.97,39860.00,1506.00
2/17/2009,600.97,39861.00,1507.00
2/18/2009,620.07,39862.00,1508.00
2/19/2009,618.16,39863.00,1509.00
2/20/2009,602.54,39864.00,1510.00
2/24/2009,593.42,39868.00,1514.00
2/25/2009,600.92,39869.00,1515.00
2/26/2009,587.59,39870.00,1516.00
2/27/2009,599.05,39871.00,1517.00
3/2/2009,606.7,39874.00,1520.00
3/3/2009,597.14,39875.00,1521.00
3/4/2009,588.07,39876.00,1522.00
3/5/2009,593.32,39877.00,1523.00
3/6/2009,595.66,39878.00,1524.00
3/9/2009,587.59,39881.00,1527.00
3/12/2009,586.16,39884.00,1530.00
3/13/2009,596.14,39885.00,1531.00
3/16/2009,592.51,39888.00,1534.00
3/17/2009,592.56,39889.00,1535.00
3/18/2009,611.33,39890.00,1536.00
3/19/2009,606.6,39891.00,1537.00
3/20/2009,581.81,39892.00,1538.00
3/23/2009,601.92,39895.00,1541.00
3/24/2009,603.83,39896.00,1542.00
3/25/2009,601.92,39897.00,1543.00
3/26/2009,613.39,39898.00,1544.00
3/27/2009,608.13,39899.00,1545.00
3/30/2009,644.92,39902.00,1548.00
3/31/2009,623.42,39903.00,1549.00
4/1/2009,636.32,39904.00,1550.00
4/2/2009,663.55,39905.00,1551.00
4/6/2009,656.48,39909.00,1555.00
4/7/2009,656.48,39910.00,1556.00
4/8/2009,682.18,39911.00,1557.00
4/9/2009,687.91,39912.00,1558.00
4/10/2009,687.91,39913.00,1559.00
4/13/2009,697.46,39916.00,1562.00
4/14/2009,697.46,39917.00,1563.00
4/15/2009,697.46,39918.00,1564.00
4/16/2009,699.57,39919.00,1565.00
4/17/2009,712.75,39920.00,1566.00
4/20/2009,764.34,39923.00,1569.00
4/21/2009,727.08,39924.00,1570.00
4/22/2009,716.57,39925.00,1571.00
4/23/2009,719.44,39926.00,1572.00
4/24/2009,711.8,39927.00,1573.00
4/27/2009,709.22,39930.00,1576.00
4/28/2009,704.15,39931.00,1577.00
4/29/2009,705.11,39932.00,1578.00
4/30/2009,705.11,39933.00,1579.00
5/1/2009,705.11,39934.00,1580.00
5/4/2009,735.68,39937.00,1583.00
5/5/2009,708.93,39938.00,1584.00
5/6/2009,708.93,39939.00,1585.00
5/7/2009,714.66,39940.00,1586.00
5/8/2009,707.02,39941.00,1587.00
5/11/2009,692.69,39944.00,1590.00
5/12/2009,690.3,39945.00,1591.00
5/13/2009,697.46,39946.00,1592.00
5/14/2009,690.92,39947.00,1593.00
5/15/2009,694.6,39948.00,1594.00
5/18/2009,694.6,39951.00,1597.00
5/19/2009,730.9,39952.00,1598.00
5/20/2009,742.37,39953.00,1599.00
5/21/2009,792.91,39954.00,1600.00
5/22/2009,756.7,39955.00,1601.00
5/25/2009,778.39,39958.00,1604.00
5/26/2009,775.71,39959.00,1605.00
5/27/2009,765.35,39960.00,1606.00
5/28/2009,775.81,39961.00,1607.00
5/29/2009,759.57,39962.00,1608.00
6/1/2009,779.63,39965.00,1611.00
6/2/2009,769.6,39966.00,1612.00
6/3/2009,792.48,39967.00,1613.00
6/4/2009,880,39968.00,1614.00
6/5/2009,852.24,39969.00,1615.00
6/8/2009,802.66,39972.00,1618.00
6/9/2009,837.05,39973.00,1619.00
6/10/2009,806.38,39974.00,1620.00
6/11/2009,794.06,39975.00,1621.00
6/12/2009,793.01,39976.00,1622.00
6/15/2009,778.82,39979.00,1625.00
6/16/2009,776,39980.00,1626.00
6/17/2009,783.45,39981.00,1627.00
6/18/2009,770.03,39982.00,1628.00
6/19/2009,773.9,39983.00,1629.00
6/22/2009,765.49,39986.00,1632.00
6/23/2009,764.34,39987.00,1633.00
6/24/2009,772.37,39988.00,1634.00
6/25/2009,759.9,39989.00,1635.00
6/26/2009,752.11,39990.00,1636.00
6/29/2009,737.11,39993.00,1639.00
6/30/2009,749.06,39994.00,1640.00
7/1/2009,790.14,39995.00,1641.00
7/2/2009,779.15,39996.00,1642.00
7/3/2009,778.68,39997.00,1643.00
7/6/2009,749.87,40000.00,1646.00
7/7/2009,804.47,40001.00,1647.00
7/8/2009,783.45,40002.00,1648.00
7/9/2009,793.01,40003.00,1649.00
7/10/2009,780.59,40004.00,1650.00
7/13/2009,756.75,40007.00,1653.00
7/14/2009,782.5,40008.00,1654.00
7/15/2009,778.68,40009.00,1655.00
7/16/2009,783.45,40010.00,1656.00
7/17/2009,781.4,40011.00,1657.00
7/20/2009,812.12,40014.00,1660.00
7/21/2009,817.75,40015.00,1661.00
7/22/2009,816.94,40016.00,1662.00
7/23/2009,808.87,40017.00,1663.00
7/24/2009,802.56,40018.00,1664.00
7/27/2009,785.84,40021.00,1667.00
7/28/2009,821.67,40022.00,1668.00
7/29/2009,832.18,40023.00,1669.00
7/30/2009,826.45,40024.00,1670.00
7/31/2009,883.77,40025.00,1671.00
8/3/2009,883.77,40028.00,1674.00
8/4/2009,857.02,40029.00,1675.00
8/5/2009,869.44,40030.00,1676.00
8/6/2009,825.49,40031.00,1677.00
8/7/2009,844.27,40032.00,1678.00
8/10/2009,816.94,40035.00,1681.00
8/11/2009,831.22,40036.00,1682.00
8/12/2009,829.27,40037.00,1683.00
8/13/2009,840.78,40038.00,1684.00
8/14/2009,841.73,40039.00,1685.00
8/17/2009,826.45,40042.00,1688.00
8/18/2009,826.45,40043.00,1689.00
8/19/2009,826.45,40044.00,1690.00
8/20/2009,826.45,40045.00,1691.00
8/21/2009,826.45,40046.00,1692.00
8/24/2009,866.57,40049.00,1695.00
8/25/2009,871.35,40050.00,1696.00
8/26/2009,877.08,40051.00,1697.00
8/27/2009,869.44,40052.00,1698.00
8/28/2009,874.27,40053.00,1699.00
8/31/2009,871.35,40056.00,1702.00
9/1/2009,864.28,40057.00,1703.00
9/2/2009,888.55,40058.00,1704.00
9/3/2009,981.23,40059.00,1705.00
9/4/2009,962.12,40060.00,1706.00
9/7/2009,974.73,40063.00,1709.00
9/8/2009,960.21,40064.00,1710.00
9/9/2009,955.43,40065.00,1711.00
9/10/2009,946.83,40066.00,1712.00
9/11/2009,950.7,40067.00,1713.00
9/14/2009,950.65,40070.00,1716.00
9/15/2009,967.85,40071.00,1717.00
9/16/2009,960.21,40072.00,1718.00
9/17/2009,981.23,40073.00,1719.00
9/18/2009,993.65,40074.00,1720.00
9/21/2009,993.65,40077.00,1723.00
9/22/2009,1036.64,40078.00,1724.00
9/23/2009,1026.13,40079.00,1725.00
9/24/2009,1014.38,40080.00,1726.00
9/25/2009,1013.23,40081.00,1727.00
9/28/2009,1013.23,40084.00,1730.00
9/29/2009,1017.53,40085.00,1731.00
9/30/2009,1009.89,40086.00,1732.00
10/1/2009,1016.2,40087.00,1733.00
10/2/2009,1016.2,40088.00,1734.00
10/5/2009,1011.8,40091.00,1737.00
10/6/2009,1007.98,40092.00,1738.00
10/7/2009,1027.09,40093.00,1739.00
10/8/2009,1030.19,40094.00,1740.00
10/9/2009,1024.22,40095.00,1741.00
10/12/2009,1048.11,40098.00,1744.00
10/13/2009,1048.11,40099.00,1745.00
10/14/2009,1077.72,40100.00,1746.00
10/15/2009,1062.75,40101.00,1747.00
10/16/2009,1081.11,40102.00,1748.00
10/19/2009,1081.11,40105.00,1751.00
10/20/2009,1069.51,40106.00,1752.00
10/21/2009,1034.73,40107.00,1753.00
10/22/2009,1062.75,40108.00,1754.00
10/23/2009,1059.85,40109.00,1755.00
10/26/2009,1072.41,40112.00,1758.00
10/27/2009,1125.79,40113.00,1759.00
10/28/2009,1141.97,40114.00,1760.00
10/29/2009,1139.75,40115.00,1761.00
10/30/2009,1165.64,40116.00,1762.00
11/2/2009,1165.64,40119.00,1765.00
11/3/2009,1120.72,40120.00,1766.00
11/4/2009,1142.17,40121.00,1767.00
11/5/2009,1160.67,40122.00,1768.00
11/6/2009,1193.18,40123.00,1769.00
11/9/2009,1212.5,40126.00,1772.00
11/10/2009,1219.26,40127.00,1773.00
11/11/2009,1271.44,40128.00,1774.00
11/12/2009,1270.47,40129.00,1775.00
11/13/2009,1251.15,40130.00,1776.00
11/16/2009,1246.32,40133.00,1779.00
11/17/2009,1237.23,40134.00,1780.00
11/18/2009,1270.47,40135.00,1781.00
11/19/2009,1291.24,40136.00,1782.00
11/20/2009,1292.69,40137.00,1783.00
11/23/2009,1289.79,40140.00,1786.00
11/24/2009,1283.03,40141.00,1787.00
11/25/2009,1276.27,40142.00,1788.00
11/26/2009,1265.64,40143.00,1789.00
11/27/2009,1252.11,40144.00,1790.00
11/30/2009,1270.47,40147.00,1793.00
12/1/2009,1323.61,40148.00,1794.00
12/2/2009,1316.84,40149.00,1795.00
12/3/2009,1291.14,40150.00,1796.00
12/4/2009,1295.59,40151.00,1797.00
12/7/2009,1299.45,40154.00,1800.00
12/8/2009,1333.27,40155.00,1801.00
12/9/2009,1320.8,40156.00,1802.00
12/10/2009,1312.11,40157.00,1803.00
12/11/2009,1312.45,40158.00,1804.00
12/14/2009,1304.28,40161.00,1807.00
12/15/2009,1294.62,40162.00,1808.00
12/16/2009,1289.79,40163.00,1809.00
12/17/2009,1295.59,40164.00,1810.00
12/18/2009,1287.28,40165.00,1811.00
12/21/2009,1266.12,40168.00,1814.00
12/22/2009,1263.71,40169.00,1815.00
12/23/2009,1280.13,40170.00,1816.00
12/24/2009,1270.37,40171.00,1817.00
12/25/2009,1270.37,40172.00,1818.00
12/28/2009,1270.37,40175.00,1821.00
12/29/2009,1276.27,40176.00,1822.00
12/30/2009,1265.64,40177.00,1823.00
12/31/2009,1253.08,40178.00,1824.00
1/1/2010,1253.08,40179.00,1825.00
1/4/2010,1241.58,40182.00,1828.00
1/5/2010,1264.67,40183.00,1829.00
1/6/2010,1241.68,40184.00,1830.00
1/7/2010,1280.23,40185.00,1831.00
1/8/2010,1274.33,40186.00,1832.00
1/11/2010,1275.25,40189.00,1835.00
1/12/2010,1294.62,40190.00,1836.00
1/13/2010,1294.38,40191.00,1837.00
1/14/2010,1309.11,40192.00,1838.00
1/15/2010,1325.59,40193.00,1839.00
1/18/2010,1333.27,40196.00,1842.00
1/19/2010,1357.42,40197.00,1843.00
1/20/2010,1357.42,40198.00,1844.00
1/21/2010,1357.42,40199.00,1845.00
1/22/2010,1357.42,40200.00,1846.00
1/25/2010,1357.42,40203.00,1849.00
1/26/2010,1357.42,40204.00,1850.00
1/27/2010,1357.42,40205.00,1851.00
1/28/2010,1357.42,40206.00,1852.00
1/29/2010,1357.42,40207.00,1853.00
2/1/2010,1357.42,40210.00,1856.00
2/2/2010,1357.42,40211.00,1857.00
2/3/2010,1357.42,40212.00,1858.00
2/4/2010,1357.42,40213.00,1859.00
2/5/2010,1257.43,40214.00,1860.00
2/8/2010,1296.75,40217.00,1863.00
2/9/2010,1319.11,40218.00,1864.00
2/10/2010,1349.55,40219.00,1865.00
2/11/2010,1381.96,40220.00,1866.00
2/15/2010,1374.81,40224.00,1870.00
2/16/2010,1359.11,40225.00,1871.00
2/17/2010,1367.81,40226.00,1872.00
2/18/2010,1369.74,40227.00,1873.00
2/19/2010,1351.82,40228.00,1874.00
2/22/2010,1349.93,40231.00,1877.00
2/23/2010,1347.66,40232.00,1878.00
2/24/2010,1300.37,40233.00,1879.00
2/25/2010,1227.52,40234.00,1880.00
2/26/2010,1271.72,40235.00,1881.00
3/2/2010,1311.96,40239.00,1885.00
3/3/2010,1339.21,40240.00,1886.00
3/4/2010,1338.24,40241.00,1887.00
3/5/2010,1307.52,40242.00,1888.00
3/8/2010,1323.41,40245.00,1891.00
3/9/2010,1311.72,40246.00,1892.00
3/10/2010,1323.85,40247.00,1893.00
3/11/2010,1333.36,40248.00,1894.00
3/12/2010,1372.4,40249.00,1895.00
3/15/2010,1367.52,40252.00,1898.00
3/16/2010,1362.11,40253.00,1899.00
3/17/2010,1365.05,40254.00,1900.00
3/18/2010,1376.21,40255.00,1901.00
3/19/2010,1385.15,40256.00,1902.00
3/22/2010,1368.92,40259.00,1905.00
3/23/2010,1376.74,40260.00,1906.00
3/25/2010,1394.91,40262.00,1908.00
3/26/2010,1358.44,40263.00,1909.00
3/29/2010,1331.19,40266.00,1912.00
3/30/2010,1351.29,40267.00,1913.00
3/31/2010,1364.91,40268.00,1914.00
4/1/2010,1442.34,40269.00,1915.00
4/5/2010,1460.12,40273.00,1919.00
4/6/2010,1449.83,40274.00,1920.00
4/7/2010,1438.05,40275.00,1921.00
4/8/2010,1442.1,40276.00,1922.00
4/9/2010,1407.52,40277.00,1923.00
4/12/2010,1423.55,40280.00,1926.00
4/13/2010,1410.61,40281.00,1927.00
4/15/2010,1421.72,40283.00,1929.00
4/16/2010,1402.49,40284.00,1930.00
4/19/2010,1415.39,40287.00,1933.00
4/20/2010,1450.22,40288.00,1934.00
4/21/2010,1455.82,40289.00,1935.00
4/22/2010,1459.11,40290.00,1936.00
4/23/2010,1464.52,40291.00,1937.00
4/26/2010,1449.4,40294.00,1940.00
4/27/2010,1497.61,40295.00,1941.00
4/28/2010,1501.86,40296.00,1942.00
4/29/2010,1518.86,40297.00,1943.00
4/30/2010,1523.79,40298.00,1944.00
5/3/2010,1534.95,40301.00,1947.00
5/4/2010,1547.03,40302.00,1948.00
5/5/2010,1546.98,40303.00,1949.00
5/6/2010,1535.43,40304.00,1950.00
5/7/2010,1532.1,40305.00,1951.00
5/10/2010,1504.08,40308.00,1954.00
5/11/2010,1499.15,40309.00,1955.00
5/12/2010,1497.37,40310.00,1956.00
5/13/2010,1499.73,40311.00,1957.00
5/14/2010,1500.36,40312.00,1958.00
5/17/2010,1515.24,40315.00,1961.00
5/18/2010,1581.23,40316.00,1962.00
5/19/2010,1539.15,40317.00,1963.00
5/20/2010,1528.43,40318.00,1964.00
5/21/2010,1495.34,40319.00,1965.00
5/24/2010,1493.98,40322.00,1968.00
5/25/2010,1461.86,40323.00,1969.00
5/26/2010,1460.46,40324.00,1970.00
5/27/2010,1480.8,40325.00,1971.00
5/28/2010,1478.09,40326.00,1972.00
5/31/2010,1473.6,40329.00,1975.00
6/1/2010,1457.37,40330.00,1976.00
6/2/2010,1471.72,40331.00,1977.00
6/3/2010,1478.19,40332.00,1978.00
6/4/2010,1475.68,40333.00,1979.00
6/7/2010,1583.79,40336.00,1982.00
6/8/2010,1588.86,40337.00,1983.00
6/9/2010,1567.02,40338.00,1984.00
6/10/2010,1604.9,40339.00,1985.00
6/11/2010,1629.15,40340.00,1986.00
6/14/2010,1615.62,40343.00,1989.00
6/15/2010,1624.12,40344.00,1990.00
6/16/2010,1630.21,40345.00,1991.00
6/17/2010,1624.56,40346.00,1992.00
6/18/2010,1628.52,40347.00,1993.00
6/21/2010,1625.91,40350.00,1996.00
6/22/2010,1623.35,40351.00,1997.00
6/23/2010,1619.82,40352.00,1998.00
6/24/2010,1603.88,40353.00,1999.00
6/25/2010,1643.74,40354.00,2000.00
6/28/2010,1640.31,40357.00,2003.00
6/29/2010,1654.51,40358.00,2004.00
6/30/2010,1681.22,40359.00,2005.00
7/1/2010,1698.81,40360.00,2006.00
7/2/2010,1704.02,40361.00,2007.00
7/5/2010,1719.96,40364.00,2010.00
7/6/2010,1715.62,40365.00,2011.00
7/7/2010,1712.91,40366.00,2012.00
7/8/2010,1727.06,40367.00,2013.00
7/9/2010,1756.34,40368.00,2014.00
7/12/2010,1724.21,40371.00,2017.00
7/13/2010,1732.72,40372.00,2018.00
7/14/2010,1707.89,40373.00,2019.00
7/15/2010,1694.99,40374.00,2020.00
7/16/2010,1722.62,40375.00,2021.00
7/19/2010,1759.58,40378.00,2024.00
7/20/2010,1764.16,40379.00,2025.00
7/21/2010,1757.59,40380.00,2026.00
7/22/2010,1766.82,40381.00,2027.00
7/23/2010,1754.7,40382.00,2028.00
7/26/2010,1738.47,40385.00,2031.00
7/27/2010,1731.7,40386.00,2032.00
7/28/2010,1738.22,40387.00,2033.00
7/29/2010,1745.52,40388.00,2034.00
7/30/2010,1756.82,40389.00,2035.00
8/2/2010,1765.28,40392.00,2038.00
8/3/2010,1781.41,40393.00,2039.00
8/4/2010,1823.92,40394.00,2040.00
8/5/2010,1888.02,40395.00,2041.00
8/6/2010,1925.94,40396.00,2042.00
8/9/2010,1924.78,40399.00,2045.00
8/10/2010,1909.28,40400.00,2046.00
8/11/2010,1899.28,40401.00,2047.00
8/12/2010,1884.3,40402.00,2048.00
8/13/2010,1873.82,40403.00,2049.00
8/16/2010,1888.02,40406.00,2052.00
8/17/2010,1909.91,40407.00,2053.00
8/18/2010,1881.36,40408.00,2054.00
8/19/2010,1869.47,40409.00,2055.00
8/20/2010,1837.54,40410.00,2056.00
8/23/2010,1818.75,40413.00,2059.00
8/24/2010,1782.96,40414.00,2060.00
8/25/2010,1777.79,40415.00,2061.00
8/26/2010,1787.5,40416.00,2062.00
8/27/2010,1787.88,40417.00,2063.00
8/30/2010,1808.99,40420.00,2066.00
8/31/2010,1820.35,40421.00,2067.00
9/1/2010,1784.98,40422.00,2068.00
9/2/2010,1773.73,40423.00,2069.00
9/3/2010,1787.59,40424.00,2070.00
9/6/2010,1797.45,40427.00,2073.00
9/7/2010,1767.84,40428.00,2074.00
9/8/2010,1760.73,40429.00,2075.00
9/9/2010,1765.23,40430.00,2076.00
9/13/2010,1741.22,40434.00,2080.00
9/14/2010,1763.83,40435.00,2081.00
9/15/2010,1751.99,40436.00,2082.00
9/16/2010,1745.47,40437.00,2083.00
9/17/2010,1741.27,40438.00,2084.00
9/20/2010,1788.75,40441.00,2087.00
9/21/2010,1743.39,40442.00,2088.00
9/22/2010,1747.4,40443.00,2089.00
9/23/2010,1751.7,40444.00,2090.00
9/24/2010,1757.45,40445.00,2091.00
9/27/2010,1767.55,40448.00,2094.00
9/28/2010,1783,40449.00,2095.00
9/29/2010,1811.22,40450.00,2096.00
9/30/2010,1814.94,40451.00,2097.00
10/1/2010,1839.14,40452.00,2098.00
10/4/2010,1864.69,40455.00,2101.00
10/5/2010,1901.16,40456.00,2102.00
10/6/2010,1865.08,40457.00,2103.00
10/7/2010,1867.64,40458.00,2104.00
10/8/2010,1822.08,40459.00,2105.00
10/11/2010,1838.32,40462.00,2108.00
10/12/2010,1830.92,40463.00,2109.00
10/13/2010,1827.2,40464.00,2110.00
10/14/2010,1799.04,40465.00,2111.00
10/15/2010,1775.37,40466.00,2112.00
10/18/2010,1769.09,40469.00,2115.00
10/19/2010,1763.34,40470.00,2116.00
10/20/2010,1785.66,40471.00,2117.00
10/21/2010,1815.37,40472.00,2118.00
10/22/2010,1811.41,40473.00,2119.00
10/25/2010,1815.37,40476.00,2122.00
10/26/2010,1806.24,40477.00,2123.00
10/27/2010,1821.41,40478.00,2124.00
10/28/2010,1839.19,40479.00,2125.00
10/29/2010,1837.69,40480.00,2126.00
11/1/2010,1854.74,40483.00,2129.00
11/2/2010,1834.02,40484.00,2130.00
11/3/2010,1840.15,40485.00,2131.00
11/4/2010,1840.2,40486.00,2132.00
11/5/2010,1849.18,40487.00,2133.00
11/8/2010,1839.09,40490.00,2136.00
11/9/2010,1905.65,40491.00,2137.00
11/10/2010,1883.06,40492.00,2138.00
11/11/2010,1886.07,40493.00,2139.00
11/12/2010,1824.58,40494.00,2140.00
11/15/2010,1820.88,40497.00,2143.00
11/16/2010,1793.32,40498.00,2144.00
11/18/2010,1819.08,40500.00,2146.00
11/19/2010,1786.21,40501.00,2147.00
11/22/2010,1785.24,40504.00,2150.00
11/23/2010,1784.31,40505.00,2151.00
11/24/2010,1801.69,40506.00,2152.00
11/25/2010,1769.07,40507.00,2153.00
11/26/2010,1753.34,40508.00,2154.00
11/29/2010,1742.88,40511.00,2157.00
11/30/2010,1764.11,40512.00,2158.00
12/1/2010,1781.78,40513.00,2159.00
12/2/2010,1794.34,40514.00,2160.00
12/3/2010,1729,40515.00,2161.00
12/6/2010,1743.85,40518.00,2164.00
12/7/2010,1733.53,40519.00,2165.00
12/8/2010,1707.92,40520.00,2166.00
12/9/2010,1669.84,40521.00,2167.00
12/10/2010,1676.56,40522.00,2168.00
12/13/2010,1668.28,40525.00,2171.00
12/14/2010,1674.76,40526.00,2172.00
12/15/2010,1668.43,40527.00,2173.00
12/16/2010,1704.17,40528.00,2174.00
12/20/2010,1671.35,40532.00,2178.00
12/21/2010,1675.88,40533.00,2179.00
12/22/2010,1689.95,40534.00,2180.00
12/23/2010,1669.5,40535.00,2181.00
12/24/2010,1684.54,40536.00,2182.00
12/27/2010,1694.19,40539.00,2185.00
12/28/2010,1675.93,40540.00,2186.00
12/29/2010,1726.81,40541.00,2187.00
12/30/2010,1760.55,40542.00,2188.00
12/31/2010,1812.84,40543.00,2189.00
1/3/2011,1817.03,40546.00,2192.00
1/4/2011,1817.32,40547.00,2193.00
1/5/2011,1795.41,40548.00,2194.00
1/6/2011,1752.61,40549.00,2195.00
1/7/2011,1767.46,40550.00,2196.00
1/10/2011,1695.74,40553.00,2199.00
1/11/2011,1759.97,40554.00,2200.00
1/12/2011,1703.97,40555.00,2201.00
1/13/2011,1665.56,40556.00,2202.00
1/14/2011,1671.5,40557.00,2203.00
1/17/2011,1656.89,40560.00,2206.00
1/18/2011,1660,40561.00,2207.00
1/19/2011,1669.74,40562.00,2208.00
1/20/2011,1679.43,40563.00,2209.00
1/21/2011,1685.76,40564.00,2210.00
1/24/2011,1712.88,40567.00,2213.00
1/25/2011,1728.12,40568.00,2214.00
1/27/2011,1724.62,40570.00,2216.00
1/28/2011,1708.94,40571.00,2217.00
1/31/2011,1642.67,40574.00,2220.00
2/1/2011,1586.53,40575.00,2221.00
2/2/2011,1621.98,40576.00,2222.00
2/3/2011,1631.47,40577.00,2223.00
2/4/2011,1587.41,40578.00,2224.00
2/7/2011,1615.36,40581.00,2227.00
2/8/2011,1575.43,40582.00,2228.00
2/9/2011,1524.65,40583.00,2229.00
2/10/2011,1487.1,40584.00,2230.00
2/11/2011,1548.55,40585.00,2231.00
2/14/2011,1550.26,40588.00,2234.00
2/15/2011,1524.45,40589.00,2235.00
2/16/2011,1548.21,40590.00,2236.00
2/17/2011,1573.48,40591.00,2237.00
2/18/2011,1555.03,40592.00,2238.00
2/21/2011,1558.19,40595.00,2241.00
2/22/2011,1564.52,40596.00,2242.00
2/23/2011,1567.83,40597.00,2243.00
2/24/2011,1540.08,40598.00,2244.00
2/25/2011,1544.32,40599.00,2245.00
2/28/2011,1538.04,40602.00,2248.00
3/1/2011,1534.24,40603.00,2249.00
3/3/2011,1523.09,40605.00,2251.00
3/4/2011,1517.93,40606.00,2252.00
3/7/2011,1506.92,40609.00,2255.00
3/8/2011,1517.54,40610.00,2256.00
3/9/2011,1514.76,40611.00,2257.00
3/10/2011,1525.52,40612.00,2258.00
3/11/2011,1513.84,40613.00,2259.00
3/14/2011,1534.87,40616.00,2262.00
3/15/2011,1526.06,40617.00,2263.00
3/16/2011,1520.56,40618.00,2264.00
3/17/2011,1522.31,40619.00,2265.00
3/18/2011,1523.09,40620.00,2266.00
3/21/2011,1530.97,40623.00,2269.00
3/22/2011,1544.9,40624.00,2270.00
3/23/2011,1580.25,40625.00,2271.00
3/24/2011,1595.39,40626.00,2272.00
3/25/2011,1607.42,40627.00,2273.00
3/28/2011,1635.76,40630.00,2276.00
3/29/2011,1634.59,40631.00,2277.00
3/30/2011,1665.8,40632.00,2278.00
3/31/2011,1740.83,40633.00,2279.00
4/1/2011,1726.03,40634.00,2280.00
4/4/2011,1733.92,40637.00,2283.00
4/5/2011,1751.4,40638.00,2284.00
4/6/2011,1757.29,40639.00,2285.00
4/7/2011,1761.82,40640.00,2286.00
4/8/2011,1852.53,40641.00,2287.00
4/11/2011,1822.73,40644.00,2290.00
4/13/2011,1835.19,40646.00,2292.00
4/15/2011,1824.77,40648.00,2294.00
4/18/2011,1816.93,40651.00,2297.00
4/19/2011,1833.73,40652.00,2298.00
4/20/2011,1831.78,40653.00,2299.00
4/21/2011,1833.78,40654.00,2300.00
4/25/2011,1836.9,40658.00,2304.00
4/26/2011,1768.49,40659.00,2305.00
4/27/2011,1792.98,40660.00,2306.00
4/28/2011,1787.96,40661.00,2307.00
4/29/2011,1786.6,40662.00,2308.00
5/2/2011,1814.84,40665.00,2311.00
5/3/2011,1782.46,40666.00,2312.00
5/4/2011,1773.75,40667.00,2313.00
5/5/2011,1777.79,40668.00,2314.00
5/6/2011,1765.22,40669.00,2315.00
5/9/2011,1758.36,40672.00,2318.00
5/10/2011,1779.05,40673.00,2319.00
5/11/2011,1770.63,40674.00,2320.00
5/12/2011,1759.48,40675.00,2321.00
5/13/2011,1756.31,40676.00,2322.00
5/16/2011,1757.04,40679.00,2325.00
5/17/2011,1797.36,40680.00,2326.00
5/18/2011,1772.19,40681.00,2327.00
5/19/2011,1772.67,40682.00,2328.00
5/20/2011,1796.68,40683.00,2329.00
5/23/2011,1789.96,40686.00,2332.00
5/24/2011,1775.6,40687.00,2333.00
5/25/2011,1768.39,40688.00,2334.00
5/26/2011,1801.21,40689.00,2335.00
5/27/2011,1772.38,40690.00,2336.00
5/30/2011,1791.27,40693.00,2339.00
5/31/2011,1825.89,40694.00,2340.00
6/1/2011,1819.17,40695.00,2341.00
6/2/2011,1810.56,40696.00,2342.00
6/3/2011,1807.98,40697.00,2343.00
6/6/2011,1843.18,40700.00,2346.00
6/7/2011,1857.35,40701.00,2347.00
6/8/2011,1876,40702.00,2348.00
6/9/2011,1850.29,40703.00,2349.00
6/10/2011,1835.53,40704.00,2350.00
6/13/2011,1872.3,40707.00,2353.00
6/14/2011,1888.56,40708.00,2354.00
6/15/2011,1972.65,40709.00,2355.00
6/16/2011,1966.61,40710.00,2356.00
6/17/2011,1979.66,40711.00,2357.00
6/20/2011,1965.49,40714.00,2360.00
6/21/2011,1980.44,40715.00,2361.00
6/22/2011,1985.21,40716.00,2362.00
6/23/2011,1975.76,40717.00,2363.00
6/24/2011,1992.32,40718.00,2364.00
6/27/2011,1978.44,40721.00,2367.00
6/28/2011,1982.14,40722.00,2368.00
6/29/2011,1984.58,40723.00,2369.00
6/30/2011,2065.94,40724.00,2370.00
7/1/2011,2081.08,40725.00,2371.00
7/4/2011,2084.15,40728.00,2374.00
7/5/2011,2086.48,40729.00,2375.00
7/6/2011,2085.36,40730.00,2376.00
7/7/2011,2104.31,40731.00,2377.00
7/8/2011,2101.87,40732.00,2378.00
7/11/2011,2079.77,40735.00,2381.00
7/12/2011,2079.28,40736.00,2382.00
7/13/2011,2103.28,40737.00,2383.00
7/14/2011,2096.61,40738.00,2384.00
7/15/2011,2110.34,40739.00,2385.00
7/18/2011,2125,40742.00,2388.00
7/19/2011,2147.79,40743.00,2389.00
7/20/2011,2134.3,40744.00,2390.00
7/21/2011,2134.74,40745.00,2391.00
7/22/2011,2189.08,40746.00,2392.00
7/25/2011,2231.68,40749.00,2395.00
7/26/2011,2227.05,40750.00,2396.00
7/27/2011,2229.05,40751.00,2397.00
7/28/2011,2209.72,40752.00,2398.00
7/29/2011,2229.88,40753.00,2399.00
8/1/2011,2235.28,40756.00,2402.00
8/2/2011,2235.28,40757.00,2403.00
8/3/2011,2208.36,40758.00,2404.00
8/4/2011,2162,40759.00,2405.00
8/5/2011,2065.79,40760.00,2406.00
8/8/2011,2033.61,40763.00,2409.00
8/9/2011,2003.76,40764.00,2410.00
8/10/2011,2028.25,40765.00,2411.00
8/11/2011,2010.58,40766.00,2412.00
8/12/2011,2027.13,40767.00,2413.00
8/16/2011,2006.1,40771.00,2417.00
8/17/2011,2006.63,40772.00,2418.00
8/18/2011,1982.53,40773.00,2419.00
8/19/2011,1933.3,40774.00,2420.00
8/22/2011,1961.35,40777.00,2423.00
8/23/2011,2009.16,40778.00,2424.00
8/24/2011,2011.5,40779.00,2425.00
8/25/2011,1971.33,40780.00,2426.00
8/26/2011,1945.48,40781.00,2427.00
8/29/2011,1914.27,40784.00,2430.00
8/30/2011,1879.45,40785.00,2431.00
9/2/2011,1897.03,40788.00,2434.00
9/5/2011,1897.96,40791.00,2437.00
9/6/2011,1939.98,40792.00,2438.00
9/7/2011,1997.62,40793.00,2439.00
9/8/2011,1978.2,40794.00,2440.00
9/9/2011,1963.93,40795.00,2441.00
9/12/2011,1941.78,40798.00,2444.00
9/13/2011,1934.08,40799.00,2445.00
9/14/2011,1942.56,40800.00,2446.00
9/15/2011,2008,40801.00,2447.00
9/16/2011,2013.6,40802.00,2448.00
9/19/2011,2010.53,40805.00,2451.00
9/20/2011,2019.49,40806.00,2452.00
9/21/2011,2017.73,40807.00,2453.00
9/22/2011,1993.24,40808.00,2454.00
9/23/2011,1994.9,40809.00,2455.00
9/26/2011,1966.02,40812.00,2458.00
9/27/2011,1960.81,40813.00,2459.00
9/28/2011,1991.49,40814.00,2460.00
9/29/2011,2005.27,40815.00,2461.00
9/30/2011,2005.12,40816.00,2462.00
10/3/2011,2026.45,40819.00,2465.00
10/4/2011,1996.36,40820.00,2466.00
10/5/2011,2015.35,40821.00,2467.00
10/7/2011,1987.64,40823.00,2469.00
10/10/2011,1978.59,40826.00,2472.00
10/11/2011,1967.34,40827.00,2473.00
10/12/2011,1983.16,40828.00,2474.00
10/13/2011,1964.47,40829.00,2475.00
10/14/2011,2010.24,40830.00,2476.00
10/17/2011,1987.16,40833.00,2479.00
10/18/2011,2014.81,40834.00,2480.00
10/19/2011,2007.85,40835.00,2481.00
10/20/2011,2020.5,40836.00,2482.00
10/21/2011,2023.54,40837.00,2483.00
10/24/2011,2041.79,40840.00,2486.00
10/25/2011,2044.78,40841.00,2487.00
10/26/2011,2025.65,40842.00,2488.00
10/28/2011,2040.96,40844.00,2490.00
10/31/2011,2178.63,40847.00,2493.00
11/1/2011,2105.31,40848.00,2494.00
11/2/2011,2161.27,40849.00,2495.00
11/3/2011,2167.65,40850.00,2496.00
11/4/2011,2146.6,40851.00,2497.00
11/8/2011,2123.8,40855.00,2501.00
11/9/2011,2095.15,40856.00,2502.00
11/11/2011,2111,40858.00,2504.00
11/14/2011,2107.76,40861.00,2507.00
11/15/2011,2054.2,40862.00,2508.00
11/16/2011,2036.2,40863.00,2509.00
11/17/2011,2021.88,40864.00,2510.00
11/18/2011,1992.84,40865.00,2511.00
11/21/2011,1960.42,40868.00,2514.00
11/22/2011,1927.85,40869.00,2515.00
11/23/2011,1899.99,40870.00,2516.00
11/24/2011,1884.1,40871.00,2517.00
11/25/2011,1888.91,40872.00,2518.00
11/28/2011,1890.04,40875.00,2521.00
11/29/2011,1870.03,40876.00,2522.00
11/30/2011,1867.82,40877.00,2523.00
12/1/2011,1871.74,40878.00,2524.00
12/2/2011,1958.36,40879.00,2525.00
12/5/2011,1942.03,40882.00,2528.00
12/6/2011,1942.03,40883.00,2529.00
12/7/2011,1941.29,40884.00,2530.00
12/8/2011,1914.27,40885.00,2531.00
12/9/2011,1926.77,40886.00,2532.00
12/12/2011,1899.55,40889.00,2535.00
12/13/2011,1887.73,40890.00,2536.00
12/14/2011,1877.92,40891.00,2537.00
12/15/2011,1845.36,40892.00,2538.00
12/16/2011,1826.28,40893.00,2539.00
12/19/2011,1769.92,40896.00,2542.00
12/20/2011,1786.65,40897.00,2543.00
12/21/2011,1795.97,40898.00,2544.00
12/22/2011,1876.6,40899.00,2545.00
12/23/2011,1897.1,40900.00,2546.00
12/26/2011,1902.84,40903.00,2549.00
12/27/2011,1896.17,40904.00,2550.00
12/28/2011,1897.89,40905.00,2551.00
12/29/2011,1909.75,40906.00,2552.00
12/30/2011,1935.31,40907.00,2553.00
1/2/2012,1922.65,40910.00,2556.00
1/3/2012,1922.16,40911.00,2557.00
1/4/2012,1904.85,40912.00,2558.00
1/5/2012,1912.11,40913.00,2559.00
1/6/2012,1869.68,40914.00,2560.00
1/9/2012,1839.22,40917.00,2563.00
1/10/2012,1861.69,40918.00,2564.00
1/11/2012,1869.93,40919.00,2565.00
1/12/2012,1833.24,40920.00,2566.00
1/13/2012,1838.69,40921.00,2567.00
1/16/2012,1830.15,40924.00,2570.00
1/17/2012,1869.88,40925.00,2571.00
1/18/2012,1835.5,40926.00,2572.00
1/19/2012,1861.98,40927.00,2573.00
1/20/2012,1848.69,40928.00,2574.00
1/23/2012,1818.82,40931.00,2577.00
1/24/2012,1826.37,40932.00,2578.00
1/25/2012,1845.85,40933.00,2579.00
1/26/2012,1845.85,40934.00,2580.00
1/27/2012,1901.32,40935.00,2581.00
1/30/2012,1885.28,40938.00,2584.00
1/31/2012,1870.62,40939.00,2585.00
2/1/2012,1871.74,40940.00,2586.00
2/2/2012,1847.51,40941.00,2587.00
2/3/2012,1864.78,40942.00,2588.00
2/6/2012,1925.55,40945.00,2591.00
2/7/2012,1907.94,40946.00,2592.00
2/8/2012,1936.88,40947.00,2593.00
2/9/2012,1944.77,40948.00,2594.00
2/10/2012,1956.89,40949.00,2595.00
2/13/2012,1951.4,40952.00,2598.00
2/14/2012,2066.61,40953.00,2599.00
2/15/2012,2080.98,40954.00,2600.00
2/16/2012,2084.31,40955.00,2601.00
2/17/2012,2063.67,40956.00,2602.00
2/20/2012,2063.67,40959.00,2605.00
2/21/2012,2037.92,40960.00,2606.00
2/22/2012,2001.42,40961.00,2607.00
2/23/2012,2004.81,40962.00,2608.00
2/24/2012,2112.08,40963.00,2609.00
2/27/2012,2167.55,40966.00,2612.00
2/28/2012,2267.46,40967.00,2613.00
2/29/2012,2268.58,40968.00,2614.00
3/1/2012,2198.99,40969.00,2615.00
3/2/2012,2167.6,40970.00,2616.00
3/5/2012,2188.34,40973.00,2619.00
3/6/2012,2281.73,40974.00,2620.00
3/7/2012,2192.76,40975.00,2621.00
3/8/2012,2192.76,40976.00,2622.00
3/9/2012,2227.39,40977.00,2623.00
3/12/2012,2265.59,40980.00,2626.00
3/13/2012,2384.43,40981.00,2627.00
3/14/2012,2358.64,40982.00,2628.00
3/15/2012,2350.49,40983.00,2629.00
3/16/2012,2314.15,40984.00,2630.00
3/19/2012,2350.35,40987.00,2633.00
3/20/2012,2306.99,40988.00,2634.00
3/21/2012,2316.21,40989.00,2635.00
3/22/2012,2315.52,40990.00,2636.00
3/23/2012,2329.31,40991.00,2637.00
3/26/2012,2311.31,40994.00,2640.00
3/27/2012,2316.41,40995.00,2641.00
3/28/2012,2318.52,40996.00,2642.00
3/29/2012,2360.99,40997.00,2643.00
3/30/2012,2471.59,40998.00,2644.00
4/2/2012,2492.14,41001.00,2647.00
4/3/2012,2460.85,41002.00,2648.00
4/4/2012,2453.2,41003.00,2649.00
4/5/2012,2453.2,41004.00,2650.00
4/6/2012,2453.2,41005.00,2651.00
4/9/2012,2389.19,41008.00,2654.00
4/10/2012,2404.1,41009.00,2655.00
4/11/2012,2459.62,41010.00,2656.00
4/12/2012,2561.45,41011.00,2657.00
4/13/2012,2514.02,41012.00,2658.00
4/16/2012,2519.27,41015.00,2661.00
4/17/2012,2517.3,41016.00,2662.00
4/18/2012,2511.12,41017.00,2663.00
4/19/2012,2537.61,41018.00,2664.00
4/20/2012,2493.03,41019.00,2665.00
4/23/2012,2438.53,41022.00,2668.00
4/24/2012,2475.96,41023.00,2669.00
4/25/2012,2490.62,41024.00,2670.00
4/26/2012,2468.26,41025.00,2671.00
4/27/2012,2485.03,41026.00,2672.00
4/30/2012,2522.4,41029.00,2675.00
5/1/2012,2529.81,41030.00,2676.00
5/2/2012,2488.81,41031.00,2677.00
5/3/2012,2479.83,41032.00,2678.00
5/4/2012,2454.82,41033.00,2679.00
5/7/2012,2456.68,41036.00,2682.00
5/8/2012,2451.87,41037.00,2683.00
5/9/2012,2409.11,41038.00,2684.00
5/10/2012,2399.98,41039.00,2685.00
5/11/2012,2389.73,41040.00,2686.00
5/14/2012,2363.05,41043.00,2689.00
5/15/2012,2347.99,41044.00,2690.00
5/16/2012,2313.66,41045.00,2691.00
5/17/2012,2332.35,41046.00,2692.00
5/18/2012,2350.2,41047.00,2693.00
5/21/2012,2341.47,41050.00,2696.00
5/22/2012,2343.92,41051.00,2697.00
5/23/2012,2329.4,41052.00,2698.00
5/24/2012,2322.73,41053.00,2699.00
5/25/2012,2306.06,41054.00,2700.00
5/28/2012,2373.06,41057.00,2703.00
5/29/2012,2372.22,41058.00,2704.00
5/30/2012,2367.76,41059.00,2705.00
5/31/2012,2452.81,41060.00,2706.00
6/1/2012,2371.63,41061.00,2707.00
6/4/2012,2340.24,41064.00,2710.00
6/5/2012,2308.51,41065.00,2711.00
6/6/2012,2327.49,41066.00,2712.00
6/7/2012,2309.39,41067.00,2713.00
6/8/2012,2298.65,41068.00,2714.00
6/11/2012,2312.14,41071.00,2717.00
6/12/2012,2305.86,41072.00,2718.00
6/13/2012,2306.2,41073.00,2719.00
6/14/2012,2324.84,41074.00,2720.00
6/15/2012,2325.92,41075.00,2721.00
6/18/2012,2286.88,41078.00,2724.00
6/19/2012,2284.53,41079.00,2725.00
6/20/2012,2276.53,41080.00,2726.00
6/21/2012,2277.66,41081.00,2727.00
6/22/2012,2267.85,41082.00,2728.00
6/25/2012,2258.04,41085.00,2731.00
6/26/2012,2252.94,41086.00,2732.00
6/27/2012,2308.02,41087.00,2733.00
6/28/2012,2316.16,41088.00,2734.00
6/29/2012,2303.75,41089.00,2735.00
7/2/2012,2345,41092.00,2738.00
7/3/2012,2332,41093.00,2739.00
7/4/2012,2321.51,41094.00,2740.00
7/5/2012,2314.2,41095.00,2741.00
7/6/2012,2343.24,41096.00,2742.00
7/9/2012,2307.14,41099.00,2745.00
7/10/2012,2321.65,41100.00,2746.00
7/11/2012,2311.21,41101.00,2747.00
7/12/2012,2312.97,41102.00,2748.00
7/13/2012,2301.94,41103.00,2749.00
7/16/2012,2300.42,41106.00,2752.00
7/17/2012,2286.93,41107.00,2753.00
7/18/2012,2279.23,41108.00,2754.00
7/19/2012,2258.33,41109.00,2755.00
7/20/2012,2258.48,41110.00,2756.00
7/23/2012,2253.87,41113.00,2759.00
7/24/2012,2269.66,41114.00,2760.00
7/25/2012,2317.14,41115.00,2761.00
7/26/2012,2294.73,41116.00,2762.00
7/27/2012,2302.87,41117.00,2763.00
7/30/2012,2294.33,41120.00,2766.00
7/31/2012,2304.83,41121.00,2767.00
8/1/2012,2312.87,41122.00,2768.00
8/2/2012,2370.01,41123.00,2769.00
8/3/2012,2347.8,41124.00,2770.00
8/6/2012,2341.13,41127.00,2773.00
8/7/2012,2350.3,41128.00,2774.00
8/8/2012,2341.96,41129.00,2775.00
8/9/2012,2328.52,41130.00,2776.00
8/10/2012,2337.25,41131.00,2777.00
8/13/2012,2365.75,41134.00,2780.00
8/14/2012,2325.58,41135.00,2781.00
8/15/2012,2325.58,41136.00,2782.00
8/16/2012,2323.52,41137.00,2783.00
8/17/2012,2320.13,41138.00,2784.00
8/20/2012,2320.13,41141.00,2787.00
8/21/2012,2294.78,41142.00,2788.00
8/22/2012,2303.11,41143.00,2789.00
8/23/2012,2277.46,41144.00,2790.00
8/24/2012,2181.92,41145.00,2791.00
8/27/2012,2169.22,41148.00,2794.00
8/28/2012,2153.62,41149.00,2795.00
8/29/2012,2154.94,41150.00,2796.00
8/30/2012,2206.05,41151.00,2797.00
8/31/2012,2182.65,41152.00,2798.00
9/3/2012,2160.19,41155.00,2801.00
9/4/2012,2161.22,41156.00,2802.00
9/5/2012,2156.66,41157.00,2803.00
9/6/2012,2149.45,41158.00,2804.00
9/7/2012,2151.66,41159.00,2805.00
9/10/2012,2115.41,41162.00,2808.00
9/11/2012,2139.64,41163.00,2809.00
9/12/2012,2106.53,41164.00,2810.00
9/13/2012,2112.42,41165.00,2811.00
9/14/2012,2113.99,41166.00,2812.00
9/17/2012,2086.03,41169.00,2815.00
9/18/2012,2094.61,41170.00,2816.00
9/19/2012,2094.61,41171.00,2817.00
9/20/2012,2095.89,41172.00,2818.00
9/21/2012,2073.67,41173.00,2819.00
9/24/2012,2072.74,41176.00,2822.00
9/25/2012,2082.7,41177.00,2823.00
9/26/2012,2080.88,41178.00,2824.00
9/27/2012,2083.33,41179.00,2825.00
9/28/2012,2088.68,41180.00,2826.00
10/1/2012,2141.85,41183.00,2829.00
10/2/2012,2141.85,41184.00,2830.00
10/3/2012,2142.78,41185.00,2831.00
10/4/2012,2137.19,41186.00,2832.00
10/5/2012,2166.47,41187.00,2833.00
10/8/2012,2153.23,41190.00,2836.00
10/9/2012,2159.31,41191.00,2837.00
10/10/2012,2183.68,41192.00,2838.00
10/11/2012,2206.79,41193.00,2839.00
10/12/2012,2199.18,41194.00,2840.00
10/15/2012,2183.39,41197.00,2843.00
10/16/2012,2176.38,41198.00,2844.00
10/17/2012,2176.28,41199.00,2845.00
10/18/2012,2185.2,41200.00,2846.00
10/19/2012,2196.68,41201.00,2847.00
10/22/2012,2184.08,41204.00,2850.00
10/23/2012,2184.17,41205.00,2851.00
10/24/2012,2184.17,41206.00,2852.00
10/25/2012,2176.47,41207.00,2853.00
10/26/2012,2176.47,41208.00,2854.00
10/29/2012,2174.46,41211.00,2857.00
10/30/2012,2166.76,41212.00,2858.00
10/31/2012,2183.64,41213.00,2859.00
11/1/2012,2176.28,41214.00,2860.00
11/2/2012,2170.15,41215.00,2861.00
11/5/2012,2154.16,41218.00,2864.00
11/6/2012,2143.96,41219.00,2865.00
11/7/2012,2151.26,41220.00,2866.00
11/8/2012,2146.46,41221.00,2867.00
11/9/2012,2180.1,41222.00,2868.00
11/12/2012,2170.93,41225.00,2871.00
11/13/2012,2170.93,41226.00,2872.00
11/14/2012,2170.93,41227.00,2873.00
11/15/2012,2153.81,41228.00,2874.00
11/16/2012,2138.46,41229.00,2875.00
11/19/2012,2151.8,41232.00,2878.00
11/20/2012,2145.92,41233.00,2879.00
11/21/2012,2133.41,41234.00,2880.00
11/22/2012,2120.41,41235.00,2881.00
11/23/2012,2134.73,41236.00,2882.00
11/26/2012,2173.48,41239.00,2885.00
11/27/2012,2268.98,41240.00,2886.00
11/28/2012,2268.98,41241.00,2887.00
11/29/2012,2312.87,41242.00,2888.00
11/30/2012,2325.21,41243.00,2889.00
12/3/2012,2390.22,41246.00,2892.00
12/4/2012,2404.1,41247.00,2893.00
12/5/2012,2388.05,41248.00,2894.00
12/6/2012,2397.78,41249.00,2895.00
12/7/2012,2386.32,41250.00,2896.00
12/10/2012,2369.98,41253.00,2899.00
12/11/2012,2368.21,41254.00,2900.00
12/12/2012,2369.93,41255.00,2901.00
12/13/2012,2369.98,41256.00,2902.00
12/14/2012,2389.14,41257.00,2903.00
12/17/2012,2409.43,41260.00,2906.00
12/18/2012,2418.51,41261.00,2907.00
12/19/2012,2433.03,41262.00,2908.00
12/20/2012,2417.23,41263.00,2909.00
12/21/2012,2418.41,41264.00,2910.00
12/24/2012,2429.37,41267.00,2913.00
12/25/2012,2429.37,41268.00,2914.00
12/26/2012,2415.7,41269.00,2915.00
12/27/2012,2419.25,41270.00,2916.00
12/28/2012,2422.26,41271.00,2917.00
12/31/2012,2446.7,41274.00,2920.00
1/1/2013,2467.19,41275.00,2921.00
1/2/2013,2450.7,41276.00,2922.00
1/3/2013,2470.2,41277.00,2923.00
1/4/2013,2470.45,41278.00,2924.00
1/7/2013,2483.92,41281.00,2927.00
1/8/2013,2505.45,41282.00,2928.00
1/9/2013,2513.94,41283.00,2929.00
1/10/2013,2517.79,41284.00,2930.00
1/11/2013,2518.33,41285.00,2931.00
1/14/2013,2515.57,41288.00,2934.00
1/15/2013,2469.46,41289.00,2935.00
1/16/2013,2470.1,41290.00,2936.00
1/17/2013,2432.24,41291.00,2937.00
1/18/2013,2400.89,41292.00,2938.00
1/21/2013,2379.46,41295.00,2941.00
1/22/2013,2393.83,41296.00,2942.00
1/23/2013,2337.45,41297.00,2943.00
1/24/2013,2300.82,41298.00,2944.00
1/25/2013,2323.48,41299.00,2945.00
1/28/2013,2290.9,41302.00,2948.00
1/29/2013,2307.19,41303.00,2949.00
1/30/2013,2273.82,41304.00,2950.00
1/31/2013,2298.7,41305.00,2951.00
2/1/2013,2301.41,41306.00,2952.00
2/4/2013,2316.17,41309.00,2955.00
2/5/2013,2306.94,41310.00,2956.00
2/6/2013,2275.69,41311.00,2957.00
2/7/2013,2246.56,41312.00,2958.00
2/8/2013,2243.31,41313.00,2959.00
2/11/2013,2123.05,41316.00,2962.00
2/12/2013,2173.6,41317.00,2963.00
2/13/2013,2186.68,41318.00,2964.00
2/14/2013,2183.42,41319.00,2965.00
2/15/2013,2185.55,41320.00,2966.00
2/18/2013,2198.38,41323.00,2969.00
2/19/2013,2194.19,41324.00,2970.00
2/20/2013,2178.78,41325.00,2971.00
2/21/2013,2178.68,41326.00,2972.00
2/22/2013,2169.8,41327.00,2973.00
2/25/2013,2150.45,41330.00,2976.00
2/26/2013,2121.91,41331.00,2977.00
2/27/2013,2122.01,41332.00,2978.00
2/28/2013,2078.47,41333.00,2979.00
3/1/2013,2063.07,41334.00,2980.00
3/4/2013,1948.98,41337.00,2983.00
3/5/2013,1942.86,41338.00,2984.00
3/6/2013,1934.32,41339.00,2985.00
3/7/2013,1934.56,41340.00,2986.00
3/8/2013,1926.17,41341.00,2987.00
3/11/2013,1975.34,41344.00,2990.00
3/12/2013,1981.41,41345.00,2991.00
3/13/2013,1963.69,41346.00,2992.00
3/14/2013,1963.2,41347.00,2993.00
3/15/2013,1960.58,41348.00,2994.00
3/18/2013,1994.1,41351.00,2997.00
3/19/2013,1954.61,41352.00,2998.00
3/20/2013,1986.1,41353.00,2999.00
3/21/2013,2023.57,41354.00,3000.00
3/22/2013,2004.22,41355.00,3001.00
3/25/2013,1959.89,41358.00,3004.00
3/26/2013,1978.75,41359.00,3005.00
3/27/2013,1978.75,41360.00,3006.00
3/28/2013,1979.39,41361.00,3007.00
3/29/2013,1979.39,41362.00,3008.00
4/1/2013,1979.83,41365.00,3011.00
4/2/2013,2036.75,41366.00,3012.00
4/3/2013,2027.62,41367.00,3013.00
4/4/2013,2068,41368.00,3014.00
4/5/2013,2015.43,41369.00,3015.00
4/8/2013,2002.69,41372.00,3018.00
4/9/2013,2002.29,41373.00,3019.00
4/10/2013,2004.52,41374.00,3020.00
4/11/2013,1975.69,41375.00,3021.00
4/12/2013,2000.86,41376.00,3022.00
4/15/2013,2004.96,41379.00,3025.00
4/16/2013,1995.28,41380.00,3026.00
4/17/2013,2033.1,41381.00,3027.00
4/18/2013,2025.6,41382.00,3028.00
4/19/2013,2025.6,41383.00,3029.00
4/22/2013,2043.57,41386.00,3032.00
4/23/2013,2067.11,41387.00,3033.00
4/24/2013,2067.11,41388.00,3034.00
4/25/2013,2052.6,41389.00,3035.00
4/26/2013,1999.83,41390.00,3036.00
4/29/2013,2020.81,41393.00,3039.00
4/30/2013,2043.42,41394.00,3040.00
5/1/2013,2043.42,41395.00,3041.00
5/2/2013,2063.66,41396.00,3042.00
5/3/2013,2058.97,41397.00,3043.00
5/6/2013,2075.26,41400.00,3046.00
5/7/2013,2100.14,41401.00,3047.00
5/8/2013,2073.43,41402.00,3048.00
5/9/2013,2083.8,41403.00,3049.00
5/10/2013,2090.42,41404.00,3050.00
5/13/2013,2114.95,41407.00,3053.00
5/14/2013,2119.1,41408.00,3054.00
5/15/2013,2134.6,41409.00,3055.00
5/16/2013,2134.85,41410.00,3056.00
5/17/2013,2115.1,41411.00,3057.00
5/20/2013,2164.91,41414.00,3060.00
5/21/2013,2169.06,41415.00,3061.00
5/22/2013,2153.51,41416.00,3062.00
5/23/2013,2119.2,41417.00,3063.00
5/24/2013,2096.04,41418.00,3064.00
5/27/2013,2078.81,41421.00,3067.00
5/28/2013,2030.48,41422.00,3068.00
5/29/2013,2082.12,41423.00,3069.00
5/30/2013,2127.69,41424.00,3070.00
5/31/2013,2175.38,41425.00,3071.00
6/3/2013,2310.25,41428.00,3074.00
6/4/2013,2259.25,41429.00,3075.00
6/5/2013,2236.79,41430.00,3076.00
6/6/2013,2223.31,41431.00,3077.00
6/7/2013,2230.92,41432.00,3078.00
6/10/2013,2225.78,41435.00,3081.00
6/11/2013,2298.7,41436.00,3082.00
6/12/2013,2240.89,41437.00,3083.00
6/13/2013,2155.23,41438.00,3084.00
6/14/2013,2197.49,41439.00,3085.00
6/17/2013,2171.72,41442.00,3088.00
6/18/2013,2153.01,41443.00,3089.00
6/19/2013,2151.88,41444.00,3090.00
6/20/2013,2104.34,41445.00,3091.00
6/21/2013,2078.12,41446.00,3092.00
6/24/2013,2073.48,41449.00,3095.00
6/25/2013,2074.77,41450.00,3096.00
6/26/2013,2073.63,41451.00,3097.00
6/27/2013,2073.53,41452.00,3098.00
6/28/2013,2075.31,41453.00,3099.00
7/1/2013,2110.41,41456.00,3102.00
7/2/2013,2134.55,41457.00,3103.00
7/3/2013,2200.8,41458.00,3104.00
7/4/2013,2209.39,41459.00,3105.00
7/5/2013,2217.14,41460.00,3106.00
7/8/2013,2233.19,41463.00,3109.00
7/9/2013,2204.8,41464.00,3110.00
7/10/2013,2186.44,41465.00,3111.00
7/11/2013,2201.79,41466.00,3112.00
7/12/2013,2269.77,41467.00,3113.00
7/15/2013,2275.89,41470.00,3116.00
7/16/2013,2292.62,41471.00,3117.00
7/17/2013,2365.34,41472.00,3118.00
7/18/2013,2395.51,41473.00,3119.00
7/19/2013,2392.4,41474.00,3120.00
7/22/2013,2268.38,41477.00,3123.00
7/23/2013,2244.59,41478.00,3124.00
7/24/2013,2210.08,41479.00,3125.00
7/25/2013,2205.49,41480.00,3126.00
7/26/2013,2154.54,41481.00,3127.00
7/29/2013,2133.41,41484.00,3130.00
7/30/2013,2161.9,41485.00,3131.00
7/31/2013,2137.86,41486.00,3132.00
8/1/2013,2132.43,41487.00,3133.00
8/2/2013,2084.89,41488.00,3134.00
8/5/2013,2096.19,41491.00,3137.00
8/6/2013,2075.26,41492.00,3138.00
8/7/2013,2130.21,41493.00,3139.00
8/8/2013,2189.45,41494.00,3140.00
8/9/2013,2189.45,41495.00,3141.00
8/12/2013,2171.13,41498.00,3144.00
8/13/2013,2144.82,41499.00,3145.00
8/14/2013,2155.38,41500.00,3146.00
8/15/2013,2155.38,41501.00,3147.00
8/16/2013,2121.71,41502.00,3148.00
8/19/2013,2093.28,41505.00,3151.00
8/20/2013,2003.53,41506.00,3152.00
8/21/2013,2012.07,41507.00,3153.00
8/22/2013,2074.57,41508.00,3154.00
8/23/2013,2081.92,41509.00,3155.00
8/26/2013,2072.4,41512.00,3158.00
8/27/2013,2037.3,41513.00,3159.00
8/28/2013,2005.21,41514.00,3160.00
8/29/2013,2032.66,41515.00,3161.00
8/30/2013,2014.19,41516.00,3162.00
9/2/2013,2056.2,41519.00,3165.00
9/3/2013,2005.36,41520.00,3166.00
9/4/2013,2012.22,41521.00,3167.00
9/5/2013,2018.49,41522.00,3168.00
9/6/2013,2008.37,41523.00,3169.00
9/9/2013,2008.37,41526.00,3172.00
9/10/2013,2061.93,41527.00,3173.00
9/11/2013,2039.27,41528.00,3174.00
9/12/2013,2052.85,41529.00,3175.00
9/13/2013,2028.36,41530.00,3176.00
9/16/2013,2059.66,41533.00,3179.00
9/17/2013,2020.41,41534.00,3180.00
9/18/2013,2024.9,41535.00,3181.00
9/19/2013,2037.39,41536.00,3182.00
9/20/2013,2035.47,41537.00,3183.00
9/23/2013,1987.29,41540.00,3186.00
9/24/2013,1974.94,41541.00,3187.00
9/25/2013,2014.19,41542.00,3188.00
9/26/2013,2225.44,41543.00,3189.00
9/27/2013,2173.99,41544.00,3190.00
9/30/2013,2110.01,41547.00,3193.00
10/1/2013,2089.77,41548.00,3194.00
10/2/2013,2089.77,41549.00,3195.00
10/3/2013,2099.94,41550.00,3196.00
10/4/2013,2059.51,41551.00,3197.00
10/7/2013,2047.91,41554.00,3200.00
10/8/2013,2045.69,41555.00,3201.00
10/9/2013,2030.09,41556.00,3202.00
10/10/2013,2035.37,41557.00,3203.00
10/11/2013,2033.15,41558.00,3204.00
10/14/2013,2040.01,41561.00,3207.00
10/15/2013,2041.74,41562.00,3208.00
10/16/2013,2041.74,41563.00,3209.00
10/17/2013,2038.68,41564.00,3210.00
10/18/2013,2058.87,41565.00,3211.00
10/21/2013,2069.63,41568.00,3214.00
10/22/2013,2050.48,41569.00,3215.00
10/23/2013,2055.22,41570.00,3216.00
10/24/2013,2050.33,41571.00,3217.00
10/25/2013,2060.45,41572.00,3218.00
10/28/2013,2073.04,41575.00,3221.00
10/29/2013,2037.99,41576.00,3222.00
10/30/2013,2066.27,41577.00,3223.00
10/31/2013,2082.53,41578.00,3224.00
11/1/2013,2054.59,41579.00,3225.00
11/4/2013,2054.59,41582.00,3228.00
11/5/2013,2056.38,41583.00,3229.00
11/6/2013,2041.31,41584.00,3230.00
11/7/2013,2031.57,41585.00,3231.00
11/8/2013,1977.07,41586.00,3232.00
11/11/2013,1956.48,41589.00,3235.00
11/12/2013,1950.72,41590.00,3236.00
11/13/2013,2044.99,41591.00,3237.00
11/14/2013,1922.62,41592.00,3238.00
11/15/2013,1922.62,41593.00,3239.00
11/18/2013,1942.46,41596.00,3242.00
11/19/2013,1927.99,41597.00,3243.00
11/20/2013,1917.8,41598.00,3244.00
11/21/2013,1930.73,41599.00,3245.00
11/22/2013,1922.47,41600.00,3246.00
11/25/2013,1907.51,41603.00,3249.00
11/26/2013,1903.58,41604.00,3250.00
11/27/2013,1876.13,41605.00,3251.00
11/28/2013,1872.7,41606.00,3252.00
11/29/2013,1883.99,41607.00,3253.00
12/2/2013,1879.61,41610.00,3256.00
12/3/2013,1893.83,41611.00,3257.00
12/4/2013,1890.1,41612.00,3258.00
12/5/2013,1891.79,41613.00,3259.00
12/6/2013,1950.87,41614.00,3260.00
12/9/2013,1938.14,41617.00,3263.00
12/10/2013,1928.89,41618.00,3264.00
12/11/2013,1912.68,41619.00,3265.00
12/12/2013,1948.53,41620.00,3266.00
12/13/2013,1957.48,41621.00,3267.00
12/16/2013,1927.1,41624.00,3270.00
12/17/2013,1939.23,41625.00,3271.00
12/18/2013,2014.26,41626.00,3272.00
12/19/2013,2052.2,41627.00,3273.00
12/20/2013,1981.2,41628.00,3274.00
12/23/2013,1981.94,41631.00,3277.00
12/24/2013,2001.68,41632.00,3278.00
12/25/2013,2001.68,41633.00,3279.00
12/26/2013,2002.78,41634.00,3280.00
12/27/2013,2042.66,41635.00,3281.00
12/30/2013,2045.54,41638.00,3284.00
12/31/2013,2052.35,41639.00,3285.00
1/1/2014,2043.25,41640.00,3286.00
1/2/2014,2013.57,41641.00,3287.00
1/3/2014,2061.05,41642.00,3288.00
1/6/2014,2127.58,41645.00,3291.00
1/7/2014,2188.94,41646.00,3292.00
1/8/2014,2105.66,41647.00,3293.00
1/9/2014,2056.08,41648.00,3294.00
1/10/2014,2063.39,41649.00,3295.00
1/13/2014,2064.39,41652.00,3298.00
1/14/2014,2076.27,41653.00,3299.00
1/15/2014,2088.5,41654.00,3300.00
1/16/2014,2098.45,41655.00,3301.00
1/17/2014,2087.95,41656.00,3302.00
1/20/2014,2086.02,41659.00,3305.00
1/21/2014,2082.19,41660.00,3306.00
1/22/2014,2076.67,41661.00,3307.00
1/23/2014,2133.65,41662.00,3308.00
1/24/2014,2106.85,41663.00,3309.00
1/27/2014,2044.2,41666.00,3312.00
1/28/2014,2057.03,41667.00,3313.00
1/29/2014,2075.67,41668.00,3314.00
1/30/2014,2049.72,41669.00,3315.00
1/31/2014,2040.17,41670.00,3316.00
2/3/2014,2023.86,41673.00,3319.00
2/4/2014,2010.09,41674.00,3320.00
2/5/2014,2020.13,41675.00,3321.00
2/6/2014,1994.27,41676.00,3322.00
2/7/2014,1970.66,41677.00,3323.00
2/10/2014,1967.22,41680.00,3326.00
2/11/2014,1984.83,41681.00,3327.00
2/12/2014,1995.77,41682.00,3328.00
2/13/2014,1999.1,41683.00,3329.00
2/14/2014,1963.35,41684.00,3330.00
2/17/2014,1963,41687.00,3333.00
2/18/2014,1941.52,41688.00,3334.00
2/19/2014,1945.79,41689.00,3335.00
2/20/2014,1933.06,41690.00,3336.00
2/21/2014,1941.72,41691.00,3337.00
2/24/2014,1950.22,41694.00,3340.00
2/25/2014,1957.63,41695.00,3341.00
2/26/2014,1931.97,41696.00,3342.00
2/27/2014,1931.97,41697.00,3343.00
2/28/2014,1932.12,41698.00,3344.00
3/3/2014,1942.51,41701.00,3347.00
3/4/2014,1942.96,41702.00,3348.00
3/5/2014,1936.4,41703.00,3349.00
3/6/2014,1939.18,41704.00,3350.00
3/7/2014,1931.47,41705.00,3351.00
3/10/2014,1931.22,41708.00,3354.00
3/11/2014,1923.92,41709.00,3355.00
3/12/2014,1921.03,41710.00,3356.00
3/13/2014,1918.25,41711.00,3357.00
3/14/2014,1909.15,41712.00,3358.00
3/17/2014,1909.15,41715.00,3361.00
3/18/2014,1903.63,41716.00,3362.00
3/19/2014,1893.43,41717.00,3363.00
3/20/2014,1886.77,41718.00,3364.00
3/21/2014,1881.2,41719.00,3365.00
3/24/2014,1869.62,41722.00,3368.00
3/25/2014,1866.63,41723.00,3369.00
3/26/2014,1902.88,41724.00,3370.00
3/27/2014,1920.73,41725.00,3371.00
3/28/2014,1981.3,41726.00,3372.00
3/31/2014,1962.65,41729.00,3375.00
4/1/2014,1969.26,41730.00,3376.00
4/2/2014,1942.66,41731.00,3377.00
4/3/2014,1920.14,41732.00,3378.00
4/4/2014,1925.56,41733.00,3379.00
4/7/2014,1940.13,41736.00,3382.00
4/8/2014,1940.13,41737.00,3383.00
4/9/2014,1938.09,41738.00,3384.00
4/10/2014,1932.27,41739.00,3385.00
4/11/2014,1908.1,41740.00,3386.00
4/14/2014,1908.1,41743.00,3389.00
4/15/2014,1895.87,41744.00,3390.00
4/16/2014,1885.18,41745.00,3391.00
4/17/2014,1878.52,41746.00,3392.00
4/18/2014,1878.52,41747.00,3393.00
4/21/2014,1888.81,41750.00,3396.00
4/22/2014,1877.77,41751.00,3397.00
4/23/2014,1890.85,41752.00,3398.00
4/24/2014,1890.85,41753.00,3399.00
4/25/2014,1889.31,41754.00,3400.00
4/28/2014,1891.5,41757.00,3403.00
4/29/2014,1889.71,41758.00,3404.00
4/30/2014,1891.99,41759.00,3405.00
5/1/2014,1891.99,41760.00,3406.00
5/2/2014,1886.62,41761.00,3407.00
5/5/2014,1885.18,41764.00,3410.00
5/6/2014,1877.97,41765.00,3411.00
5/7/2014,1875.19,41766.00,3412.00
5/8/2014,1871.06,41767.00,3413.00
5/9/2014,1868.32,41768.00,3414.00
5/12/2014,1865.39,41771.00,3417.00
5/13/2014,1901.54,41772.00,3418.00
5/14/2014,1869.42,41773.00,3419.00
5/15/2014,1879.31,41774.00,3420.00
5/16/2014,1846.25,41775.00,3421.00
5/19/2014,1863.95,41778.00,3424.00
5/20/2014,1895.27,41779.00,3425.00
5/21/2014,1893.09,41780.00,3426.00
5/22/2014,1919.09,41781.00,3427.00
5/23/2014,1926.2,41782.00,3428.00
5/26/2014,1938.58,41785.00,3431.00
5/27/2014,1989.5,41786.00,3432.00
5/28/2014,1984.28,41787.00,3433.00
5/29/2014,1941.27,41788.00,3434.00
5/30/2014,1971.15,41789.00,3435.00
6/2/2014,1986.37,41792.00,3438.00
6/3/2014,1975.38,41793.00,3439.00
6/4/2014,1962.75,41794.00,3440.00
6/5/2014,1964.39,41795.00,3441.00
6/6/2014,1974.68,41796.00,3442.00
6/9/2014,1983.98,41799.00,3445.00
6/10/2014,1996.66,41800.00,3446.00
6/11/2014,1998.15,41801.00,3447.00
6/12/2014,2014.81,41802.00,3448.00
6/13/2014,2039.23,41803.00,3449.00
6/16/2014,2032.31,41806.00,3452.00
6/17/2014,2067.32,41807.00,3453.00
6/18/2014,2037.63,41808.00,3454.00
6/19/2014,2047.73,41809.00,3455.00
6/20/2014,2018.59,41810.00,3456.00
6/23/2014,2040.12,41813.00,3459.00
6/24/2014,2110.83,41814.00,3460.00
6/25/2014,2112.27,41815.00,3461.00
6/26/2014,2122.16,41816.00,3462.00
6/27/2014,2117.04,41817.00,3463.00
6/30/2014,2116.79,41820.00,3466.00
7/1/2014,2166.02,41821.00,3467.00
7/2/2014,2204.81,41822.00,3468.00
7/3/2014,2268.6,41823.00,3469.00
7/4/2014,2272.38,41824.00,3470.00
7/7/2014,2255.52,41827.00,3473.00
7/8/2014,2178.1,41828.00,3474.00
7/9/2014,2139.32,41829.00,3475.00
7/10/2014,2108.09,41830.00,3476.00
7/11/2014,2098.6,41831.00,3477.00
7/14/2014,2114.11,41834.00,3480.00
7/15/2014,2126.84,41835.00,3481.00
7/16/2014,2113.71,41836.00,3482.00
7/17/2014,2151.25,41837.00,3483.00
7/18/2014,2204.06,41838.00,3484.00
7/21/2014,2223.3,41841.00,3487.00
7/22/2014,2288.39,41842.00,3488.00
7/23/2014,2263.43,41843.00,3489.00
7/24/2014,2257.26,41844.00,3490.00
7/25/2014,2281.03,41845.00,3491.00
7/28/2014,2314.84,41848.00,3494.00
7/29/2014,2314.84,41849.00,3495.00
7/30/2014,2311.02,41850.00,3496.00
7/31/2014,2287.1,41851.00,3497.00
8/1/2014,2283.27,41852.00,3498.00
8/4/2014,2317.73,41855.00,3501.00
8/5/2014,2332,41856.00,3502.00
8/6/2014,2351.24,41857.00,3503.00
8/7/2014,2332.7,41858.00,3504.00
8/8/2014,2283.62,41859.00,3505.00
8/11/2014,2333.19,41862.00,3508.00
8/12/2014,2345.67,41863.00,3509.00
8/13/2014,2367.05,41864.00,3510.00
8/14/2014,2488.18,41865.00,3511.00
8/15/2014,2488.18,41866.00,3512.00
8/18/2014,2530.75,41869.00,3515.00
8/19/2014,2467.75,41870.00,3516.00
8/20/2014,2506.93,41871.00,3517.00
8/21/2014,2494.6,41872.00,3518.00
8/22/2014,2518.96,41873.00,3519.00
8/25/2014,2545.71,41876.00,3522.00
8/26/2014,2550.63,41877.00,3523.00
8/27/2014,2550.34,41878.00,3524.00
8/28/2014,2563.91,41879.00,3525.00
8/29/2014,2563.91,41880.00,3526.00
9/1/2014,2679.77,41883.00,3529.00
9/2/2014,2659.03,41884.00,3530.00
9/3/2014,2626.81,41885.00,3531.00
9/4/2014,2623.98,41886.00,3532.00
9/5/2014,2593.99,41887.00,3533.00
9/8/2014,2634.62,41890.00,3536.00
9/9/2014,2694.59,41891.00,3537.00
9/10/2014,2700.95,41892.00,3538.00
9/11/2014,2697.8,41893.00,3539.00
9/12/2014,2733.85,41894.00,3540.00
9/15/2014,2700.15,41897.00,3543.00
9/16/2014,2701.1,41898.00,3544.00
9/17/2014,2700.35,41899.00,3545.00
9/18/2014,2714.55,41900.00,3546.00
9/19/2014,2689.85,41901.00,3547.00
9/22/2014,2697.25,41904.00,3550.00
9/23/2014,2746.1,41905.00,3551.00
9/24/2014,2762.6,41906.00,3552.00
9/25/2014,2707.85,41907.00,3553.00
9/26/2014,2760.4,41908.00,3554.00
9/29/2014,2792,41911.00,3557.00
9/30/2014,2794,41912.00,3558.00
10/1/2014,2807.95,41913.00,3559.00
10/2/2014,2818.95,41914.00,3560.00
10/3/2014,2818.95,41915.00,3561.00
10/6/2014,2818.95,41918.00,3564.00
10/7/2014,2829.05,41919.00,3565.00
10/8/2014,2865.1,41920.00,3566.00
10/9/2014,2819.55,41921.00,3567.00
10/10/2014,2826.65,41922.00,3568.00
10/13/2014,2782.7,41925.00,3571.00
10/14/2014,2803.6,41926.00,3572.00
10/15/2014,2803.6,41927.00,3573.00
10/16/2014,2811.1,41928.00,3574.00
10/17/2014,2769.15,41929.00,3575.00
10/20/2014,2770.6,41932.00,3578.00
10/21/2014,2793.75,41933.00,3579.00
10/22/2014,2802.4,41934.00,3580.00
10/23/2014,2802.4,41935.00,3581.00
10/24/2014,2802.4,41936.00,3582.00
