1/3/2005,25.31,38355.00,1.00
1/4/2005,25.56,38356.00,2.00
1/5/2005,24.59,38357.00,3.00
1/6/2005,23.88,38358.00,4.00
1/7/2005,23.41,38359.00,5.00
1/10/2005,22.48,38362.00,8.00
1/11/2005,22.6,38363.00,9.00
1/12/2005,21.51,38364.00,10.00
1/13/2005,22.73,38365.00,11.00
1/14/2005,21.69,38366.00,12.00
1/17/2005,22.7,38369.00,15.00
1/18/2005,23.82,38370.00,16.00
1/19/2005,23.38,38371.00,17.00
1/20/2005,22.86,38372.00,18.00
1/25/2005,21.86,38377.00,23.00
1/27/2005,22.27,38379.00,25.00
1/28/2005,23.94,38380.00,26.00
1/31/2005,24.41,38383.00,29.00
2/1/2005,24.08,38384.00,30.00
2/2/2005,24.83,38385.00,31.00
2/3/2005,25.05,38386.00,32.00
2/4/2005,25.04,38387.00,33.00
2/7/2005,24.75,38390.00,36.00
2/8/2005,24.96,38391.00,37.00
2/9/2005,24.85,38392.00,38.00
2/10/2005,25.48,38393.00,39.00
2/11/2005,25.95,38394.00,40.00
2/14/2005,25.9,38397.00,43.00
2/15/2005,26.68,38398.00,44.00
2/16/2005,26.36,38399.00,45.00
2/17/2005,26.52,38400.00,46.00
2/18/2005,26.19,38401.00,47.00
2/21/2005,25.98,38404.00,50.00
2/22/2005,25.98,38405.00,51.00
2/23/2005,25.69,38406.00,52.00
2/24/2005,25.54,38407.00,53.00
2/25/2005,25.44,38408.00,54.00
2/28/2005,25.86,38411.00,57.00
3/1/2005,25.09,38412.00,58.00
3/2/2005,25.21,38413.00,59.00
3/3/2005,25.59,38414.00,60.00
3/4/2005,25.59,38415.00,61.00
3/7/2005,25.43,38418.00,64.00
3/8/2005,25.37,38419.00,65.00
3/9/2005,25.04,38420.00,66.00
3/11/2005,24.93,38422.00,68.00
3/14/2005,24.66,38425.00,71.00
3/15/2005,24.33,38426.00,72.00
3/16/2005,24.11,38427.00,73.00
3/18/2005,24.03,38429.00,75.00
3/21/2005,23.88,38432.00,78.00
3/22/2005,22.8,38433.00,79.00
3/23/2005,21.68,38434.00,80.00
3/24/2005,21.56,38435.00,81.00
3/28/2005,22.33,38439.00,85.00
3/29/2005,21.6,38440.00,86.00
3/30/2005,22.6,38441.00,87.00
3/31/2005,22.73,38442.00,88.00
4/1/2005,22.96,38443.00,89.00
4/4/2005,22.59,38446.00,92.00
4/5/2005,21.98,38447.00,93.00
4/6/2005,22.3,38448.00,94.00
4/7/2005,21.99,38449.00,95.00
4/8/2005,21.68,38450.00,96.00
4/12/2005,22.07,38454.00,100.00
4/13/2005,22.33,38455.00,101.00
4/15/2005,21.45,38457.00,103.00
4/18/2005,21.02,38460.00,106.00
4/19/2005,21.34,38461.00,107.00
4/20/2005,22.42,38462.00,108.00
4/21/2005,22.96,38463.00,109.00
4/22/2005,22.71,38464.00,110.00
4/25/2005,22.6,38467.00,113.00
4/26/2005,22.42,38468.00,114.00
4/27/2005,22.2,38469.00,115.00
4/28/2005,22.26,38470.00,116.00
4/29/2005,21.93,38471.00,117.00
5/2/2005,21.99,38474.00,120.00
5/3/2005,22.09,38475.00,121.00
5/4/2005,22.95,38476.00,122.00
5/5/2005,22.78,38477.00,123.00
5/6/2005,22.67,38478.00,124.00
5/9/2005,22.92,38481.00,127.00
5/10/2005,23.36,38482.00,128.00
5/11/2005,23.08,38483.00,129.00
5/12/2005,23.32,38484.00,130.00
5/13/2005,23.36,38485.00,131.00
5/16/2005,23.41,38488.00,134.00
5/17/2005,22.83,38489.00,135.00
5/19/2005,23.13,38491.00,137.00
5/20/2005,23.25,38492.00,138.00
5/23/2005,23.12,38495.00,141.00
5/24/2005,23.41,38496.00,142.00
5/25/2005,23.71,38497.00,143.00
5/26/2005,24.67,38498.00,144.00
5/30/2005,24.24,38502.00,148.00
5/31/2005,24.46,38503.00,149.00
6/1/2005,23.95,38504.00,150.00
6/2/2005,23.62,38505.00,151.00
6/6/2005,23.93,38509.00,155.00
6/7/2005,24.37,38510.00,156.00
6/8/2005,24.25,38511.00,157.00
6/9/2005,24.36,38512.00,158.00
6/10/2005,24.13,38513.00,159.00
6/14/2005,24.11,38517.00,163.00
6/15/2005,24.64,38518.00,164.00
6/16/2005,24.27,38519.00,165.00
6/17/2005,23.72,38520.00,166.00
6/20/2005,23.24,38523.00,169.00
6/21/2005,23.78,38524.00,170.00
6/22/2005,24.02,38525.00,171.00
6/23/2005,23.95,38526.00,172.00
6/24/2005,23.92,38527.00,173.00
6/27/2005,24.22,38530.00,176.00
6/28/2005,24,38531.00,177.00
6/29/2005,23.61,38532.00,178.00
6/30/2005,23.88,38533.00,179.00
7/4/2005,25.24,38537.00,183.00
7/5/2005,24.67,38538.00,184.00
7/6/2005,25.32,38539.00,185.00
7/7/2005,25.07,38540.00,186.00
7/8/2005,25.15,38541.00,187.00
7/11/2005,25.15,38544.00,190.00
7/13/2005,25.87,38546.00,192.00
7/14/2005,25.68,38547.00,193.00
7/15/2005,25.51,38548.00,194.00
7/18/2005,25.58,38551.00,197.00
7/19/2005,25.18,38552.00,198.00
7/20/2005,25.36,38553.00,199.00
7/21/2005,25.15,38554.00,200.00
7/22/2005,25.47,38555.00,201.00
7/25/2005,25.54,38558.00,204.00
7/26/2005,25.31,38559.00,205.00
7/27/2005,25.35,38560.00,206.00
7/29/2005,24.93,38562.00,208.00
8/1/2005,25.57,38565.00,211.00
8/2/2005,26,38566.00,212.00
8/3/2005,25.8,38567.00,213.00
8/4/2005,25.89,38568.00,214.00
8/5/2005,27.19,38569.00,215.00
8/8/2005,26.42,38572.00,218.00
8/9/2005,26.12,38573.00,219.00
8/10/2005,26.96,38574.00,220.00
8/11/2005,27.06,38575.00,221.00
8/12/2005,26.89,38576.00,222.00
8/16/2005,26.44,38580.00,226.00
8/17/2005,27.04,38581.00,227.00
8/18/2005,27.3,38582.00,228.00
8/19/2005,27.25,38583.00,229.00
8/22/2005,27.42,38586.00,232.00
8/24/2005,26.5,38588.00,234.00
8/25/2005,27.25,38589.00,235.00
8/26/2005,27.19,38590.00,236.00
8/29/2005,26.81,38593.00,239.00
8/30/2005,27.34,38594.00,240.00
8/31/2005,28.58,38595.00,241.00
9/1/2005,28.88,38596.00,242.00
9/2/2005,29.77,38597.00,243.00
9/5/2005,29.19,38600.00,246.00
9/6/2005,29.22,38601.00,247.00
9/8/2005,29.31,38603.00,249.00
9/9/2005,29.02,38604.00,250.00
9/12/2005,29.45,38607.00,253.00
9/13/2005,29.39,38608.00,254.00
9/14/2005,28.95,38609.00,255.00
9/15/2005,29.26,38610.00,256.00
9/16/2005,29.13,38611.00,257.00
9/19/2005,29.26,38614.00,260.00
9/20/2005,28.95,38615.00,261.00
9/22/2005,27.32,38617.00,263.00
9/23/2005,27.28,38618.00,264.00
9/26/2005,28.44,38621.00,267.00
9/27/2005,28.63,38622.00,268.00
9/28/2005,29.41,38623.00,269.00
9/29/2005,29.7,38624.00,270.00
9/30/2005,30.49,38625.00,271.00
10/3/2005,30.51,38628.00,274.00
10/4/2005,30.37,38629.00,275.00
10/5/2005,30.16,38630.00,276.00
10/6/2005,29.21,38631.00,277.00
10/7/2005,29.92,38632.00,278.00
10/10/2005,29.34,38635.00,281.00
10/11/2005,29.11,38636.00,282.00
10/13/2005,28.59,38638.00,284.00
10/14/2005,28.12,38639.00,285.00
10/17/2005,27.81,38642.00,288.00
10/18/2005,27.18,38643.00,289.00
10/19/2005,26.84,38644.00,290.00
10/20/2005,25.33,38645.00,291.00
10/21/2005,27.28,38646.00,292.00
10/24/2005,26,38649.00,295.00
10/25/2005,26.32,38650.00,296.00
10/26/2005,25.25,38651.00,297.00
10/27/2005,24.5,38652.00,298.00
10/28/2005,24.74,38653.00,299.00
10/31/2005,25.07,38656.00,302.00
11/2/2005,26.11,38658.00,304.00
11/7/2005,27.08,38663.00,309.00
11/8/2005,27.33,38664.00,310.00
11/9/2005,26.86,38665.00,311.00
11/10/2005,26.89,38666.00,312.00
11/11/2005,27.8,38667.00,313.00
11/14/2005,27.88,38670.00,316.00
11/16/2005,28.18,38672.00,318.00
11/17/2005,28.37,38673.00,319.00
11/18/2005,27.87,38674.00,320.00
11/21/2005,27.52,38677.00,323.00
11/22/2005,27.22,38678.00,324.00
11/23/2005,27.93,38679.00,325.00
11/24/2005,28.02,38680.00,326.00
11/25/2005,27.89,38681.00,327.00
11/28/2005,29.1,38684.00,330.00
11/29/2005,28.61,38685.00,331.00
11/30/2005,28.3,38686.00,332.00
12/1/2005,28.3,38687.00,333.00
12/2/2005,27.97,38688.00,334.00
12/5/2005,27.18,38691.00,337.00
12/6/2005,27.56,38692.00,338.00
12/7/2005,27.33,38693.00,339.00
12/8/2005,27.46,38694.00,340.00
12/9/2005,28.18,38695.00,341.00
12/12/2005,28.43,38698.00,344.00
12/13/2005,28.26,38699.00,345.00
12/14/2005,28.16,38700.00,346.00
12/15/2005,28.21,38701.00,347.00
12/16/2005,28.41,38702.00,348.00
12/19/2005,28.68,38705.00,351.00
12/20/2005,28.56,38706.00,352.00
12/21/2005,28.64,38707.00,353.00
12/22/2005,28.54,38708.00,354.00
12/23/2005,27.69,38709.00,355.00
12/26/2005,26.56,38712.00,358.00
12/27/2005,27.31,38713.00,359.00
12/28/2005,27.03,38714.00,360.00
12/29/2005,27.37,38715.00,361.00
12/30/2005,27.65,38716.00,362.00
1/2/2006,27.53,38719.00,365.00
1/3/2006,28.03,38720.00,366.00
1/4/2006,28.49,38721.00,367.00
1/5/2006,28.37,38722.00,368.00
1/6/2006,28.36,38723.00,369.00
1/9/2006,29.29,38726.00,372.00
1/10/2006,28.96,38727.00,373.00
1/12/2006,28.85,38729.00,375.00
1/13/2006,28.72,38730.00,376.00
1/16/2006,28.56,38733.00,379.00
1/18/2006,28.25,38735.00,381.00
1/19/2006,28.62,38736.00,382.00
1/23/2006,28.6,38740.00,386.00
1/24/2006,28.66,38741.00,387.00
1/25/2006,28.52,38742.00,388.00
1/27/2006,29.05,38744.00,390.00
1/30/2006,29.53,38747.00,393.00
1/31/2006,29.91,38748.00,394.00
2/1/2006,29.52,38749.00,395.00
2/2/2006,30.08,38750.00,396.00
2/3/2006,30.65,38751.00,397.00
2/6/2006,31.12,38754.00,400.00
2/7/2006,31.43,38755.00,401.00
2/8/2006,31.53,38756.00,402.00
2/10/2006,32.05,38758.00,404.00
2/13/2006,32.44,38761.00,407.00
2/14/2006,31.34,38762.00,408.00
2/15/2006,31.01,38763.00,409.00
2/16/2006,31.74,38764.00,410.00
2/17/2006,30.88,38765.00,411.00
2/20/2006,31.09,38768.00,414.00
2/22/2006,32.17,38770.00,416.00
2/23/2006,32.24,38771.00,417.00
2/24/2006,32.85,38772.00,418.00
2/27/2006,33.08,38775.00,421.00
2/28/2006,32.41,38776.00,422.00
3/1/2006,33.3,38777.00,423.00
3/2/2006,33.97,38778.00,424.00
3/3/2006,34.68,38779.00,425.00
3/6/2006,36.67,38782.00,428.00
3/7/2006,36.21,38783.00,429.00
3/8/2006,35.68,38784.00,430.00
3/9/2006,35.81,38785.00,431.00
3/10/2006,36.82,38786.00,432.00
3/13/2006,36.51,38789.00,435.00
3/14/2006,35.83,38790.00,436.00
3/16/2006,36.68,38792.00,438.00
3/17/2006,36.19,38793.00,439.00
3/20/2006,36.04,38796.00,442.00
3/21/2006,35.87,38797.00,443.00
3/22/2006,36.13,38798.00,444.00
3/23/2006,36.1,38799.00,445.00
3/24/2006,37.23,38800.00,446.00
3/27/2006,37.7,38803.00,449.00
3/28/2006,36.97,38804.00,450.00
3/30/2006,36.38,38806.00,452.00
3/31/2006,36.92,38807.00,453.00
4/3/2006,37.08,38810.00,456.00
4/4/2006,37.13,38811.00,457.00
4/5/2006,37.08,38812.00,458.00
4/7/2006,37.12,38814.00,460.00
4/10/2006,37.34,38817.00,463.00
4/13/2006,36.27,38820.00,466.00
4/17/2006,37.65,38824.00,470.00
4/18/2006,37.39,38825.00,471.00
4/19/2006,36.98,38826.00,472.00
4/20/2006,37.12,38827.00,473.00
4/21/2006,36.76,38828.00,474.00
4/24/2006,36.29,38831.00,477.00
4/25/2006,34.74,38832.00,478.00
4/26/2006,35.33,38833.00,479.00
4/27/2006,34.95,38834.00,480.00
5/2/2006,34.8,38839.00,485.00
5/3/2006,35.44,38840.00,486.00
5/4/2006,36.54,38841.00,487.00
5/5/2006,35.78,38842.00,488.00
5/8/2006,35.8,38845.00,491.00
5/9/2006,35.87,38846.00,492.00
5/10/2006,37.12,38847.00,493.00
5/11/2006,36.31,38848.00,494.00
5/12/2006,36.19,38849.00,495.00
5/15/2006,35.86,38852.00,498.00
5/16/2006,35.48,38853.00,499.00
5/17/2006,35.88,38854.00,500.00
5/18/2006,34.58,38855.00,501.00
5/19/2006,33.44,38856.00,502.00
5/22/2006,32.74,38859.00,505.00
5/23/2006,34.86,38860.00,506.00
5/24/2006,33.55,38861.00,507.00
5/25/2006,31.87,38862.00,508.00
5/26/2006,31.56,38863.00,509.00
5/29/2006,32.16,38866.00,512.00
5/30/2006,32.79,38867.00,513.00
6/1/2006,30.49,38869.00,515.00
6/2/2006,30.28,38870.00,516.00
6/5/2006,29.74,38873.00,519.00
6/6/2006,29.79,38874.00,520.00
6/7/2006,29.61,38875.00,521.00
6/8/2006,27.25,38876.00,522.00
6/9/2006,27.78,38877.00,523.00
6/12/2006,27.05,38880.00,526.00
6/13/2006,24.96,38881.00,527.00
6/14/2006,25.87,38882.00,528.00
6/19/2006,27.61,38887.00,533.00
6/20/2006,27.3,38888.00,534.00
6/21/2006,27.36,38889.00,535.00
6/22/2006,28.24,38890.00,536.00
6/23/2006,28.63,38891.00,537.00
6/26/2006,27.12,38894.00,540.00
6/27/2006,28.64,38895.00,541.00
6/28/2006,28.81,38896.00,542.00
6/29/2006,30.02,38897.00,543.00
6/30/2006,30.59,38898.00,544.00
7/3/2006,30.57,38901.00,547.00
7/4/2006,29.69,38902.00,548.00
7/5/2006,30.47,38903.00,549.00
7/6/2006,30.36,38904.00,550.00
7/7/2006,30.01,38905.00,551.00
7/10/2006,30.3,38908.00,554.00
7/11/2006,30.71,38909.00,555.00
7/12/2006,30.32,38910.00,556.00
7/13/2006,31.35,38911.00,557.00
7/14/2006,30.34,38912.00,558.00
7/17/2006,30.57,38915.00,561.00
7/18/2006,30.88,38916.00,562.00
7/19/2006,30.35,38917.00,563.00
7/20/2006,30.67,38918.00,564.00
7/21/2006,29.42,38919.00,565.00
7/24/2006,29.91,38922.00,568.00
7/25/2006,30.54,38923.00,569.00
7/26/2006,31.52,38924.00,570.00
7/27/2006,31.79,38925.00,571.00
7/28/2006,31.47,38926.00,572.00
7/31/2006,31.02,38929.00,575.00
8/1/2006,30.84,38930.00,576.00
8/2/2006,31.61,38931.00,577.00
8/4/2006,31.52,38933.00,579.00
8/7/2006,31.55,38936.00,582.00
8/8/2006,32,38937.00,583.00
8/9/2006,31.75,38938.00,584.00
8/10/2006,31.85,38939.00,585.00
8/11/2006,31.72,38940.00,586.00
8/14/2006,31.82,38943.00,589.00
8/16/2006,32.02,38945.00,591.00
8/17/2006,32.75,38946.00,592.00
8/18/2006,33.26,38947.00,593.00
8/21/2006,33.21,38950.00,596.00
8/22/2006,33.2,38951.00,597.00
8/23/2006,33.19,38952.00,598.00
8/24/2006,33.3,38953.00,599.00
8/25/2006,33.88,38954.00,600.00
8/28/2006,34.43,38957.00,603.00
8/29/2006,34.16,38958.00,604.00
8/30/2006,33.36,38959.00,605.00
8/31/2006,33.46,38960.00,606.00
9/1/2006,34.14,38961.00,607.00
9/4/2006,34.59,38964.00,610.00
9/5/2006,34.13,38965.00,611.00
9/6/2006,34,38966.00,612.00
9/7/2006,34.21,38967.00,613.00
9/8/2006,34.11,38968.00,614.00
9/11/2006,32.19,38971.00,617.00
9/12/2006,31.94,38972.00,618.00
9/13/2006,33.24,38973.00,619.00
9/14/2006,33.79,38974.00,620.00
9/15/2006,33.41,38975.00,621.00
9/18/2006,33,38978.00,624.00
9/19/2006,32.76,38979.00,625.00
9/20/2006,33.03,38980.00,626.00
9/21/2006,33.23,38981.00,627.00
9/22/2006,33.36,38982.00,628.00
9/25/2006,33.42,38985.00,631.00
9/26/2006,33.55,38986.00,632.00
9/27/2006,34.09,38987.00,633.00
9/28/2006,35.2,38988.00,634.00
9/29/2006,36,38989.00,635.00
10/3/2006,35.29,38993.00,639.00
10/4/2006,34.14,38994.00,640.00
10/5/2006,34.03,38995.00,641.00
10/6/2006,34.24,38996.00,642.00
10/9/2006,34.29,38999.00,645.00
10/10/2006,34.06,39000.00,646.00
10/11/2006,34.36,39001.00,647.00
10/12/2006,34.17,39002.00,648.00
10/13/2006,33.91,39003.00,649.00
10/16/2006,34.08,39006.00,652.00
10/17/2006,33.68,39007.00,653.00
10/18/2006,33.81,39008.00,654.00
10/19/2006,33.66,39009.00,655.00
10/20/2006,33.58,39010.00,656.00
10/23/2006,33.73,39013.00,659.00
10/26/2006,33.43,39016.00,662.00
10/27/2006,33.61,39017.00,663.00
10/30/2006,33.86,39020.00,666.00
10/31/2006,34.27,39021.00,667.00
11/1/2006,34.7,39022.00,668.00
11/2/2006,34.92,39023.00,669.00
11/3/2006,35.13,39024.00,670.00
11/6/2006,35.16,39027.00,673.00
11/7/2006,34.74,39028.00,674.00
11/8/2006,34.71,39029.00,675.00
11/9/2006,34.76,39030.00,676.00
11/10/2006,34.85,39031.00,677.00
11/13/2006,34.9,39034.00,680.00
11/14/2006,35.3,39035.00,681.00
11/15/2006,35.37,39036.00,682.00
11/16/2006,35.32,39037.00,683.00
11/17/2006,35.31,39038.00,684.00
11/20/2006,35.09,39041.00,687.00
11/21/2006,35,39042.00,688.00
11/22/2006,35.72,39043.00,689.00
11/23/2006,36.49,39044.00,690.00
11/24/2006,36.59,39045.00,691.00
11/27/2006,37.41,39048.00,694.00
11/28/2006,36.73,39049.00,695.00
11/29/2006,36.84,39050.00,696.00
11/30/2006,36.85,39051.00,697.00
12/1/2006,37.89,39052.00,698.00
12/4/2006,38.61,39055.00,701.00
12/5/2006,37.49,39056.00,702.00
12/6/2006,37.94,39057.00,703.00
12/7/2006,37.71,39058.00,704.00
12/8/2006,37.13,39059.00,705.00
12/11/2006,35.21,39062.00,708.00
12/12/2006,34.2,39063.00,709.00
12/13/2006,34.52,39064.00,710.00
12/14/2006,35.47,39065.00,711.00
12/15/2006,35.43,39066.00,712.00
12/18/2006,37.49,39069.00,715.00
12/19/2006,36.22,39070.00,716.00
12/20/2006,35.27,39071.00,717.00
12/21/2006,34.73,39072.00,718.00
12/22/2006,35.17,39073.00,719.00
12/26/2006,35.43,39077.00,723.00
12/27/2006,35.08,39078.00,724.00
12/28/2006,35.31,39079.00,725.00
12/29/2006,35.53,39080.00,726.00
1/2/2007,35.81,39084.00,730.00
1/3/2007,35.67,39085.00,731.00
1/4/2007,35.48,39086.00,732.00
1/5/2007,35.51,39087.00,733.00
1/8/2007,35.62,39090.00,736.00
1/9/2007,35.51,39091.00,737.00
1/10/2007,35.35,39092.00,738.00
1/11/2007,35.95,39093.00,739.00
1/12/2007,36.71,39094.00,740.00
1/15/2007,36.94,39097.00,743.00
1/16/2007,36.49,39098.00,744.00
1/17/2007,36.87,39099.00,745.00
1/18/2007,36.65,39100.00,746.00
1/19/2007,36.74,39101.00,747.00
1/22/2007,37.37,39104.00,750.00
1/23/2007,38.03,39105.00,751.00
1/24/2007,38.26,39106.00,752.00
1/25/2007,39.01,39107.00,753.00
1/29/2007,38.79,39111.00,757.00
1/31/2007,38.38,39113.00,759.00
2/1/2007,37.63,39114.00,760.00
2/2/2007,38.53,39115.00,761.00
2/5/2007,38.86,39118.00,764.00
2/6/2007,38.77,39119.00,765.00
2/7/2007,38.19,39120.00,766.00
2/8/2007,38.48,39121.00,767.00
2/9/2007,38.05,39122.00,768.00
2/12/2007,38.19,39125.00,771.00
2/13/2007,38.27,39126.00,772.00
2/14/2007,38.75,39127.00,773.00
2/15/2007,38.56,39128.00,774.00
2/19/2007,38.71,39132.00,778.00
2/20/2007,38.62,39133.00,779.00
2/21/2007,38.14,39134.00,780.00
2/22/2007,37.78,39135.00,781.00
2/23/2007,36.43,39136.00,782.00
2/26/2007,36.49,39139.00,785.00
2/27/2007,35.17,39140.00,786.00
2/28/2007,34.41,39141.00,787.00
3/1/2007,34.31,39142.00,788.00
3/2/2007,33.57,39143.00,789.00
3/5/2007,32.24,39146.00,792.00
3/6/2007,31.22,39147.00,793.00
3/7/2007,31.62,39148.00,794.00
3/8/2007,33.13,39149.00,795.00
3/9/2007,32.35,39150.00,796.00
3/12/2007,32.54,39153.00,799.00
3/13/2007,32.83,39154.00,800.00
3/14/2007,32.68,39155.00,801.00
3/15/2007,32.55,39156.00,802.00
3/16/2007,32.25,39157.00,803.00
3/19/2007,32.09,39160.00,806.00
3/20/2007,31.94,39161.00,807.00
3/21/2007,32.14,39162.00,808.00
3/22/2007,32.68,39163.00,809.00
3/23/2007,32.18,39164.00,810.00
3/26/2007,31.92,39167.00,813.00
3/28/2007,32.1,39169.00,815.00
3/29/2007,32.37,39170.00,816.00
3/30/2007,32.29,39171.00,817.00
4/2/2007,31.43,39174.00,820.00
4/3/2007,31.66,39175.00,821.00
4/4/2007,32.01,39176.00,822.00
4/5/2007,31.88,39177.00,823.00
4/9/2007,32.25,39181.00,827.00
4/10/2007,32.49,39182.00,828.00
4/11/2007,33.8,39183.00,829.00
4/12/2007,33.18,39184.00,830.00
4/13/2007,33.84,39185.00,831.00
4/16/2007,35.07,39188.00,834.00
4/17/2007,35.22,39189.00,835.00
4/18/2007,34.13,39190.00,836.00
4/19/2007,33.81,39191.00,837.00
4/20/2007,34.6,39192.00,838.00
4/23/2007,36.01,39195.00,841.00
4/24/2007,36.87,39196.00,842.00
4/25/2007,37.95,39197.00,843.00
4/26/2007,37.91,39198.00,844.00
4/27/2007,37.02,39199.00,845.00
4/30/2007,37.52,39202.00,848.00
5/3/2007,38.61,39205.00,851.00
5/4/2007,38.35,39206.00,852.00
5/7/2007,38.32,39209.00,855.00
5/8/2007,37.59,39210.00,856.00
5/9/2007,37.28,39211.00,857.00
5/10/2007,36.42,39212.00,858.00
5/11/2007,36.25,39213.00,859.00
5/14/2007,37.3,39216.00,862.00
5/15/2007,36.77,39217.00,863.00
5/16/2007,37.3,39218.00,864.00
5/17/2007,37.53,39219.00,865.00
5/18/2007,36.91,39220.00,866.00
5/21/2007,37.89,39223.00,869.00
5/22/2007,38.77,39224.00,870.00
5/23/2007,38.57,39225.00,871.00
5/24/2007,38.2,39226.00,872.00
5/25/2007,38.3,39227.00,873.00
5/28/2007,38.31,39230.00,876.00
5/29/2007,37.99,39231.00,877.00
5/30/2007,37.57,39232.00,878.00
5/31/2007,37.13,39233.00,879.00
6/4/2007,37.99,39237.00,883.00
6/5/2007,38.29,39238.00,884.00
6/6/2007,37.54,39239.00,885.00
6/7/2007,36.84,39240.00,886.00
6/8/2007,36.68,39241.00,887.00
6/11/2007,37.74,39244.00,890.00
6/12/2007,36.92,39245.00,891.00
6/13/2007,36.81,39246.00,892.00
6/14/2007,36.79,39247.00,893.00
6/15/2007,37.57,39248.00,894.00
6/18/2007,37.61,39251.00,897.00
6/19/2007,37.84,39252.00,898.00
6/20/2007,39.5,39253.00,899.00
6/21/2007,40.36,39254.00,900.00
6/22/2007,40.51,39255.00,901.00
6/25/2007,40.35,39258.00,904.00
6/26/2007,40.14,39259.00,905.00
6/27/2007,40.9,39260.00,906.00
6/28/2007,42.54,39261.00,907.00
6/29/2007,42.52,39262.00,908.00
7/2/2007,42.36,39265.00,911.00
7/3/2007,42.41,39266.00,912.00
7/4/2007,41.6,39267.00,913.00
7/5/2007,42.52,39268.00,914.00
7/6/2007,41.82,39269.00,915.00
7/9/2007,42.43,39272.00,918.00
7/10/2007,42.55,39273.00,919.00
7/11/2007,42.56,39274.00,920.00
7/12/2007,44.26,39275.00,921.00
7/13/2007,43.57,39276.00,922.00
7/16/2007,44.01,39279.00,925.00
7/17/2007,42.32,39280.00,926.00
7/18/2007,42.38,39281.00,927.00
7/19/2007,42.4,39282.00,928.00
7/20/2007,42.46,39283.00,929.00
7/23/2007,42.4,39286.00,932.00
7/24/2007,43.5,39287.00,933.00
7/25/2007,43.41,39288.00,934.00
7/26/2007,45.11,39289.00,935.00
7/27/2007,44.53,39290.00,936.00
7/30/2007,45.76,39293.00,939.00
7/31/2007,46.59,39294.00,940.00
8/1/2007,44.39,39295.00,941.00
8/2/2007,44.14,39296.00,942.00
8/3/2007,44.14,39297.00,943.00
8/6/2007,42.49,39300.00,946.00
8/7/2007,43.78,39301.00,947.00
8/8/2007,44.48,39302.00,948.00
8/9/2007,43.66,39303.00,949.00
8/10/2007,43.55,39304.00,950.00
8/13/2007,46.28,39307.00,953.00
8/14/2007,44.9,39308.00,954.00
8/16/2007,44.06,39310.00,956.00
8/17/2007,44.06,39311.00,957.00
8/20/2007,43.74,39314.00,960.00
8/21/2007,43.24,39315.00,961.00
8/22/2007,43.13,39316.00,962.00
8/23/2007,43.3,39317.00,963.00
8/24/2007,42.93,39318.00,964.00
8/27/2007,43.74,39321.00,967.00
8/28/2007,43.11,39322.00,968.00
8/29/2007,43.36,39323.00,969.00
8/30/2007,42.92,39324.00,970.00
8/31/2007,43.37,39325.00,971.00
9/3/2007,43.36,39328.00,974.00
9/4/2007,44.5,39329.00,975.00
9/5/2007,45.01,39330.00,976.00
9/6/2007,46.37,39331.00,977.00
9/7/2007,45.33,39332.00,978.00
9/10/2007,46.15,39335.00,981.00
9/11/2007,46.15,39336.00,982.00
9/12/2007,46.6,39337.00,983.00
9/13/2007,47.55,39338.00,984.00
9/14/2007,47.41,39339.00,985.00
9/17/2007,46.6,39342.00,988.00
9/18/2007,47.47,39343.00,989.00
9/19/2007,48.37,39344.00,990.00
9/20/2007,49.13,39345.00,991.00
9/21/2007,49.76,39346.00,992.00
9/24/2007,52.74,39349.00,995.00
9/25/2007,53,39350.00,996.00
9/26/2007,52.93,39351.00,997.00
9/27/2007,57.06,39352.00,998.00
9/28/2007,53.82,39353.00,999.00
10/1/2007,58.13,39356.00,1002.00
10/3/2007,66.18,39358.00,1004.00
10/4/2007,62.93,39359.00,1005.00
10/5/2007,59.59,39360.00,1006.00
10/8/2007,56.92,39363.00,1009.00
10/9/2007,61.8,39364.00,1010.00
10/10/2007,69.7,39365.00,1011.00
10/11/2007,69.67,39366.00,1012.00
10/12/2007,67.07,39367.00,1013.00
10/15/2007,71.19,39370.00,1016.00
10/16/2007,86.22,39371.00,1017.00
10/17/2007,74.53,39372.00,1018.00
10/18/2007,63.97,39373.00,1019.00
10/19/2007,61.56,39374.00,1020.00
10/22/2007,63.08,39377.00,1023.00
10/23/2007,67.45,39378.00,1024.00
10/24/2007,69.61,39379.00,1025.00
10/25/2007,71.45,39380.00,1026.00
10/26/2007,72.52,39381.00,1027.00
10/29/2007,74.84,39384.00,1030.00
10/30/2007,76.07,39385.00,1031.00
10/31/2007,76.83,39386.00,1032.00
11/1/2007,78.05,39387.00,1033.00
11/2/2007,83.49,39388.00,1034.00
11/5/2007,87.12,39391.00,1037.00
11/6/2007,86.44,39392.00,1038.00
11/7/2007,82.29,39393.00,1039.00
11/8/2007,77.98,39394.00,1040.00
11/9/2007,76,39395.00,1041.00
11/12/2007,77.98,39398.00,1044.00
11/13/2007,80.07,39399.00,1045.00
11/14/2007,83.55,39400.00,1046.00
11/15/2007,79.24,39401.00,1047.00
11/16/2007,79.24,39402.00,1048.00
11/19/2007,80.38,39405.00,1051.00
11/20/2007,77.09,39406.00,1052.00
11/21/2007,73.85,39407.00,1053.00
11/22/2007,72.4,39408.00,1054.00
11/23/2007,72.9,39409.00,1055.00
11/26/2007,74.75,39412.00,1058.00
11/27/2007,71.98,39413.00,1059.00
11/28/2007,70.49,39414.00,1060.00
11/29/2007,71.95,39415.00,1061.00
11/30/2007,75.06,39416.00,1062.00
12/3/2007,79.57,39419.00,1065.00
12/4/2007,82.41,39420.00,1066.00
12/5/2007,82.86,39421.00,1067.00
12/6/2007,82.41,39422.00,1068.00
12/7/2007,84.25,39423.00,1069.00
12/10/2007,84.31,39426.00,1072.00
12/11/2007,83.48,39427.00,1073.00
12/12/2007,86.36,39428.00,1074.00
12/13/2007,83.05,39429.00,1075.00
12/14/2007,82.41,39430.00,1076.00
12/17/2007,82.1,39433.00,1079.00
12/18/2007,79.66,39434.00,1080.00
12/19/2007,80.64,39435.00,1081.00
12/20/2007,82.1,39436.00,1082.00
12/24/2007,84.02,39440.00,1086.00
12/26/2007,85.9,39442.00,1088.00
12/27/2007,86.85,39443.00,1089.00
12/28/2007,88.82,39444.00,1090.00
12/31/2007,93.19,39447.00,1093.00
1/1/2008,98.77,39448.00,1094.00
1/2/2008,97.75,39449.00,1095.00
1/3/2008,102.07,39450.00,1096.00
1/4/2008,103.87,39451.00,1097.00
1/7/2008,101.94,39454.00,1100.00
1/8/2008,99.21,39455.00,1101.00
1/9/2008,99.09,39456.00,1102.00
1/10/2008,95.09,39457.00,1103.00
1/11/2008,93.51,39458.00,1104.00
1/14/2008,98.07,39461.00,1107.00
1/15/2008,97.47,39462.00,1108.00
1/16/2008,92.62,39463.00,1109.00
1/17/2008,93,39464.00,1110.00
1/18/2008,92.24,39465.00,1111.00
1/21/2008,79.24,39468.00,1114.00
1/22/2008,67.83,39469.00,1115.00
1/23/2008,77.02,39470.00,1116.00
1/24/2008,76.07,39471.00,1117.00
1/25/2008,80.78,39472.00,1118.00
1/28/2008,81.15,39475.00,1121.00
1/29/2008,83.05,39476.00,1122.00
1/30/2008,84.38,39477.00,1123.00
1/31/2008,82.73,39478.00,1124.00
2/1/2008,85.52,39479.00,1125.00
2/4/2008,89.08,39482.00,1128.00
2/5/2008,91.99,39483.00,1129.00
2/6/2008,89.96,39484.00,1130.00
2/7/2008,89.07,39485.00,1131.00
2/8/2008,84.63,39486.00,1132.00
2/11/2008,72.9,39489.00,1135.00
2/12/2008,75.12,39490.00,1136.00
2/13/2008,77.41,39491.00,1137.00
2/14/2008,81.65,39492.00,1138.00
2/15/2008,82.29,39493.00,1139.00
2/18/2008,84.12,39496.00,1142.00
2/19/2008,81.97,39497.00,1143.00
2/20/2008,85.46,39498.00,1144.00
2/21/2008,85.63,39499.00,1145.00
2/22/2008,86.22,39500.00,1146.00
2/25/2008,85.71,39503.00,1149.00
2/26/2008,85.71,39504.00,1150.00
2/27/2008,86.53,39505.00,1151.00
2/28/2008,88.31,39506.00,1152.00
2/29/2008,88.12,39507.00,1153.00
3/3/2008,82.41,39510.00,1156.00
3/4/2008,77.98,39511.00,1157.00
3/5/2008,75.92,39512.00,1158.00
3/7/2008,71.89,39514.00,1160.00
3/10/2008,70.36,39517.00,1163.00
3/11/2008,75.76,39518.00,1164.00
3/12/2008,75.48,39519.00,1165.00
3/13/2008,73.35,39520.00,1166.00
3/14/2008,73.35,39521.00,1167.00
3/17/2008,71.32,39524.00,1170.00
3/18/2008,67.07,39525.00,1171.00
3/19/2008,65.61,39526.00,1172.00
3/24/2008,69.86,39531.00,1177.00
3/25/2008,74.11,39532.00,1178.00
3/26/2008,73.35,39533.00,1179.00
3/27/2008,74.36,39534.00,1180.00
3/28/2008,77.91,39535.00,1181.00
3/31/2008,74.61,39538.00,1184.00
4/1/2008,74.81,39539.00,1185.00
4/2/2008,74.8,39540.00,1186.00
4/3/2008,73.04,39541.00,1187.00
4/4/2008,71.34,39542.00,1188.00
4/7/2008,74.81,39545.00,1191.00
4/8/2008,71.44,39546.00,1192.00
4/9/2008,75.31,39547.00,1193.00
4/10/2008,76.01,39548.00,1194.00
4/11/2008,79.24,39549.00,1195.00
4/15/2008,81.3,39553.00,1199.00
4/16/2008,79.88,39554.00,1200.00
4/17/2008,82.73,39555.00,1201.00
4/21/2008,83.55,39559.00,1205.00
4/22/2008,83.38,39560.00,1206.00
4/23/2008,84.31,39561.00,1207.00
4/24/2008,86.22,39562.00,1208.00
4/25/2008,84.31,39563.00,1209.00
4/28/2008,85.79,39566.00,1212.00
4/29/2008,88.24,39567.00,1213.00
4/30/2008,88.69,39568.00,1214.00
5/2/2008,88.63,39570.00,1216.00
5/5/2008,88.37,39573.00,1219.00
5/6/2008,83.76,39574.00,1220.00
5/7/2008,86.87,39575.00,1221.00
5/8/2008,84.64,39576.00,1222.00
5/9/2008,85.58,39577.00,1223.00
5/12/2008,85.65,39580.00,1226.00
5/13/2008,85.33,39581.00,1227.00
5/14/2008,86.28,39582.00,1228.00
5/15/2008,88.94,39583.00,1229.00
5/16/2008,92.18,39584.00,1230.00
5/20/2008,94.71,39588.00,1234.00
5/21/2008,95.4,39589.00,1235.00
5/22/2008,93.76,39590.00,1236.00
5/23/2008,91.13,39591.00,1237.00
5/26/2008,87.99,39594.00,1240.00
5/27/2008,86.47,39595.00,1241.00
5/28/2008,88.12,39596.00,1242.00
5/29/2008,88.75,39597.00,1243.00
5/30/2008,85.62,39598.00,1244.00
6/2/2008,82.41,39601.00,1247.00
6/3/2008,79.37,39602.00,1248.00
6/4/2008,73.15,39603.00,1249.00
6/5/2008,79.5,39604.00,1250.00
6/6/2008,81.15,39605.00,1251.00
6/9/2008,81.91,39608.00,1254.00
6/10/2008,82.41,39609.00,1255.00
6/11/2008,82.6,39610.00,1256.00
6/12/2008,82.43,39611.00,1257.00
6/13/2008,78.8,39612.00,1258.00
6/16/2008,82.98,39615.00,1261.00
6/17/2008,81.91,39616.00,1262.00
6/18/2008,81.15,39617.00,1263.00
6/19/2008,81.27,39618.00,1264.00
6/20/2008,78.93,39619.00,1265.00
6/23/2008,74.49,39622.00,1268.00
6/24/2008,70.3,39623.00,1269.00
6/25/2008,69.54,39624.00,1270.00
6/26/2008,70.88,39625.00,1271.00
6/27/2008,67.13,39626.00,1272.00
6/30/2008,67.7,39629.00,1275.00
7/1/2008,64.66,39630.00,1276.00
7/2/2008,69.45,39631.00,1277.00
7/3/2008,63.61,39632.00,1278.00
7/4/2008,68.97,39633.00,1279.00
7/7/2008,68.78,39636.00,1282.00
7/8/2008,65.11,39637.00,1283.00
7/9/2008,67.61,39638.00,1284.00
7/10/2008,65.93,39639.00,1285.00
7/11/2008,61.87,39640.00,1286.00
7/14/2008,63.3,39643.00,1289.00
7/15/2008,61.49,39644.00,1290.00
7/16/2008,61.37,39645.00,1291.00
7/17/2008,63.58,39646.00,1292.00
7/18/2008,64.24,39647.00,1293.00
7/21/2008,66.25,39650.00,1296.00
7/22/2008,71.32,39651.00,1297.00
7/23/2008,71.35,39652.00,1298.00
7/24/2008,65.95,39653.00,1299.00
7/25/2008,64.47,39654.00,1300.00
7/28/2008,66.74,39657.00,1303.00
7/29/2008,65.93,39658.00,1304.00
7/30/2008,70.37,39659.00,1305.00
7/31/2008,74.35,39660.00,1306.00
8/1/2008,70.8,39661.00,1307.00
8/4/2008,71,39664.00,1310.00
8/5/2008,70.81,39665.00,1311.00
8/6/2008,67.2,39666.00,1312.00
8/7/2008,66.56,39667.00,1313.00
8/8/2008,67.17,39668.00,1314.00
8/11/2008,68.05,39671.00,1317.00
8/12/2008,65.61,39672.00,1318.00
8/13/2008,64.66,39673.00,1319.00
8/14/2008,65.68,39674.00,1320.00
8/18/2008,71.81,39678.00,1324.00
8/19/2008,72.17,39679.00,1325.00
8/20/2008,72.1,39680.00,1326.00
8/21/2008,71.74,39681.00,1327.00
8/22/2008,73.86,39682.00,1328.00
8/25/2008,71.97,39685.00,1331.00
8/26/2008,72.38,39686.00,1332.00
8/27/2008,71.46,39687.00,1333.00
8/28/2008,72.45,39688.00,1334.00
8/29/2008,74.08,39689.00,1335.00
9/1/2008,73.37,39692.00,1338.00
9/2/2008,75.59,39693.00,1339.00
9/4/2008,77.46,39695.00,1341.00
9/5/2008,75.41,39696.00,1342.00
9/8/2008,77.6,39699.00,1345.00
9/9/2008,76.19,39700.00,1346.00
9/10/2008,73.93,39701.00,1347.00
9/11/2008,71.29,39702.00,1348.00
9/12/2008,70.61,39703.00,1349.00
9/15/2008,70.4,39706.00,1352.00
9/16/2008,68.85,39707.00,1353.00
9/17/2008,68.57,39708.00,1354.00
9/18/2008,66.88,39709.00,1355.00
9/19/2008,72.66,39710.00,1356.00
9/22/2008,72.24,39713.00,1359.00
9/23/2008,72.49,39714.00,1360.00
9/24/2008,72.03,39715.00,1361.00
9/25/2008,71.32,39716.00,1362.00
9/26/2008,69.84,39717.00,1363.00
9/29/2008,64.83,39720.00,1366.00
9/30/2008,63.91,39721.00,1367.00
10/1/2008,67.02,39722.00,1368.00
10/3/2008,62.78,39724.00,1370.00
10/6/2008,56.22,39727.00,1373.00
10/7/2008,54.15,39728.00,1374.00
10/8/2008,58.2,39729.00,1375.00
10/10/2008,54.67,39731.00,1377.00
10/13/2008,55.73,39734.00,1380.00
10/14/2008,58.83,39735.00,1381.00
10/15/2008,56.29,39736.00,1382.00
10/16/2008,55.5,39737.00,1383.00
10/17/2008,51.99,39738.00,1384.00
10/20/2008,50.87,39741.00,1387.00
10/21/2008,55.73,39742.00,1388.00
10/22/2008,52.98,39743.00,1389.00
10/23/2008,51.85,39744.00,1390.00
10/24/2008,44.38,39745.00,1391.00
10/27/2008,39.5,39748.00,1394.00
10/28/2008,41.72,39749.00,1395.00
10/29/2008,43.82,39750.00,1396.00
10/31/2008,48.82,39752.00,1398.00
11/3/2008,48.89,39755.00,1401.00
11/4/2008,53.19,39756.00,1402.00
11/5/2008,52.56,39757.00,1403.00
11/6/2008,51.14,39758.00,1404.00
11/7/2008,52.69,39759.00,1405.00
11/10/2008,58.41,39762.00,1408.00
11/11/2008,53.11,39763.00,1409.00
11/12/2008,51.57,39764.00,1410.00
11/14/2008,52.92,39766.00,1412.00
11/17/2008,51,39769.00,1415.00
11/18/2008,48.04,39770.00,1416.00
11/19/2008,47.97,39771.00,1417.00
11/20/2008,44.8,39772.00,1418.00
11/21/2008,45.15,39773.00,1419.00
11/24/2008,46.42,39776.00,1422.00
11/25/2008,45.64,39777.00,1423.00
11/26/2008,46.42,39778.00,1424.00
11/28/2008,46.55,39780.00,1426.00
12/1/2008,45.5,39783.00,1429.00
12/2/2008,45.22,39784.00,1430.00
12/3/2008,45.32,39785.00,1431.00
12/4/2008,48.25,39786.00,1432.00
12/5/2008,47.05,39787.00,1433.00
12/8/2008,48.46,39790.00,1436.00
12/10/2008,51.57,39792.00,1438.00
12/11/2008,51.44,39793.00,1439.00
12/12/2008,53.31,39794.00,1440.00
12/15/2008,51.62,39797.00,1443.00
12/16/2008,52.7,39798.00,1444.00
12/17/2008,49.38,39799.00,1445.00
12/18/2008,51.22,39800.00,1446.00
12/19/2008,51.22,39801.00,1447.00
12/22/2008,52.29,39804.00,1450.00
12/23/2008,51.67,39805.00,1451.00
12/24/2008,51.29,39806.00,1452.00
12/25/2008,51.29,39807.00,1453.00
12/26/2008,51.71,39808.00,1454.00
12/29/2008,51.29,39811.00,1457.00
12/30/2008,52.2,39812.00,1458.00
12/31/2008,52.91,39813.00,1459.00
1/1/2009,55.18,39814.00,1460.00
1/2/2009,54.25,39815.00,1461.00
1/5/2009,58.72,39818.00,1464.00
1/6/2009,57.13,39819.00,1465.00
1/7/2009,55.73,39820.00,1466.00
1/8/2009,55.73,39821.00,1467.00
1/9/2009,53.26,39822.00,1468.00
1/12/2009,51.29,39825.00,1471.00
1/13/2009,52.91,39826.00,1472.00
1/14/2009,54.59,39827.00,1473.00
1/15/2009,52.7,39828.00,1474.00
1/16/2009,54.6,39829.00,1475.00
1/19/2009,53.61,39832.00,1478.00
1/20/2009,54.19,39833.00,1479.00
1/21/2009,49.8,39834.00,1480.00
1/22/2009,50.49,39835.00,1481.00
1/23/2009,50.19,39836.00,1482.00
1/27/2009,52.05,39840.00,1486.00
1/28/2009,52.91,39841.00,1487.00
1/29/2009,53.2,39842.00,1488.00
1/30/2009,53.71,39843.00,1489.00
2/2/2009,53.11,39846.00,1492.00
2/3/2009,53.32,39847.00,1493.00
2/4/2009,52.9,39848.00,1494.00
2/5/2009,52.18,39849.00,1495.00
2/6/2009,53.26,39850.00,1496.00
2/9/2009,54.95,39853.00,1499.00
2/10/2009,56.03,39854.00,1500.00
2/11/2009,57.35,39855.00,1501.00
2/12/2009,56.58,39856.00,1502.00
2/13/2009,55.64,39857.00,1503.00
2/16/2009,55.1,39860.00,1506.00
2/17/2009,52.7,39861.00,1507.00
2/18/2009,53.22,39862.00,1508.00
2/19/2009,53.19,39863.00,1509.00
2/20/2009,52.27,39864.00,1510.00
2/24/2009,52.31,39868.00,1514.00
2/25/2009,52.5,39869.00,1515.00
2/26/2009,51.43,39870.00,1516.00
2/27/2009,51.43,39871.00,1517.00
3/2/2009,50.23,39874.00,1520.00
3/3/2009,46.91,39875.00,1521.00
3/4/2009,48.11,39876.00,1522.00
3/5/2009,45.36,39877.00,1523.00
3/6/2009,45.08,39878.00,1524.00
3/9/2009,43.95,39881.00,1527.00
3/12/2009,42.47,39884.00,1530.00
3/13/2009,47.05,39885.00,1531.00
3/16/2009,47.62,39888.00,1534.00
3/17/2009,47.63,39889.00,1535.00
3/18/2009,46.56,39890.00,1536.00
3/19/2009,46.74,39891.00,1537.00
3/20/2009,47.19,39892.00,1538.00
3/23/2009,49.03,39895.00,1541.00
3/24/2009,48.32,39896.00,1542.00
3/25/2009,52.06,39897.00,1543.00
3/26/2009,54.88,39898.00,1544.00
3/27/2009,55.38,39899.00,1545.00
3/30/2009,54.04,39902.00,1548.00
3/31/2009,54.18,39903.00,1549.00
4/1/2009,56.42,39904.00,1550.00
4/2/2009,59.82,39905.00,1551.00
4/6/2009,60.6,39909.00,1555.00
4/7/2009,60.6,39910.00,1556.00
4/8/2009,63.14,39911.00,1557.00
4/9/2009,62.08,39912.00,1558.00
4/10/2009,62.08,39913.00,1559.00
4/13/2009,63.64,39916.00,1562.00
4/14/2009,63.64,39917.00,1563.00
4/15/2009,63.5,39918.00,1564.00
4/16/2009,60.81,39919.00,1565.00
4/17/2009,61.73,39920.00,1566.00
4/20/2009,60.32,39923.00,1569.00
4/21/2009,62.78,39924.00,1570.00
4/22/2009,59.87,39925.00,1571.00
4/23/2009,60.1,39926.00,1572.00
4/24/2009,62.36,39927.00,1573.00
4/27/2009,60.81,39930.00,1576.00
4/28/2009,59.26,39931.00,1577.00
4/29/2009,63.15,39932.00,1578.00
4/30/2009,63.15,39933.00,1579.00
5/1/2009,63.15,39934.00,1580.00
5/4/2009,63.35,39937.00,1583.00
5/5/2009,63.37,39938.00,1584.00
5/6/2009,64.2,39939.00,1585.00
5/7/2009,64.16,39940.00,1586.00
5/8/2009,63.72,39941.00,1587.00
5/11/2009,63.49,39944.00,1590.00
5/12/2009,63.98,39945.00,1591.00
5/13/2009,62.24,39946.00,1592.00
5/14/2009,62.57,39947.00,1593.00
5/15/2009,64.02,39948.00,1594.00
5/18/2009,73.69,39951.00,1597.00
5/19/2009,74.07,39952.00,1598.00
5/20/2009,75.06,39953.00,1599.00
5/21/2009,73.37,39954.00,1600.00
5/22/2009,74.07,39955.00,1601.00
5/25/2009,75.84,39958.00,1604.00
5/26/2009,75.06,39959.00,1605.00
5/27/2009,77.95,39960.00,1606.00
5/28/2009,77.6,39961.00,1607.00
5/29/2009,75.34,39962.00,1608.00
6/1/2009,77.67,39965.00,1611.00
6/2/2009,74.42,39966.00,1612.00
6/3/2009,74.28,39967.00,1613.00
6/4/2009,73.51,39968.00,1614.00
6/5/2009,76.12,39969.00,1615.00
6/8/2009,76.03,39972.00,1618.00
6/9/2009,80.66,39973.00,1619.00
6/10/2009,85.36,39974.00,1620.00
6/11/2009,84.51,39975.00,1621.00
6/12/2009,83.1,39976.00,1622.00
6/15/2009,81.48,39979.00,1625.00
6/16/2009,82.97,39980.00,1626.00
6/17/2009,82.11,39981.00,1627.00
6/18/2009,82.89,39982.00,1628.00
6/19/2009,82.18,39983.00,1629.00
6/22/2009,77.58,39986.00,1632.00
6/23/2009,79.5,39987.00,1633.00
6/24/2009,79.44,39988.00,1634.00
6/25/2009,80.44,39989.00,1635.00
6/26/2009,81.69,39990.00,1636.00
6/29/2009,81.48,39993.00,1639.00
6/30/2009,81.76,39994.00,1640.00
7/1/2009,81.27,39995.00,1641.00
7/2/2009,82.47,39996.00,1642.00
7/3/2009,83.24,39997.00,1643.00
7/6/2009,78.66,40000.00,1646.00
7/7/2009,76.89,40001.00,1647.00
7/8/2009,76.89,40002.00,1648.00
7/9/2009,77.6,40003.00,1649.00
7/10/2009,74.85,40004.00,1650.00
7/13/2009,74.78,40007.00,1653.00
7/14/2009,84.28,40008.00,1654.00
7/15/2009,88.09,40009.00,1655.00
7/16/2009,86.58,40010.00,1656.00
7/17/2009,91.79,40011.00,1657.00
7/20/2009,91.28,40014.00,1660.00
7/21/2009,88.62,40015.00,1661.00
7/22/2009,88.48,40016.00,1662.00
7/23/2009,91.24,40017.00,1663.00
7/24/2009,93.13,40018.00,1664.00
7/27/2009,98.77,40021.00,1667.00
7/28/2009,100.89,40022.00,1668.00
7/29/2009,103.66,40023.00,1669.00
7/30/2009,101.36,40024.00,1670.00
7/31/2009,105.03,40025.00,1671.00
8/3/2009,107.54,40028.00,1674.00
8/4/2009,102.39,40029.00,1675.00
8/5/2009,104.05,40030.00,1676.00
8/6/2009,101.68,40031.00,1677.00
8/7/2009,97.01,40032.00,1678.00
8/10/2009,98.9,40035.00,1681.00
8/11/2009,100.65,40036.00,1682.00
8/12/2009,99.15,40037.00,1683.00
8/13/2009,102.16,40038.00,1684.00
8/14/2009,101.21,40039.00,1685.00
8/17/2009,97.33,40042.00,1688.00
8/18/2009,97.33,40043.00,1689.00
8/19/2009,97.33,40044.00,1690.00
8/20/2009,97.33,40045.00,1691.00
8/21/2009,97.33,40046.00,1692.00
8/24/2009,103.94,40049.00,1695.00
8/25/2009,103.34,40050.00,1696.00
8/26/2009,105.53,40051.00,1697.00
8/27/2009,107.41,40052.00,1698.00
8/28/2009,105.32,40053.00,1699.00
8/31/2009,102.87,40056.00,1702.00
9/1/2009,101.99,40057.00,1703.00
9/2/2009,101.13,40058.00,1704.00
9/3/2009,99.98,40059.00,1705.00
9/4/2009,102.16,40060.00,1706.00
9/7/2009,104.69,40063.00,1709.00
9/8/2009,101.29,40064.00,1710.00
9/9/2009,102.16,40065.00,1711.00
9/10/2009,101.52,40066.00,1712.00
9/11/2009,100.34,40067.00,1713.00
9/14/2009,101.13,40070.00,1716.00
9/15/2009,101.3,40071.00,1717.00
9/16/2009,103.9,40072.00,1718.00
9/17/2009,103.42,40073.00,1719.00
9/18/2009,104.45,40074.00,1720.00
9/21/2009,104.45,40077.00,1723.00
9/22/2009,104.12,40078.00,1724.00
9/23/2009,103.11,40079.00,1725.00
9/24/2009,104.05,40080.00,1726.00
9/25/2009,101.11,40081.00,1727.00
9/28/2009,101.11,40084.00,1730.00
9/29/2009,103.66,40085.00,1731.00
9/30/2009,103.86,40086.00,1732.00
10/1/2009,102,40087.00,1733.00
10/2/2009,102,40088.00,1734.00
10/5/2009,101.32,40091.00,1737.00
10/6/2009,102.08,40092.00,1738.00
10/7/2009,102.16,40093.00,1739.00
10/8/2009,103.34,40094.00,1740.00
10/9/2009,103.03,40095.00,1741.00
10/12/2009,104.06,40098.00,1744.00
10/13/2009,104.06,40099.00,1745.00
10/14/2009,106.22,40100.00,1746.00
10/15/2009,108.41,40101.00,1747.00
10/16/2009,112.55,40102.00,1748.00
10/19/2009,112.55,40105.00,1751.00
10/20/2009,112.36,40106.00,1752.00
10/21/2009,113.15,40107.00,1753.00
10/22/2009,113.87,40108.00,1754.00
10/23/2009,115.05,40109.00,1755.00
10/26/2009,114.35,40112.00,1758.00
10/27/2009,110.88,40113.00,1759.00
10/28/2009,110.46,40114.00,1760.00
10/29/2009,110.23,40115.00,1761.00
10/30/2009,105.26,40116.00,1762.00
11/2/2009,105.26,40119.00,1765.00
11/3/2009,101.44,40120.00,1766.00
11/4/2009,103.72,40121.00,1767.00
11/5/2009,103.94,40122.00,1768.00
11/6/2009,100.49,40123.00,1769.00
11/9/2009,104.47,40126.00,1772.00
11/10/2009,104.17,40127.00,1773.00
11/11/2009,105.24,40128.00,1774.00
11/12/2009,105.24,40129.00,1775.00
11/13/2009,105.09,40130.00,1776.00
11/16/2009,105.16,40133.00,1779.00
11/17/2009,104.85,40134.00,1780.00
11/18/2009,104.46,40135.00,1781.00
11/19/2009,104.21,40136.00,1782.00
11/20/2009,104.45,40137.00,1783.00
11/23/2009,105.64,40140.00,1786.00
11/24/2009,105.16,40141.00,1787.00
11/25/2009,105.56,40142.00,1788.00
11/26/2009,106.75,40143.00,1789.00
11/27/2009,104.08,40144.00,1790.00
11/30/2009,106.82,40147.00,1793.00
12/1/2009,107.46,40148.00,1794.00
12/2/2009,106.52,40149.00,1795.00
12/3/2009,107.63,40150.00,1796.00
12/4/2009,108.09,40151.00,1797.00
12/7/2009,107.93,40154.00,1800.00
12/8/2009,109.12,40155.00,1801.00
12/9/2009,108.01,40156.00,1802.00
12/10/2009,107.62,40157.00,1803.00
12/11/2009,107.62,40158.00,1804.00
12/14/2009,106.82,40161.00,1807.00
12/15/2009,104.93,40162.00,1808.00
12/16/2009,104.81,40163.00,1809.00
12/17/2009,104.21,40164.00,1810.00
12/18/2009,104.29,40165.00,1811.00
12/21/2009,104.13,40168.00,1814.00
12/22/2009,104.93,40169.00,1815.00
12/23/2009,106.19,40170.00,1816.00
12/24/2009,106.98,40171.00,1817.00
12/25/2009,106.98,40172.00,1818.00
12/28/2009,106.98,40175.00,1821.00
12/29/2009,106.83,40176.00,1822.00
12/30/2009,107.54,40177.00,1823.00
12/31/2009,109.29,40178.00,1824.00
1/1/2010,109.29,40179.00,1825.00
1/4/2010,109.99,40182.00,1828.00
1/5/2010,111.57,40183.00,1829.00
1/6/2010,116.55,40184.00,1830.00
1/7/2010,117.11,40185.00,1831.00
1/8/2010,117.1,40186.00,1832.00
1/11/2010,116.36,40189.00,1835.00
1/12/2010,117.89,40190.00,1836.00
1/13/2010,117.98,40191.00,1837.00
1/14/2010,115.13,40192.00,1838.00
1/15/2010,114.74,40193.00,1839.00
1/18/2010,114.18,40196.00,1842.00
1/19/2010,112.6,40197.00,1843.00
1/20/2010,112.6,40198.00,1844.00
1/21/2010,112.6,40199.00,1845.00
1/22/2010,112.6,40200.00,1846.00
1/25/2010,112.6,40203.00,1849.00
1/26/2010,112.6,40204.00,1850.00
1/27/2010,112.6,40205.00,1851.00
1/28/2010,112.6,40206.00,1852.00
1/29/2010,112.6,40207.00,1853.00
2/1/2010,112.6,40210.00,1856.00
2/2/2010,112.6,40211.00,1857.00
2/3/2010,112.6,40212.00,1858.00
2/4/2010,112.6,40213.00,1859.00
2/5/2010,101.72,40214.00,1860.00
2/8/2010,101.68,40217.00,1863.00
2/9/2010,102.89,40218.00,1864.00
2/10/2010,100.9,40219.00,1865.00
2/11/2010,100.18,40220.00,1866.00
2/15/2010,98.09,40224.00,1870.00
2/16/2010,97.86,40225.00,1871.00
2/17/2010,99.89,40226.00,1872.00
2/18/2010,99.14,40227.00,1873.00
2/19/2010,98.15,40228.00,1874.00
2/22/2010,99.28,40231.00,1877.00
2/23/2010,99.05,40232.00,1878.00
2/24/2010,99.53,40233.00,1879.00
2/25/2010,100.44,40234.00,1880.00
2/26/2010,96,40235.00,1881.00
3/2/2010,100.86,40239.00,1885.00
3/3/2010,105.62,40240.00,1886.00
3/4/2010,105.93,40241.00,1887.00
3/5/2010,105.34,40242.00,1888.00
3/8/2010,106.52,40245.00,1891.00
3/9/2010,105.29,40246.00,1892.00
3/10/2010,106.25,40247.00,1893.00
3/11/2010,105.13,40248.00,1894.00
3/12/2010,107,40249.00,1895.00
3/15/2010,107.52,40252.00,1898.00
3/16/2010,109.57,40253.00,1899.00
3/17/2010,107.84,40254.00,1900.00
3/18/2010,106.33,40255.00,1901.00
3/19/2010,107.56,40256.00,1902.00
3/22/2010,105.73,40259.00,1905.00
3/23/2010,107.3,40260.00,1906.00
3/25/2010,106.9,40262.00,1908.00
3/26/2010,107.97,40263.00,1909.00
3/29/2010,108.19,40266.00,1912.00
3/30/2010,108.65,40267.00,1913.00
3/31/2010,108.7,40268.00,1914.00
4/1/2010,107.22,40269.00,1915.00
4/5/2010,109.53,40273.00,1919.00
4/6/2010,108.39,40274.00,1920.00
4/7/2010,109.26,40275.00,1921.00
4/8/2010,108.51,40276.00,1922.00
4/9/2010,108.16,40277.00,1923.00
4/12/2010,106.43,40280.00,1926.00
4/13/2010,106.11,40281.00,1927.00
4/15/2010,105.62,40283.00,1929.00
4/16/2010,104.85,40284.00,1930.00
4/19/2010,103.98,40287.00,1933.00
4/20/2010,103.87,40288.00,1934.00
4/21/2010,104.81,40289.00,1935.00
4/22/2010,105.95,40290.00,1936.00
4/23/2010,107.79,40291.00,1937.00
4/26/2010,108.29,40294.00,1940.00
4/27/2010,108.41,40295.00,1941.00
4/28/2010,105.44,40296.00,1942.00
4/29/2010,107.67,40297.00,1943.00
4/30/2010,107.45,40298.00,1944.00
5/3/2010,106.1,40301.00,1947.00
5/4/2010,104.37,40302.00,1948.00
5/5/2010,104.47,40303.00,1949.00
5/6/2010,103.09,40304.00,1950.00
5/7/2010,101.52,40305.00,1951.00
5/10/2010,105.72,40308.00,1954.00
5/11/2010,105.36,40309.00,1955.00
5/12/2010,106.87,40310.00,1956.00
5/13/2010,107.01,40311.00,1957.00
5/14/2010,105.65,40312.00,1958.00
5/17/2010,104.43,40315.00,1961.00
5/18/2010,103.07,40316.00,1962.00
5/19/2010,103.03,40317.00,1963.00
5/20/2010,102.03,40318.00,1964.00
5/21/2010,99.67,40319.00,1965.00
5/24/2010,98.47,40322.00,1968.00
5/25/2010,95.27,40323.00,1969.00
5/26/2010,97.17,40324.00,1970.00
5/27/2010,98.61,40325.00,1971.00
5/28/2010,100.54,40326.00,1972.00
5/31/2010,101.71,40329.00,1975.00
6/1/2010,99.34,40330.00,1976.00
6/2/2010,98.21,40331.00,1977.00
6/3/2010,98.49,40332.00,1978.00
6/4/2010,98.02,40333.00,1979.00
6/7/2010,96.7,40336.00,1982.00
6/8/2010,98.39,40337.00,1983.00
6/9/2010,95.9,40338.00,1984.00
6/10/2010,97.29,40339.00,1985.00
6/11/2010,98.14,40340.00,1986.00
6/14/2010,99.19,40343.00,1989.00
6/15/2010,99.77,40344.00,1990.00
6/16/2010,99.41,40345.00,1991.00
6/17/2010,99.79,40346.00,1992.00
6/18/2010,100.49,40347.00,1993.00
6/21/2010,104.12,40350.00,1996.00
6/22/2010,104.58,40351.00,1997.00
6/23/2010,104.53,40352.00,1998.00
6/24/2010,104.37,40353.00,1999.00
6/25/2010,103.65,40354.00,2000.00
6/28/2010,105.53,40357.00,2003.00
6/29/2010,103.1,40358.00,2004.00
6/30/2010,103.53,40359.00,2005.00
7/1/2010,103.65,40360.00,2006.00
7/2/2010,103.7,40361.00,2007.00
7/5/2010,103.6,40364.00,2010.00
7/6/2010,103.99,40365.00,2011.00
7/7/2010,103.26,40366.00,2012.00
7/8/2010,103.37,40367.00,2013.00
7/9/2010,104.13,40368.00,2014.00
7/12/2010,104.17,40371.00,2017.00
7/13/2010,104.89,40372.00,2018.00
7/14/2010,104.98,40373.00,2019.00
7/15/2010,106.19,40374.00,2020.00
7/16/2010,105.63,40375.00,2021.00
7/19/2010,105.41,40378.00,2024.00
7/20/2010,105.12,40379.00,2025.00
7/21/2010,105.68,40380.00,2026.00
7/22/2010,105.23,40381.00,2027.00
7/23/2010,104.75,40382.00,2028.00
7/26/2010,104.9,40385.00,2031.00
7/27/2010,104.89,40386.00,2032.00
7/28/2010,105.87,40387.00,2033.00
7/29/2010,105.19,40388.00,2034.00
7/30/2010,104.53,40389.00,2035.00
8/2/2010,104.91,40392.00,2038.00
8/3/2010,105.12,40393.00,2039.00
8/4/2010,105.53,40394.00,2040.00
8/5/2010,104.95,40395.00,2041.00
8/6/2010,104.72,40396.00,2042.00
8/9/2010,104.93,40399.00,2045.00
8/10/2010,105.23,40400.00,2046.00
8/11/2010,105.59,40401.00,2047.00
8/12/2010,105.23,40402.00,2048.00
8/13/2010,104.99,40403.00,2049.00
8/16/2010,114.41,40406.00,2052.00
8/17/2010,114.07,40407.00,2053.00
8/18/2010,114.31,40408.00,2054.00
8/19/2010,113.24,40409.00,2055.00
8/20/2010,112.21,40410.00,2056.00
8/23/2010,112.17,40413.00,2059.00
8/24/2010,111.31,40414.00,2060.00
8/25/2010,109.21,40415.00,2061.00
8/26/2010,110.6,40416.00,2062.00
8/27/2010,107.69,40417.00,2063.00
8/30/2010,107.07,40420.00,2066.00
8/31/2010,106.35,40421.00,2067.00
9/1/2010,107.79,40422.00,2068.00
9/2/2010,109.68,40423.00,2069.00
9/3/2010,108.8,40424.00,2070.00
9/6/2010,111.54,40427.00,2073.00
9/7/2010,110.5,40428.00,2074.00
9/8/2010,110.84,40429.00,2075.00
9/9/2010,109.61,40430.00,2076.00
9/13/2010,110.93,40434.00,2080.00
9/14/2010,110,40435.00,2081.00
9/15/2010,110.37,40436.00,2082.00
9/16/2010,110.2,40437.00,2083.00
9/17/2010,110.02,40438.00,2084.00
9/20/2010,109.98,40441.00,2087.00
9/21/2010,113.5,40442.00,2088.00
9/22/2010,114.4,40443.00,2089.00
9/23/2010,114.68,40444.00,2090.00
9/24/2010,115.61,40445.00,2091.00
9/27/2010,116.88,40448.00,2094.00
9/28/2010,117.33,40449.00,2095.00
9/29/2010,117.55,40450.00,2096.00
9/30/2010,117.9,40451.00,2097.00
10/1/2010,121.02,40452.00,2098.00
10/4/2010,120.46,40455.00,2101.00
10/5/2010,121.67,40456.00,2102.00
10/6/2010,122.08,40457.00,2103.00
10/7/2010,125.12,40458.00,2104.00
10/8/2010,124.04,40459.00,2105.00
10/11/2010,123.77,40462.00,2108.00
10/12/2010,123.14,40463.00,2109.00
10/13/2010,124.74,40464.00,2110.00
10/14/2010,124.53,40465.00,2111.00
10/15/2010,124.4,40466.00,2112.00
10/18/2010,121.37,40469.00,2115.00
10/19/2010,119.61,40470.00,2116.00
10/20/2010,121.06,40471.00,2117.00
10/21/2010,124.62,40472.00,2118.00
10/22/2010,124.26,40473.00,2119.00
10/25/2010,122.98,40476.00,2122.00
10/26/2010,122.92,40477.00,2123.00
10/27/2010,122.11,40478.00,2124.00
10/28/2010,122.93,40479.00,2125.00
10/29/2010,121.57,40480.00,2126.00
11/1/2010,122.2,40483.00,2129.00
11/2/2010,120.33,40484.00,2130.00
11/3/2010,120.06,40485.00,2131.00
11/4/2010,121.63,40486.00,2132.00
11/5/2010,121.88,40487.00,2133.00
11/8/2010,121.2,40490.00,2136.00
11/9/2010,120.27,40491.00,2137.00
11/10/2010,119.83,40492.00,2138.00
11/11/2010,121.6,40493.00,2139.00
11/12/2010,119.7,40494.00,2140.00
11/15/2010,120.91,40497.00,2143.00
11/16/2010,117.02,40498.00,2144.00
11/18/2010,115.03,40500.00,2146.00
11/19/2010,114.14,40501.00,2147.00
11/22/2010,117.25,40504.00,2150.00
11/23/2010,113.01,40505.00,2151.00
11/24/2010,112.16,40506.00,2152.00
11/25/2010,110.73,40507.00,2153.00
11/26/2010,112.24,40508.00,2154.00
11/29/2010,113.63,40511.00,2157.00
11/30/2010,112.53,40512.00,2158.00
12/1/2010,114.41,40513.00,2159.00
12/2/2010,113.45,40514.00,2160.00
12/3/2010,112.26,40515.00,2161.00
12/6/2010,112.39,40518.00,2164.00
12/7/2010,113.44,40519.00,2165.00
12/8/2010,112.73,40520.00,2166.00
12/9/2010,111.37,40521.00,2167.00
12/10/2010,111.57,40522.00,2168.00
12/13/2010,113.81,40525.00,2171.00
12/14/2010,114.07,40526.00,2172.00
12/15/2010,114.56,40527.00,2173.00
12/16/2010,112.87,40528.00,2174.00
12/20/2010,111.2,40532.00,2178.00
12/21/2010,111.77,40533.00,2179.00
12/22/2010,112.74,40534.00,2180.00
12/23/2010,112.23,40535.00,2181.00
12/24/2010,113.31,40536.00,2182.00
12/27/2010,114.13,40539.00,2185.00
12/28/2010,116.2,40540.00,2186.00
12/29/2010,116.7,40541.00,2187.00
12/30/2010,118.77,40542.00,2188.00
12/31/2010,118.8,40543.00,2189.00
1/3/2011,119.6,40546.00,2192.00
1/4/2011,120.11,40547.00,2193.00
1/5/2011,121.87,40548.00,2194.00
1/6/2011,121.74,40549.00,2195.00
1/7/2011,120.86,40550.00,2196.00
1/10/2011,119.44,40553.00,2199.00
1/11/2011,119.26,40554.00,2200.00
1/12/2011,118.33,40555.00,2201.00
1/13/2011,117.49,40556.00,2202.00
1/14/2011,118.55,40557.00,2203.00
1/17/2011,116.77,40560.00,2206.00
1/18/2011,115.93,40561.00,2207.00
1/19/2011,114.61,40562.00,2208.00
1/20/2011,115.85,40563.00,2209.00
1/21/2011,114.46,40564.00,2210.00
1/24/2011,114.31,40567.00,2213.00
1/25/2011,114.77,40568.00,2214.00
1/27/2011,112.8,40570.00,2216.00
1/28/2011,109.89,40571.00,2217.00
1/31/2011,108.15,40574.00,2220.00
2/1/2011,107.16,40575.00,2221.00
2/2/2011,106.1,40576.00,2222.00
2/3/2011,106.72,40577.00,2223.00
2/4/2011,103.03,40578.00,2224.00
2/7/2011,103.89,40581.00,2227.00
2/8/2011,105.27,40582.00,2228.00
2/9/2011,105.76,40583.00,2229.00
2/10/2011,105.73,40584.00,2230.00
2/11/2011,104.36,40585.00,2231.00
2/14/2011,107.99,40588.00,2234.00
2/15/2011,110.37,40589.00,2235.00
2/16/2011,111.75,40590.00,2236.00
2/17/2011,111.97,40591.00,2237.00
2/18/2011,110.03,40592.00,2238.00
2/21/2011,108.75,40595.00,2241.00
2/22/2011,107.62,40596.00,2242.00
2/23/2011,104.81,40597.00,2243.00
2/24/2011,103.63,40598.00,2244.00
2/25/2011,102.01,40599.00,2245.00
2/28/2011,100.06,40602.00,2248.00
3/1/2011,100.15,40603.00,2249.00
3/3/2011,103.67,40605.00,2251.00
3/4/2011,106.49,40606.00,2252.00
3/7/2011,107.54,40609.00,2255.00
3/8/2011,107.1,40610.00,2256.00
3/9/2011,107.16,40611.00,2257.00
3/10/2011,104.48,40612.00,2258.00
3/11/2011,104.73,40613.00,2259.00
3/14/2011,108.8,40616.00,2262.00
3/15/2011,105.34,40617.00,2263.00
3/16/2011,106.73,40618.00,2264.00
3/17/2011,106.85,40619.00,2265.00
3/18/2011,106.87,40620.00,2266.00
3/21/2011,107.02,40623.00,2269.00
3/22/2011,108.05,40624.00,2270.00
3/23/2011,109.26,40625.00,2271.00
3/24/2011,110.71,40626.00,2272.00
3/25/2011,113.5,40627.00,2273.00
3/28/2011,113.32,40630.00,2276.00
3/29/2011,115.79,40631.00,2277.00
3/30/2011,115.25,40632.00,2278.00
3/31/2011,116.15,40633.00,2279.00
4/1/2011,114.61,40634.00,2280.00
4/4/2011,116.37,40637.00,2283.00
4/5/2011,114.36,40638.00,2284.00
4/6/2011,113.36,40639.00,2285.00
4/7/2011,114.82,40640.00,2286.00
4/8/2011,114.58,40641.00,2287.00
4/11/2011,114.66,40644.00,2290.00
4/13/2011,113.99,40646.00,2292.00
4/15/2011,113.65,40648.00,2294.00
4/18/2011,113.37,40651.00,2297.00
4/19/2011,113.1,40652.00,2298.00
4/20/2011,115.4,40653.00,2299.00
4/21/2011,115.78,40654.00,2300.00
4/25/2011,115.77,40658.00,2304.00
4/26/2011,115.16,40659.00,2305.00
4/27/2011,114.24,40660.00,2306.00
4/28/2011,113.86,40661.00,2307.00
4/29/2011,113.48,40662.00,2308.00
5/2/2011,116.5,40665.00,2311.00
5/3/2011,115.54,40666.00,2312.00
5/4/2011,113.01,40667.00,2313.00
5/5/2011,107.12,40668.00,2314.00
5/6/2011,106.89,40669.00,2315.00
5/9/2011,109.38,40672.00,2318.00
5/10/2011,108.46,40673.00,2319.00
5/11/2011,106.54,40674.00,2320.00
5/12/2011,106.4,40675.00,2321.00
5/13/2011,107.04,40676.00,2322.00
5/16/2011,106.93,40679.00,2325.00
5/17/2011,107.25,40680.00,2326.00
5/18/2011,108.79,40681.00,2327.00
5/19/2011,105.78,40682.00,2328.00
5/20/2011,107.56,40683.00,2329.00
5/23/2011,105.35,40686.00,2332.00
5/24/2011,105.33,40687.00,2333.00
5/25/2011,103.35,40688.00,2334.00
5/26/2011,104.4,40689.00,2335.00
5/27/2011,104.87,40690.00,2336.00
5/30/2011,105.28,40693.00,2339.00
5/31/2011,107.16,40694.00,2340.00
6/1/2011,108.47,40695.00,2341.00
6/2/2011,108.89,40696.00,2342.00
6/3/2011,108.72,40697.00,2343.00
6/6/2011,108.69,40700.00,2346.00
6/7/2011,108.03,40701.00,2347.00
6/8/2011,107.98,40702.00,2348.00
6/9/2011,107.35,40703.00,2349.00
6/10/2011,107.96,40704.00,2350.00
6/13/2011,107.64,40707.00,2353.00
6/14/2011,108.74,40708.00,2354.00
6/15/2011,107.68,40709.00,2355.00
6/16/2011,106.89,40710.00,2356.00
6/17/2011,107.6,40711.00,2357.00
6/20/2011,105.61,40714.00,2360.00
6/21/2011,105.2,40715.00,2361.00
6/22/2011,107.2,40716.00,2362.00
6/23/2011,107.98,40717.00,2363.00
6/24/2011,111.07,40718.00,2364.00
6/27/2011,111.99,40721.00,2367.00
6/28/2011,111.92,40722.00,2368.00
6/29/2011,111.62,40723.00,2369.00
6/30/2011,113.81,40724.00,2370.00
7/1/2011,113.51,40725.00,2371.00
7/4/2011,115.06,40728.00,2374.00
7/5/2011,114.6,40729.00,2375.00
7/6/2011,112.24,40730.00,2376.00
7/7/2011,114.3,40731.00,2377.00
7/8/2011,112.28,40732.00,2378.00
7/11/2011,112.6,40735.00,2381.00
7/12/2011,112.15,40736.00,2382.00
7/13/2011,111.39,40737.00,2383.00
7/14/2011,110.76,40738.00,2384.00
7/15/2011,109.79,40739.00,2385.00
7/18/2011,112.66,40742.00,2388.00
7/19/2011,114.51,40743.00,2389.00
7/20/2011,112.31,40744.00,2390.00
7/21/2011,111.73,40745.00,2391.00
7/22/2011,113.25,40746.00,2392.00
7/25/2011,114.34,40749.00,2395.00
7/26/2011,113.1,40750.00,2396.00
7/27/2011,113.1,40751.00,2397.00
7/28/2011,112.27,40752.00,2398.00
7/29/2011,111.46,40753.00,2399.00
8/1/2011,112.72,40756.00,2402.00
8/2/2011,122.96,40757.00,2403.00
8/3/2011,123.87,40758.00,2404.00
8/4/2011,122.08,40759.00,2405.00
8/5/2011,118.75,40760.00,2406.00
8/8/2011,116.14,40763.00,2409.00
8/9/2011,113.36,40764.00,2410.00
8/10/2011,113.24,40765.00,2411.00
8/11/2011,108.28,40766.00,2412.00
8/12/2011,104.52,40767.00,2413.00
8/16/2011,104,40771.00,2417.00
8/17/2011,103.36,40772.00,2418.00
8/18/2011,100.3,40773.00,2419.00
8/19/2011,101.45,40774.00,2420.00
8/22/2011,105.01,40777.00,2423.00
8/23/2011,104.6,40778.00,2424.00
8/24/2011,99.97,40779.00,2425.00
8/25/2011,100.7,40780.00,2426.00
8/26/2011,97.55,40781.00,2427.00
8/29/2011,100.6,40784.00,2430.00
8/30/2011,100.81,40785.00,2431.00
9/2/2011,98.23,40788.00,2434.00
9/5/2011,97.4,40791.00,2437.00
9/6/2011,96.38,40792.00,2438.00
9/7/2011,100,40793.00,2439.00
9/8/2011,98.89,40794.00,2440.00
9/9/2011,96.48,40795.00,2441.00
9/12/2011,95.8,40798.00,2444.00
9/13/2011,94.35,40799.00,2445.00
9/14/2011,92.38,40800.00,2446.00
9/15/2011,92.24,40801.00,2447.00
9/16/2011,94.84,40802.00,2448.00
9/19/2011,94.94,40805.00,2451.00
9/20/2011,96.07,40806.00,2452.00
9/21/2011,96.17,40807.00,2453.00
9/22/2011,94.23,40808.00,2454.00
9/23/2011,95.39,40809.00,2455.00
9/26/2011,93.3,40812.00,2458.00
9/27/2011,97.39,40813.00,2459.00
9/28/2011,97.1,40814.00,2460.00
9/29/2011,98.26,40815.00,2461.00
9/30/2011,96.14,40816.00,2462.00
10/3/2011,93.16,40819.00,2465.00
10/4/2011,93.16,40820.00,2466.00
10/5/2011,94.55,40821.00,2467.00
10/7/2011,94.65,40823.00,2469.00
10/10/2011,99.75,40826.00,2472.00
10/11/2011,98.89,40827.00,2473.00
10/12/2011,97.44,40828.00,2474.00
10/13/2011,95.13,40829.00,2475.00
10/14/2011,96.43,40830.00,2476.00
10/17/2011,96.29,40833.00,2479.00
10/18/2011,96.53,40834.00,2480.00
10/19/2011,96.43,40835.00,2481.00
10/20/2011,93.83,40836.00,2482.00
10/21/2011,93.64,40837.00,2483.00
10/24/2011,94.79,40840.00,2486.00
10/25/2011,96.29,40841.00,2487.00
10/26/2011,97.25,40842.00,2488.00
10/28/2011,98.16,40844.00,2490.00
10/31/2011,96.72,40847.00,2493.00
11/1/2011,97.3,40848.00,2494.00
11/2/2011,98.26,40849.00,2495.00
11/3/2011,101.49,40850.00,2496.00
11/4/2011,99.46,40851.00,2497.00
11/8/2011,99.27,40855.00,2501.00
11/9/2011,98.55,40856.00,2502.00
11/11/2011,98.31,40858.00,2504.00
11/14/2011,97.59,40861.00,2507.00
11/15/2011,95.13,40862.00,2508.00
11/16/2011,94.46,40863.00,2509.00
11/17/2011,91.52,40864.00,2510.00
11/18/2011,93.54,40865.00,2511.00
11/21/2011,92.48,40868.00,2514.00
11/22/2011,90.41,40869.00,2515.00
11/23/2011,87.67,40870.00,2516.00
11/24/2011,88.63,40871.00,2517.00
11/25/2011,88.87,40872.00,2518.00
11/28/2011,90.46,40875.00,2521.00
11/29/2011,88.63,40876.00,2522.00
11/30/2011,88.34,40877.00,2523.00
12/1/2011,89.5,40878.00,2524.00
12/2/2011,93.98,40879.00,2525.00
12/5/2011,93.78,40882.00,2528.00
12/6/2011,93.78,40883.00,2529.00
12/7/2011,94.22,40884.00,2530.00
12/8/2011,94.55,40885.00,2531.00
12/9/2011,91.66,40886.00,2532.00
12/12/2011,85.17,40889.00,2535.00
12/13/2011,87.14,40890.00,2536.00
12/14/2011,83.53,40891.00,2537.00
12/15/2011,87.33,40892.00,2538.00
12/16/2011,85.45,40893.00,2539.00
12/19/2011,83.24,40896.00,2542.00
12/20/2011,77.99,40897.00,2543.00
12/21/2011,83.67,40898.00,2544.00
12/22/2011,85.79,40899.00,2545.00
12/23/2011,84.78,40900.00,2546.00
12/26/2011,85.12,40903.00,2549.00
12/27/2011,87.19,40904.00,2550.00
12/28/2011,88.58,40905.00,2551.00
12/29/2011,85.21,40906.00,2552.00
12/30/2011,84.01,40907.00,2553.00
1/2/2012,84.88,40910.00,2556.00
1/3/2012,89.21,40911.00,2557.00
1/4/2012,88.49,40912.00,2558.00
1/5/2012,90.22,40913.00,2559.00
1/6/2012,88.39,40914.00,2560.00
1/9/2012,89.88,40917.00,2563.00
1/10/2012,90.51,40918.00,2564.00
1/11/2012,89.26,40919.00,2565.00
1/12/2012,90.8,40920.00,2566.00
1/13/2012,92.58,40921.00,2567.00
1/16/2012,94.02,40924.00,2570.00
1/17/2012,94.17,40925.00,2571.00
1/18/2012,94.22,40926.00,2572.00
1/19/2012,100.04,40927.00,2573.00
1/20/2012,101.1,40928.00,2574.00
1/23/2012,101.1,40931.00,2577.00
1/24/2012,103.65,40932.00,2578.00
1/25/2012,101.53,40933.00,2579.00
1/26/2012,101.53,40934.00,2580.00
1/27/2012,101.15,40935.00,2581.00
1/30/2012,99.22,40938.00,2584.00
1/31/2012,100.04,40939.00,2585.00
2/1/2012,106.06,40940.00,2586.00
2/2/2012,107.07,40941.00,2587.00
2/3/2012,108.51,40942.00,2588.00
2/6/2012,103.41,40945.00,2591.00
2/7/2012,103.17,40946.00,2592.00
2/8/2012,103.99,40947.00,2593.00
2/9/2012,107.31,40948.00,2594.00
2/10/2012,106.69,40949.00,2595.00
2/13/2012,103.99,40952.00,2598.00
2/14/2012,100.33,40953.00,2599.00
2/15/2012,106.25,40954.00,2600.00
2/16/2012,109.72,40955.00,2601.00
2/17/2012,114.24,40956.00,2602.00
2/20/2012,114.24,40959.00,2605.00
2/21/2012,111.21,40960.00,2606.00
2/22/2012,106.73,40961.00,2607.00
2/23/2012,107.46,40962.00,2608.00
2/24/2012,109.57,40963.00,2609.00
2/27/2012,105.48,40966.00,2612.00
2/28/2012,107.98,40967.00,2613.00
2/29/2012,110.63,40968.00,2614.00
3/1/2012,111.88,40969.00,2615.00
3/2/2012,110.44,40970.00,2616.00
3/5/2012,109.28,40973.00,2619.00
3/6/2012,104.37,40974.00,2620.00
3/7/2012,104.9,40975.00,2621.00
3/8/2012,111.88,40976.00,2622.00
3/9/2012,104.61,40977.00,2623.00
3/12/2012,103.65,40980.00,2626.00
3/13/2012,104.09,40981.00,2627.00
3/14/2012,105.77,40982.00,2628.00
3/15/2012,105.58,40983.00,2629.00
3/16/2012,101.63,40984.00,2630.00
3/19/2012,98.79,40987.00,2633.00
3/20/2012,99.9,40988.00,2634.00
3/21/2012,100.28,40989.00,2635.00
3/22/2012,95.42,40990.00,2636.00
3/23/2012,95.9,40991.00,2637.00
3/26/2012,92.05,40994.00,2640.00
3/27/2012,92.58,40995.00,2641.00
3/28/2012,92.15,40996.00,2642.00
3/29/2012,93.64,40997.00,2643.00
3/30/2012,97.2,40998.00,2644.00
4/2/2012,96.33,41001.00,2647.00
4/3/2012,97.78,41002.00,2648.00
4/4/2012,97.01,41003.00,2649.00
4/5/2012,97.01,41004.00,2650.00
4/6/2012,97.01,41005.00,2651.00
4/9/2012,96.53,41008.00,2654.00
4/10/2012,100.62,41009.00,2655.00
4/11/2012,98.6,41010.00,2656.00
4/12/2012,99.46,41011.00,2657.00
4/13/2012,99.37,41012.00,2658.00
4/16/2012,99.17,41015.00,2661.00
4/17/2012,100.23,41016.00,2662.00
4/18/2012,102.69,41017.00,2663.00
4/19/2012,103.51,41018.00,2664.00
4/20/2012,101.15,41019.00,2665.00
4/23/2012,98.07,41022.00,2668.00
4/24/2012,101.05,41023.00,2669.00
4/25/2012,102.02,41024.00,2670.00
4/26/2012,98.45,41025.00,2671.00
4/27/2012,99.85,41026.00,2672.00
4/30/2012,101.68,41029.00,2675.00
5/1/2012,101.97,41030.00,2676.00
5/2/2012,99.22,41031.00,2677.00
5/3/2012,96.96,41032.00,2678.00
5/4/2012,96.33,41033.00,2679.00
5/7/2012,97.97,41036.00,2682.00
5/8/2012,95.56,41037.00,2683.00
5/9/2012,93.98,41038.00,2684.00
5/10/2012,93.78,41039.00,2685.00
5/11/2012,89.45,41040.00,2686.00
5/14/2012,90.51,41043.00,2689.00
5/15/2012,91.33,41044.00,2690.00
5/16/2012,89.02,41045.00,2691.00
5/17/2012,87.57,41046.00,2692.00
5/18/2012,87.52,41047.00,2693.00
5/21/2012,92.1,41050.00,2696.00
5/22/2012,87.04,41051.00,2697.00
5/23/2012,85.36,41052.00,2698.00
5/24/2012,85.98,41053.00,2699.00
5/25/2012,85.89,41054.00,2700.00
5/28/2012,88.97,41057.00,2703.00
5/29/2012,89.74,41058.00,2704.00
5/30/2012,91.13,41059.00,2705.00
5/31/2012,90.03,41060.00,2706.00
6/1/2012,89.64,41061.00,2707.00
6/4/2012,86.56,41064.00,2710.00
6/5/2012,85.79,41065.00,2711.00
6/6/2012,88.2,41066.00,2712.00
6/7/2012,89.83,41067.00,2713.00
6/8/2012,90.8,41068.00,2714.00
6/11/2012,92.48,41071.00,2717.00
6/12/2012,92.48,41072.00,2718.00
6/13/2012,90.75,41073.00,2719.00
6/14/2012,88.68,41074.00,2720.00
6/15/2012,90.12,41075.00,2721.00
6/18/2012,88.73,41078.00,2724.00
6/19/2012,87.48,41079.00,2725.00
6/20/2012,89.11,41080.00,2726.00
6/21/2012,90.85,41081.00,2727.00
6/22/2012,90.99,41082.00,2728.00
6/25/2012,90.56,41085.00,2731.00
6/26/2012,92.19,41086.00,2732.00
6/27/2012,94.22,41087.00,2733.00
6/28/2012,95.23,41088.00,2734.00
6/29/2012,100.81,41089.00,2735.00
7/2/2012,100.52,41092.00,2738.00
7/3/2012,100.28,41093.00,2739.00
7/4/2012,100.81,41094.00,2740.00
7/5/2012,101.68,41095.00,2741.00
7/6/2012,99.8,41096.00,2742.00
7/9/2012,97.59,41099.00,2745.00
7/10/2012,97.63,41100.00,2746.00
7/11/2012,96.33,41101.00,2747.00
7/12/2012,97.1,41102.00,2748.00
7/13/2012,94.94,41103.00,2749.00
7/16/2012,92.87,41106.00,2752.00
7/17/2012,92.15,41107.00,2753.00
7/18/2012,94.89,41108.00,2754.00
7/19/2012,97.06,41109.00,2755.00
7/20/2012,95.85,41110.00,2756.00
7/23/2012,93.98,41113.00,2759.00
7/24/2012,94.56,41114.00,2760.00
7/25/2012,93.88,41115.00,2761.00
7/26/2012,90.76,41116.00,2762.00
7/27/2012,92.37,41117.00,2763.00
7/30/2012,96.02,41120.00,2766.00
7/31/2012,95.83,41121.00,2767.00
8/1/2012,97.39,41122.00,2768.00
8/2/2012,95.58,41123.00,2769.00
8/3/2012,94.9,41124.00,2770.00
8/6/2012,94.8,41127.00,2773.00
8/7/2012,96.36,41128.00,2774.00
8/8/2012,95.73,41129.00,2775.00
8/9/2012,98.07,41130.00,2776.00
8/10/2012,97.54,41131.00,2777.00
8/13/2012,98.36,41134.00,2780.00
8/14/2012,98.27,41135.00,2781.00
8/15/2012,98.27,41136.00,2782.00
8/16/2012,98.75,41137.00,2783.00
8/17/2012,94.85,41138.00,2784.00
8/20/2012,94.85,41141.00,2787.00
8/21/2012,97.34,41142.00,2788.00
8/22/2012,96.12,41143.00,2789.00
8/23/2012,97,41144.00,2790.00
8/24/2012,95.88,41145.00,2791.00
8/27/2012,94.37,41148.00,2794.00
8/28/2012,95.58,41149.00,2795.00
8/29/2012,96.71,41150.00,2796.00
8/30/2012,97.39,41151.00,2797.00
8/31/2012,97.05,41152.00,2798.00
9/3/2012,95.15,41155.00,2801.00
9/4/2012,94.02,41156.00,2802.00
9/5/2012,92.71,41157.00,2803.00
9/6/2012,93,41158.00,2804.00
9/7/2012,93.73,41159.00,2805.00
9/10/2012,93,41162.00,2808.00
9/11/2012,92.76,41163.00,2809.00
9/12/2012,93.19,41164.00,2810.00
9/13/2012,92.95,41165.00,2811.00
9/14/2012,95.19,41166.00,2812.00
9/17/2012,96.8,41169.00,2815.00
9/18/2012,95.73,41170.00,2816.00
9/19/2012,95.73,41171.00,2817.00
9/20/2012,96.22,41172.00,2818.00
9/21/2012,100.12,41173.00,2819.00
9/24/2012,100.71,41176.00,2822.00
9/25/2012,100.51,41177.00,2823.00
9/26/2012,100.27,41178.00,2824.00
9/27/2012,101.97,41179.00,2825.00
9/28/2012,104.31,41180.00,2826.00
10/1/2012,103.44,41183.00,2829.00
10/2/2012,103.44,41184.00,2830.00
10/3/2012,102.41,41185.00,2831.00
10/4/2012,101.88,41186.00,2832.00
10/5/2012,101.44,41187.00,2833.00
10/8/2012,98.8,41190.00,2836.00
10/9/2012,99.88,41191.00,2837.00
10/10/2012,97.63,41192.00,2838.00
10/11/2012,99.34,41193.00,2839.00
10/12/2012,99.97,41194.00,2840.00
10/15/2012,101.1,41197.00,2843.00
10/16/2012,99.19,41198.00,2844.00
10/17/2012,101.39,41199.00,2845.00
10/18/2012,104.36,41200.00,2846.00
10/19/2012,102.41,41201.00,2847.00
10/22/2012,103.68,41204.00,2850.00
10/23/2012,102.8,41205.00,2851.00
10/24/2012,102.8,41206.00,2852.00
10/25/2012,102.41,41207.00,2853.00
10/26/2012,102.41,41208.00,2854.00
10/29/2012,103.92,41211.00,2857.00
10/30/2012,102.8,41212.00,2858.00
10/31/2012,103.44,41213.00,2859.00
11/1/2012,103.58,41214.00,2860.00
11/2/2012,103.88,41215.00,2861.00
11/5/2012,102.9,41218.00,2864.00
11/6/2012,103.83,41219.00,2865.00
11/7/2012,101.24,41220.00,2866.00
11/8/2012,99.24,41221.00,2867.00
11/9/2012,98.61,41222.00,2868.00
11/12/2012,97.1,41225.00,2871.00
11/13/2012,97.1,41226.00,2872.00
11/14/2012,97.1,41227.00,2873.00
11/15/2012,97.78,41228.00,2874.00
11/16/2012,96.66,41229.00,2875.00
11/19/2012,94.46,41232.00,2878.00
11/20/2012,96.02,41233.00,2879.00
11/21/2012,98.12,41234.00,2880.00
11/22/2012,98.56,41235.00,2881.00
11/23/2012,99.63,41236.00,2882.00
11/26/2012,100.66,41239.00,2885.00
11/27/2012,100.9,41240.00,2886.00
11/28/2012,100.9,41241.00,2887.00
11/29/2012,103.44,41242.00,2888.00
11/30/2012,105.14,41243.00,2889.00
12/3/2012,104.85,41246.00,2892.00
12/4/2012,108.9,41247.00,2893.00
12/5/2012,105.09,41248.00,2894.00
12/6/2012,106.07,41249.00,2895.00
12/7/2012,107.09,41250.00,2896.00
12/10/2012,106.31,41253.00,2899.00
12/11/2012,104.8,41254.00,2900.00
12/12/2012,103.88,41255.00,2901.00
12/13/2012,103.19,41256.00,2902.00
12/14/2012,102.12,41257.00,2903.00
12/17/2012,103.58,41260.00,2906.00
12/18/2012,103.68,41261.00,2907.00
12/19/2012,104.51,41262.00,2908.00
12/20/2012,105.19,41263.00,2909.00
12/21/2012,103.34,41264.00,2910.00
12/24/2012,104.51,41267.00,2913.00
12/25/2012,104.51,41268.00,2914.00
12/26/2012,106.22,41269.00,2915.00
12/27/2012,105.92,41270.00,2916.00
12/28/2012,106.56,41271.00,2917.00
12/31/2012,107.63,41274.00,2920.00
1/1/2013,108.65,41275.00,2921.00
1/2/2013,109.24,41276.00,2922.00
1/3/2013,107.44,41277.00,2923.00
1/4/2013,107.48,41278.00,2924.00
1/7/2013,106.12,41281.00,2927.00
1/8/2013,106.8,41282.00,2928.00
1/9/2013,106.51,41283.00,2929.00
1/10/2013,106.07,41284.00,2930.00
1/11/2013,104.17,41285.00,2931.00
1/14/2013,103.73,41288.00,2934.00
1/15/2013,105.39,41289.00,2935.00
1/16/2013,103.48,41290.00,2936.00
1/17/2013,103.92,41291.00,2937.00
1/18/2013,105.48,41292.00,2938.00
1/21/2013,105.87,41295.00,2941.00
1/22/2013,104.75,41296.00,2942.00
1/23/2013,107.29,41297.00,2943.00
1/24/2013,105,41298.00,2944.00
1/25/2013,103.34,41299.00,2945.00
1/28/2013,103.39,41302.00,2948.00
1/29/2013,103.88,41303.00,2949.00
1/30/2013,100.85,41304.00,2950.00
1/31/2013,98.61,41305.00,2951.00
2/1/2013,99.78,41306.00,2952.00
2/4/2013,97.83,41309.00,2955.00
2/5/2013,96.22,41310.00,2956.00
2/6/2013,96.56,41311.00,2957.00
2/7/2013,94.56,41312.00,2958.00
2/8/2013,94.76,41313.00,2959.00
2/11/2013,95.19,41316.00,2962.00
2/12/2013,94.32,41317.00,2963.00
2/13/2013,91.73,41318.00,2964.00
2/14/2013,92.66,41319.00,2965.00
2/15/2013,94.17,41320.00,2966.00
2/18/2013,93.88,41323.00,2969.00
2/19/2013,94.41,41324.00,2970.00
2/20/2013,95,41325.00,2971.00
2/21/2013,94.9,41326.00,2972.00
2/22/2013,94.95,41327.00,2973.00
2/25/2013,95.88,41330.00,2976.00
2/26/2013,94.95,41331.00,2977.00
2/27/2013,95,41332.00,2978.00
2/28/2013,92.07,41333.00,2979.00
3/1/2013,94.95,41334.00,2980.00
3/4/2013,94.85,41337.00,2983.00
3/5/2013,96.32,41338.00,2984.00
3/6/2013,95.73,41339.00,2985.00
3/7/2013,95.49,41340.00,2986.00
3/8/2013,96.36,41341.00,2987.00
3/11/2013,98.66,41344.00,2990.00
3/12/2013,95.63,41345.00,2991.00
3/13/2013,95.58,41346.00,2992.00
3/14/2013,98.22,41347.00,2993.00
3/15/2013,99.19,41348.00,2994.00
3/18/2013,95.88,41351.00,2997.00
3/19/2013,95.58,41352.00,2998.00
3/20/2013,95.97,41353.00,2999.00
3/21/2013,92.32,41354.00,3000.00
3/22/2013,93.44,41355.00,3001.00
3/25/2013,93.29,41358.00,3004.00
3/26/2013,92.56,41359.00,3005.00
3/27/2013,92.56,41360.00,3006.00
3/28/2013,94.12,41361.00,3007.00
3/29/2013,94.12,41362.00,3008.00
4/1/2013,93.49,41365.00,3011.00
4/2/2013,92.95,41366.00,3012.00
4/3/2013,93.59,41367.00,3013.00
4/4/2013,92.66,41368.00,3014.00
4/5/2013,92.8,41369.00,3015.00
4/8/2013,94.22,41372.00,3018.00
4/9/2013,92.41,41373.00,3019.00
4/10/2013,92.71,41374.00,3020.00
4/11/2013,91.44,41375.00,3021.00
4/12/2013,93,41376.00,3022.00
4/15/2013,91.63,41379.00,3025.00
4/16/2013,93.78,41380.00,3026.00
4/17/2013,92.22,41381.00,3027.00
4/18/2013,92.56,41382.00,3028.00
4/19/2013,92.56,41383.00,3029.00
4/22/2013,93.24,41386.00,3032.00
4/23/2013,92.41,41387.00,3033.00
4/24/2013,92.41,41388.00,3034.00
4/25/2013,92.27,41389.00,3035.00
4/26/2013,92.51,41390.00,3036.00
4/29/2013,92.95,41393.00,3039.00
4/30/2013,92.37,41394.00,3040.00
5/1/2013,92.37,41395.00,3041.00
5/2/2013,92.07,41396.00,3042.00
5/3/2013,91.39,41397.00,3043.00
5/6/2013,91.68,41400.00,3046.00
5/7/2013,91.88,41401.00,3047.00
5/8/2013,91.68,41402.00,3048.00
5/9/2013,91.63,41403.00,3049.00
5/10/2013,91.68,41404.00,3050.00
5/13/2013,90.81,41407.00,3053.00
5/14/2013,91.68,41408.00,3054.00
5/15/2013,91.68,41409.00,3055.00
5/16/2013,90.85,41410.00,3056.00
5/17/2013,91.63,41411.00,3057.00
5/20/2013,91.15,41414.00,3060.00
5/21/2013,90.37,41415.00,3061.00
5/22/2013,88.61,41416.00,3062.00
5/23/2013,85.83,41417.00,3063.00
5/24/2013,89.24,41418.00,3064.00
5/27/2013,89.44,41421.00,3067.00
5/28/2013,88.66,41422.00,3068.00
5/29/2013,87.93,41423.00,3069.00
5/30/2013,87.93,41424.00,3070.00
5/31/2013,87.2,41425.00,3071.00
6/3/2013,85.88,41428.00,3074.00
6/4/2013,86.86,41429.00,3075.00
6/5/2013,86.76,41430.00,3076.00
6/6/2013,86.07,41431.00,3077.00
6/7/2013,86.42,41432.00,3078.00
6/10/2013,85.49,41435.00,3081.00
6/11/2013,80.32,41436.00,3082.00
6/12/2013,77.83,41437.00,3083.00
6/13/2013,76.22,41438.00,3084.00
6/14/2013,79,41439.00,3085.00
6/17/2013,80.32,41442.00,3088.00
6/18/2013,81.25,41443.00,3089.00
6/19/2013,80.76,41444.00,3090.00
6/20/2013,78.95,41445.00,3091.00
6/21/2013,79.49,41446.00,3092.00
6/24/2013,80.17,41449.00,3095.00
6/25/2013,78.47,41450.00,3096.00
6/26/2013,78.47,41451.00,3097.00
6/27/2013,79.39,41452.00,3098.00
6/28/2013,84.17,41453.00,3099.00
7/1/2013,86.47,41456.00,3102.00
7/2/2013,84.56,41457.00,3103.00
7/3/2013,80.52,41458.00,3104.00
7/4/2013,83.44,41459.00,3105.00
7/5/2013,83.69,41460.00,3106.00
7/8/2013,82.9,41463.00,3109.00
7/9/2013,83.44,41464.00,3110.00
7/10/2013,84.27,41465.00,3111.00
7/11/2013,86.12,41466.00,3112.00
7/12/2013,87.39,41467.00,3113.00
7/15/2013,86.42,41470.00,3116.00
7/16/2013,87,41471.00,3117.00
7/17/2013,88.76,41472.00,3118.00
7/18/2013,90.81,41473.00,3119.00
7/19/2013,90.22,41474.00,3120.00
7/22/2013,91.24,41477.00,3123.00
7/23/2013,92.17,41478.00,3124.00
7/24/2013,90.12,41479.00,3125.00
7/25/2013,87.44,41480.00,3126.00
7/26/2013,87.88,41481.00,3127.00
7/29/2013,87.14,41484.00,3130.00
7/30/2013,85.37,41485.00,3131.00
7/31/2013,87,41486.00,3132.00
8/1/2013,86.95,41487.00,3133.00
8/2/2013,83.49,41488.00,3134.00
8/5/2013,82.99,41491.00,3137.00
8/6/2013,70.55,41492.00,3138.00
8/7/2013,76.08,41493.00,3139.00
8/8/2013,76.77,41494.00,3140.00
8/9/2013,76.77,41495.00,3141.00
8/12/2013,74.55,41498.00,3144.00
8/13/2013,75.49,41499.00,3145.00
8/14/2013,77.26,41500.00,3146.00
8/15/2013,77.26,41501.00,3147.00
8/16/2013,72.57,41502.00,3148.00
8/19/2013,74.05,41505.00,3151.00
8/20/2013,72.67,41506.00,3152.00
8/21/2013,73.11,41507.00,3153.00
8/22/2013,73.76,41508.00,3154.00
8/23/2013,77.12,41509.00,3155.00
8/26/2013,76.77,41512.00,3158.00
8/27/2013,73.56,41513.00,3159.00
8/28/2013,76.18,41514.00,3160.00
8/29/2013,75.98,41515.00,3161.00
8/30/2013,74.94,41516.00,3162.00
9/2/2013,73.36,41519.00,3165.00
9/3/2013,71.09,41520.00,3166.00
9/4/2013,72.13,41521.00,3167.00
9/5/2013,71.68,41522.00,3168.00
9/6/2013,69.95,41523.00,3169.00
9/9/2013,69.95,41526.00,3172.00
9/10/2013,71.53,41527.00,3173.00
9/11/2013,72.77,41528.00,3174.00
9/12/2013,75.78,41529.00,3175.00
9/13/2013,77.46,41530.00,3176.00
9/16/2013,75.34,41533.00,3179.00
9/17/2013,74.69,41534.00,3180.00
9/18/2013,77.21,41535.00,3181.00
9/19/2013,82.15,41536.00,3182.00
9/20/2013,81.31,41537.00,3183.00
9/23/2013,78.05,41540.00,3186.00
9/24/2013,79.88,41541.00,3187.00
9/25/2013,80.38,41542.00,3188.00
9/26/2013,81.46,41543.00,3189.00
9/27/2013,80.67,41544.00,3190.00
9/30/2013,80.18,41547.00,3193.00
10/1/2013,76.92,41548.00,3194.00
10/2/2013,76.92,41549.00,3195.00
10/3/2013,80.18,41550.00,3196.00
10/4/2013,80.03,41551.00,3197.00
10/7/2013,80.87,41554.00,3200.00
10/8/2013,83.09,41555.00,3201.00
10/9/2013,84.82,41556.00,3202.00
10/10/2013,82.75,41557.00,3203.00
10/11/2013,80.77,41558.00,3204.00
10/14/2013,80.03,41561.00,3207.00
10/15/2013,78.35,41562.00,3208.00
10/16/2013,78.35,41563.00,3209.00
10/17/2013,77.91,41564.00,3210.00
10/18/2013,78.89,41565.00,3211.00
10/21/2013,79.04,41568.00,3214.00
10/22/2013,81.02,41569.00,3215.00
10/23/2013,80.82,41570.00,3216.00
10/24/2013,80.08,41571.00,3217.00
10/25/2013,79.09,41572.00,3218.00
10/28/2013,78.15,41575.00,3221.00
10/29/2013,80.28,41576.00,3222.00
10/30/2013,79.63,41577.00,3223.00
10/31/2013,81.17,41578.00,3224.00
11/1/2013,81.51,41579.00,3225.00
11/4/2013,81.51,41582.00,3228.00
11/5/2013,82.45,41583.00,3229.00
11/6/2013,83.04,41584.00,3230.00
11/7/2013,80.97,41585.00,3231.00
11/8/2013,81.36,41586.00,3232.00
11/11/2013,80.62,41589.00,3235.00
11/12/2013,78.15,41590.00,3236.00
11/13/2013,76.77,41591.00,3237.00
11/14/2013,77.66,41592.00,3238.00
11/15/2013,77.66,41593.00,3239.00
11/18/2013,77.96,41596.00,3242.00
11/19/2013,77.96,41597.00,3243.00
11/20/2013,78.5,41598.00,3244.00
11/21/2013,76.37,41599.00,3245.00
11/22/2013,75.98,41600.00,3246.00
11/25/2013,77.26,41603.00,3249.00
11/26/2013,76.72,41604.00,3250.00
11/27/2013,76.77,41605.00,3251.00
11/28/2013,77.16,41606.00,3252.00
11/29/2013,78.55,41607.00,3253.00
12/2/2013,78.99,41610.00,3256.00
12/3/2013,79.04,41611.00,3257.00
12/4/2013,81.02,41612.00,3258.00
12/5/2013,82.5,41613.00,3259.00
12/6/2013,87.34,41614.00,3260.00
12/9/2013,87.98,41617.00,3263.00
12/10/2013,86.7,41618.00,3264.00
12/11/2013,84.87,41619.00,3265.00
12/12/2013,88.18,41620.00,3266.00
12/13/2013,86.16,41621.00,3267.00
12/16/2013,87.79,41624.00,3270.00
12/17/2013,87,41625.00,3271.00
12/18/2013,90.5,41626.00,3272.00
12/19/2013,88.43,41627.00,3273.00
12/20/2013,89.61,41628.00,3274.00
12/23/2013,87.98,41631.00,3277.00
12/24/2013,85.22,41632.00,3278.00
12/25/2013,85.22,41633.00,3279.00
12/26/2013,88.82,41634.00,3280.00
12/27/2013,88.58,41635.00,3281.00
12/30/2013,87.79,41638.00,3284.00
12/31/2013,90.26,41639.00,3285.00
1/1/2014,89.32,41640.00,3286.00
1/2/2014,86.3,41641.00,3287.00
1/3/2014,83.04,41642.00,3288.00
1/6/2014,80.87,41645.00,3291.00
1/7/2014,78.6,41646.00,3292.00
1/8/2014,80.03,41647.00,3293.00
1/9/2014,80.28,41648.00,3294.00
1/10/2014,79.39,41649.00,3295.00
1/13/2014,77.91,41652.00,3298.00
1/14/2014,77.07,41653.00,3299.00
1/15/2014,77.46,41654.00,3300.00
1/16/2014,77.12,41655.00,3301.00
1/17/2014,77.41,41656.00,3302.00
1/20/2014,76.52,41659.00,3305.00
1/21/2014,75.98,41660.00,3306.00
1/22/2014,75.73,41661.00,3307.00
1/23/2014,75.93,41662.00,3308.00
1/24/2014,74.74,41663.00,3309.00
1/27/2014,71.68,41666.00,3312.00
1/28/2014,72.37,41667.00,3313.00
1/29/2014,72.13,41668.00,3314.00
1/30/2014,71.09,41669.00,3315.00
1/31/2014,73.06,41670.00,3316.00
2/3/2014,71.78,41673.00,3319.00
2/4/2014,71.78,41674.00,3320.00
2/5/2014,72.08,41675.00,3321.00
2/6/2014,74.35,41676.00,3322.00
2/7/2014,74,41677.00,3323.00
2/10/2014,74.65,41680.00,3326.00
2/11/2014,74.99,41681.00,3327.00
2/12/2014,74.2,41682.00,3328.00
2/13/2014,72.22,41683.00,3329.00
2/14/2014,72.97,41684.00,3330.00
2/17/2014,76.52,41687.00,3333.00
2/18/2014,78.5,41688.00,3334.00
2/19/2014,76.47,41689.00,3335.00
2/20/2014,77.41,41690.00,3336.00
2/21/2014,77.86,41691.00,3337.00
2/24/2014,81.86,41694.00,3340.00
2/25/2014,79.98,41695.00,3341.00
2/26/2014,78.5,41696.00,3342.00
2/27/2014,78.5,41697.00,3343.00
2/28/2014,77.86,41698.00,3344.00
3/3/2014,77.31,41701.00,3347.00
3/4/2014,79.09,41702.00,3348.00
3/5/2014,76.52,41703.00,3349.00
3/6/2014,77.46,41704.00,3350.00
3/7/2014,78.5,41705.00,3351.00
3/10/2014,78.2,41708.00,3354.00
3/11/2014,81.22,41709.00,3355.00
3/12/2014,82.3,41710.00,3356.00
3/13/2014,82.11,41711.00,3357.00
3/14/2014,82.35,41712.00,3358.00
3/17/2014,82.35,41715.00,3361.00
3/18/2014,82.9,41716.00,3362.00
3/19/2014,78.45,41717.00,3363.00
3/20/2014,77.07,41718.00,3364.00
3/21/2014,78.89,41719.00,3365.00
3/24/2014,79.49,41722.00,3368.00
3/25/2014,80.57,41723.00,3369.00
3/26/2014,80.87,41724.00,3370.00
3/27/2014,81.76,41725.00,3371.00
3/28/2014,85.51,41726.00,3372.00
3/31/2014,84.13,41729.00,3375.00
4/1/2014,83.24,41730.00,3376.00
4/2/2014,84.13,41731.00,3377.00
4/3/2014,83.39,41732.00,3378.00
4/4/2014,82.35,41733.00,3379.00
4/7/2014,82.01,41736.00,3382.00
4/8/2014,82.01,41737.00,3383.00
4/9/2014,82.94,41738.00,3384.00
4/10/2014,86.25,41739.00,3385.00
4/11/2014,85.22,41740.00,3386.00
4/14/2014,85.22,41743.00,3389.00
4/15/2014,83.64,41744.00,3390.00
4/16/2014,80.67,41745.00,3391.00
4/17/2014,82.94,41746.00,3392.00
4/18/2014,82.94,41747.00,3393.00
4/21/2014,82.6,41750.00,3396.00
4/22/2014,82.8,41751.00,3397.00
4/23/2014,82.65,41752.00,3398.00
4/24/2014,82.65,41753.00,3399.00
4/25/2014,82.06,41754.00,3400.00
4/28/2014,81.96,41757.00,3403.00
4/29/2014,79.93,41758.00,3404.00
4/30/2014,77.16,41759.00,3405.00
5/1/2014,77.16,41760.00,3406.00
5/2/2014,79.19,41761.00,3407.00
5/5/2014,77.81,41764.00,3410.00
5/6/2014,76.57,41765.00,3411.00
5/7/2014,75.83,41766.00,3412.00
5/8/2014,75.39,41767.00,3413.00
5/9/2014,79.63,41768.00,3414.00
5/12/2014,80.62,41771.00,3417.00
5/13/2014,83.59,41772.00,3418.00
5/14/2014,83.74,41773.00,3419.00
5/15/2014,86.55,41774.00,3420.00
5/16/2014,89.81,41775.00,3421.00
5/19/2014,96.53,41778.00,3424.00
5/20/2014,96.38,41779.00,3425.00
5/21/2014,95.2,41780.00,3426.00
5/22/2014,98.26,41781.00,3427.00
5/23/2014,104.53,41782.00,3428.00
5/26/2014,100.14,41785.00,3431.00
5/27/2014,97.47,41786.00,3432.00
5/28/2014,100.98,41787.00,3433.00
5/29/2014,99.84,41788.00,3434.00
5/30/2014,102.56,41789.00,3435.00
6/2/2014,104.78,41792.00,3438.00
6/3/2014,104.48,41793.00,3439.00
6/4/2014,104.63,41794.00,3440.00
6/5/2014,108.73,41795.00,3441.00
6/6/2014,109.87,41796.00,3442.00
6/9/2014,112.34,41799.00,3445.00
6/10/2014,111.2,41800.00,3446.00
6/11/2014,105.72,41801.00,3447.00
6/12/2014,105.62,41802.00,3448.00
6/13/2014,102.41,41803.00,3449.00
6/16/2014,104.39,41806.00,3452.00
6/17/2014,105.42,41807.00,3453.00
6/18/2014,104.04,41808.00,3454.00
6/19/2014,102.71,41809.00,3455.00
6/20/2014,99.94,41810.00,3456.00
6/23/2014,100.48,41813.00,3459.00
6/24/2014,102.26,41814.00,3460.00
6/25/2014,103.64,41815.00,3461.00
6/26/2014,102.26,41816.00,3462.00
6/27/2014,102.56,41817.00,3463.00
6/30/2014,106.51,41820.00,3466.00
7/1/2014,107.1,41821.00,3467.00
7/2/2014,108.04,41822.00,3468.00
7/3/2014,105.52,41823.00,3469.00
7/4/2014,105.87,41824.00,3470.00
7/7/2014,109.77,41827.00,3473.00
7/8/2014,104.68,41828.00,3474.00
7/9/2014,101.62,41829.00,3475.00
7/10/2014,104.63,41830.00,3476.00
7/11/2014,100.73,41831.00,3477.00
7/14/2014,103.55,41834.00,3480.00
7/15/2014,103.3,41835.00,3481.00
7/16/2014,103.69,41836.00,3482.00
7/17/2014,107.25,41837.00,3483.00
7/18/2014,104.58,41838.00,3484.00
7/21/2014,102.61,41841.00,3487.00
7/22/2014,103.15,41842.00,3488.00
7/23/2014,103.25,41843.00,3489.00
7/24/2014,103.4,41844.00,3490.00
7/25/2014,100.65,41845.00,3491.00
7/28/2014,101.25,41848.00,3494.00
7/29/2014,101.25,41849.00,3495.00
7/30/2014,99.6,41850.00,3496.00
7/31/2014,97.75,41851.00,3497.00
8/1/2014,95,41852.00,3498.00
8/4/2014,96.3,41855.00,3501.00
8/5/2014,96.6,41856.00,3502.00
8/6/2014,95.75,41857.00,3503.00
8/7/2014,94.9,41858.00,3504.00
8/8/2014,91.35,41859.00,3505.00
8/11/2014,90.85,41862.00,3508.00
8/12/2014,91.35,41863.00,3509.00
8/13/2014,88.55,41864.00,3510.00
8/14/2014,90.6,41865.00,3511.00
8/15/2014,90.6,41866.00,3512.00
8/18/2014,91.8,41869.00,3515.00
8/19/2014,92.6,41870.00,3516.00
8/20/2014,94.6,41871.00,3517.00
8/21/2014,93.35,41872.00,3518.00
8/22/2014,93.7,41873.00,3519.00
8/25/2014,90.4,41876.00,3522.00
8/26/2014,87.85,41877.00,3523.00
8/27/2014,88.65,41878.00,3524.00
8/28/2014,86.6,41879.00,3525.00
8/29/2014,86.6,41880.00,3526.00
9/1/2014,90.2,41883.00,3529.00
9/2/2014,88.95,41884.00,3530.00
9/3/2014,90,41885.00,3531.00
9/4/2014,89.15,41886.00,3532.00
9/5/2014,88.35,41887.00,3533.00
9/8/2014,87.7,41890.00,3536.00
9/9/2014,88.65,41891.00,3537.00
9/10/2014,89.9,41892.00,3538.00
9/11/2014,90.9,41893.00,3539.00
9/12/2014,89.35,41894.00,3540.00
9/15/2014,89,41897.00,3543.00
9/16/2014,83.55,41898.00,3544.00
9/17/2014,85.5,41899.00,3545.00
9/18/2014,88,41900.00,3546.00
9/19/2014,87.95,41901.00,3547.00
9/22/2014,87.1,41904.00,3550.00
9/23/2014,84.85,41905.00,3551.00
9/24/2014,85.25,41906.00,3552.00
9/25/2014,83.5,41907.00,3553.00
9/26/2014,84.3,41908.00,3554.00
9/29/2014,83.85,41911.00,3557.00
9/30/2014,83.05,41912.00,3558.00
10/1/2014,80.8,41913.00,3559.00
10/2/2014,80.8,41914.00,3560.00
10/3/2014,80.8,41915.00,3561.00
10/6/2014,80.8,41918.00,3564.00
10/7/2014,81.1,41919.00,3565.00
10/8/2014,82.35,41920.00,3566.00
10/9/2014,84.5,41921.00,3567.00
10/10/2014,82.8,41922.00,3568.00
10/13/2014,85.15,41925.00,3571.00
10/14/2014,86.95,41926.00,3572.00
10/15/2014,86.95,41927.00,3573.00
10/16/2014,83.75,41928.00,3574.00
10/17/2014,84.95,41929.00,3575.00
10/20/2014,86.75,41932.00,3578.00
10/21/2014,87.9,41933.00,3579.00
10/22/2014,87.85,41934.00,3580.00
10/23/2014,87.85,41935.00,3581.00
10/24/2014,87.85,41936.00,3582.00
